metric_name,timestamp,metric_value,check,error,error_code,expected_response,group,method,name,proto,scenario,service,status,subproto,tls_version,url,extra_tags,metadata
vus,1780770855,0.000000,,,,,,,,,,,,,,,,
vus_max,1780770855,50.000000,,,,,,,,,,,,,,,,
http_reqs,1780770856,1.000000,,,,true,::setup,GET,ColdStartPing,HTTP/1.1,,,200,,,ColdStartPing,,
http_req_duration,1780770856,1763.372600,,,,true,::setup,GET,ColdStartPing,HTTP/1.1,,,200,,,ColdStartPing,,
http_req_blocked,1780770856,13.219400,,,,true,::setup,GET,ColdStartPing,HTTP/1.1,,,200,,,ColdStartPing,,
http_req_connecting,1780770856,1.042300,,,,true,::setup,GET,ColdStartPing,HTTP/1.1,,,200,,,ColdStartPing,,
http_req_tls_handshaking,1780770856,0.000000,,,,true,::setup,GET,ColdStartPing,HTTP/1.1,,,200,,,ColdStartPing,,
http_req_sending,1780770856,0.000000,,,,true,::setup,GET,ColdStartPing,HTTP/1.1,,,200,,,ColdStartPing,,
http_req_waiting,1780770856,1755.478700,,,,true,::setup,GET,ColdStartPing,HTTP/1.1,,,200,,,ColdStartPing,,
http_req_receiving,1780770856,7.893900,,,,true,::setup,GET,ColdStartPing,HTTP/1.1,,,200,,,ColdStartPing,,
http_req_failed,1780770856,0.000000,,,,true,::setup,GET,ColdStartPing,HTTP/1.1,,,200,,,ColdStartPing,,
data_sent,1780770856,70.000000,,,,,::setup,,,,,,,,,,,
data_received,1780770856,33977.000000,,,,,::setup,,,,,,,,,,,
latency_cold_start,1780770856,1778.000000,,,,,,,,,default,,,,,,,
vus,1780770856,1.000000,,,,,,,,,,,,,,,,
vus_max,1780770856,50.000000,,,,,,,,,,,,,,,,
http_reqs,1780770857,1.000000,,,,true,,GET,LandingPage,HTTP/1.1,default,,200,,,LandingPage,,
http_req_duration,1780770857,667.270200,,,,true,,GET,LandingPage,HTTP/1.1,default,,200,,,LandingPage,,
http_req_blocked,1780770857,2.003600,,,,true,,GET,LandingPage,HTTP/1.1,default,,200,,,LandingPage,,
http_req_connecting,1780770857,2.003600,,,,true,,GET,LandingPage,HTTP/1.1,default,,200,,,LandingPage,,
http_req_tls_handshaking,1780770857,0.000000,,,,true,,GET,LandingPage,HTTP/1.1,default,,200,,,LandingPage,,
http_req_sending,1780770857,0.000000,,,,true,,GET,LandingPage,HTTP/1.1,default,,200,,,LandingPage,,
http_req_waiting,1780770857,665.944000,,,,true,,GET,LandingPage,HTTP/1.1,default,,200,,,LandingPage,,
http_req_receiving,1780770857,1.326200,,,,true,,GET,LandingPage,HTTP/1.1,default,,200,,,LandingPage,,
http_req_failed,1780770857,0.000000,,,,true,,GET,LandingPage,HTTP/1.1,default,,200,,,LandingPage,,
checks,1780770857,1.000000,Home page status is 200,,,,,,,,default,,,,,,,
vus,1780770857,1.000000,,,,,,,,,,,,,,,,
vus_max,1780770857,50.000000,,,,,,,,,,,,,,,,
vus,1780770858,1.000000,,,,,,,,,,,,,,,,
vus_max,1780770858,50.000000,,,,,,,,,,,,,,,,
http_reqs,1780770858,1.000000,,,,true,,GET,PublicCatalog,HTTP/1.1,default,,200,,,PublicCatalog,,
http_req_duration,1780770858,678.696400,,,,true,,GET,PublicCatalog,HTTP/1.1,default,,200,,,PublicCatalog,,
http_req_blocked,1780770858,0.000000,,,,true,,GET,PublicCatalog,HTTP/1.1,default,,200,,,PublicCatalog,,
http_req_connecting,1780770858,0.000000,,,,true,,GET,PublicCatalog,HTTP/1.1,default,,200,,,PublicCatalog,,
http_req_tls_handshaking,1780770858,0.000000,,,,true,,GET,PublicCatalog,HTTP/1.1,default,,200,,,PublicCatalog,,
http_req_sending,1780770858,0.000000,,,,true,,GET,PublicCatalog,HTTP/1.1,default,,200,,,PublicCatalog,,
http_req_waiting,1780770858,676.070400,,,,true,,GET,PublicCatalog,HTTP/1.1,default,,200,,,PublicCatalog,,
http_req_receiving,1780770858,2.626000,,,,true,,GET,PublicCatalog,HTTP/1.1,default,,200,,,PublicCatalog,,
http_req_failed,1780770858,0.000000,,,,true,,GET,PublicCatalog,HTTP/1.1,default,,200,,,PublicCatalog,,
checks,1780770858,1.000000,Catalog page status is 200,,,,,,,,default,,,,,,,
vus,1780770859,1.000000,,,,,,,,,,,,,,,,
vus_max,1780770859,50.000000,,,,,,,,,,,,,,,,
latency_cold_start,1780770859,1778.000000,,,,,,,,,default,,,,,,,
http_reqs,1780770860,1.000000,,,,true,,GET,LandingPage,HTTP/1.1,default,,200,,,LandingPage,,
http_req_duration,1780770860,661.553300,,,,true,,GET,LandingPage,HTTP/1.1,default,,200,,,LandingPage,,
http_req_blocked,1780770860,1.952500,,,,true,,GET,LandingPage,HTTP/1.1,default,,200,,,LandingPage,,
http_req_connecting,1780770860,1.952500,,,,true,,GET,LandingPage,HTTP/1.1,default,,200,,,LandingPage,,
http_req_tls_handshaking,1780770860,0.000000,,,,true,,GET,LandingPage,HTTP/1.1,default,,200,,,LandingPage,,
http_req_sending,1780770860,0.000000,,,,true,,GET,LandingPage,HTTP/1.1,default,,200,,,LandingPage,,
http_req_waiting,1780770860,661.206800,,,,true,,GET,LandingPage,HTTP/1.1,default,,200,,,LandingPage,,
http_req_receiving,1780770860,0.346500,,,,true,,GET,LandingPage,HTTP/1.1,default,,200,,,LandingPage,,
http_req_failed,1780770860,0.000000,,,,true,,GET,LandingPage,HTTP/1.1,default,,200,,,LandingPage,,
checks,1780770860,1.000000,Home page status is 200,,,,,,,,default,,,,,,,
vus,1780770860,2.000000,,,,,,,,,,,,,,,,
vus_max,1780770860,50.000000,,,,,,,,,,,,,,,,
http_reqs,1780770860,1.000000,,,,true,,GET,BookDetailsJoin,HTTP/1.1,default,,200,,,BookDetailsJoin,,
http_req_duration,1780770860,236.925100,,,,true,,GET,BookDetailsJoin,HTTP/1.1,default,,200,,,BookDetailsJoin,,
http_req_blocked,1780770860,0.000000,,,,true,,GET,BookDetailsJoin,HTTP/1.1,default,,200,,,BookDetailsJoin,,
http_req_connecting,1780770860,0.000000,,,,true,,GET,BookDetailsJoin,HTTP/1.1,default,,200,,,BookDetailsJoin,,
http_req_tls_handshaking,1780770860,0.000000,,,,true,,GET,BookDetailsJoin,HTTP/1.1,default,,200,,,BookDetailsJoin,,
http_req_sending,1780770860,0.000000,,,,true,,GET,BookDetailsJoin,HTTP/1.1,default,,200,,,BookDetailsJoin,,
http_req_waiting,1780770860,235.528300,,,,true,,GET,BookDetailsJoin,HTTP/1.1,default,,200,,,BookDetailsJoin,,
http_req_receiving,1780770860,1.396800,,,,true,,GET,BookDetailsJoin,HTTP/1.1,default,,200,,,BookDetailsJoin,,
http_req_failed,1780770860,0.000000,,,,true,,GET,BookDetailsJoin,HTTP/1.1,default,,200,,,BookDetailsJoin,,
checks,1780770860,1.000000,Book details status is 200,,,,,,,,default,,,,,,,
vus,1780770861,2.000000,,,,,,,,,,,,,,,,
vus_max,1780770861,50.000000,,,,,,,,,,,,,,,,
http_reqs,1780770861,1.000000,,,,true,,GET,PublicCatalog,HTTP/1.1,default,,200,,,PublicCatalog,,
http_req_duration,1780770861,370.733200,,,,true,,GET,PublicCatalog,HTTP/1.1,default,,200,,,PublicCatalog,,
http_req_blocked,1780770861,0.000000,,,,true,,GET,PublicCatalog,HTTP/1.1,default,,200,,,PublicCatalog,,
http_req_connecting,1780770861,0.000000,,,,true,,GET,PublicCatalog,HTTP/1.1,default,,200,,,PublicCatalog,,
http_req_tls_handshaking,1780770861,0.000000,,,,true,,GET,PublicCatalog,HTTP/1.1,default,,200,,,PublicCatalog,,
http_req_sending,1780770861,0.000000,,,,true,,GET,PublicCatalog,HTTP/1.1,default,,200,,,PublicCatalog,,
http_req_waiting,1780770861,365.136700,,,,true,,GET,PublicCatalog,HTTP/1.1,default,,200,,,PublicCatalog,,
http_req_receiving,1780770861,5.596500,,,,true,,GET,PublicCatalog,HTTP/1.1,default,,200,,,PublicCatalog,,
http_req_failed,1780770861,0.000000,,,,true,,GET,PublicCatalog,HTTP/1.1,default,,200,,,PublicCatalog,,
checks,1780770861,1.000000,Catalog page status is 200,,,,,,,,default,,,,,,,
vus,1780770862,2.000000,,,,,,,,,,,,,,,,
vus_max,1780770862,50.000000,,,,,,,,,,,,,,,,
latency_cold_start,1780770862,1778.000000,,,,,,,,,default,,,,,,,
http_reqs,1780770863,1.000000,,,,true,,GET,LandingPage,HTTP/1.1,default,,200,,,LandingPage,,
http_req_duration,1780770863,339.711600,,,,true,,GET,LandingPage,HTTP/1.1,default,,200,,,LandingPage,,
http_req_blocked,1780770863,2.422500,,,,true,,GET,LandingPage,HTTP/1.1,default,,200,,,LandingPage,,
http_req_connecting,1780770863,2.422500,,,,true,,GET,LandingPage,HTTP/1.1,default,,200,,,LandingPage,,
http_req_tls_handshaking,1780770863,0.000000,,,,true,,GET,LandingPage,HTTP/1.1,default,,200,,,LandingPage,,
http_req_sending,1780770863,0.000000,,,,true,,GET,LandingPage,HTTP/1.1,default,,200,,,LandingPage,,
http_req_waiting,1780770863,338.282100,,,,true,,GET,LandingPage,HTTP/1.1,default,,200,,,LandingPage,,
http_req_receiving,1780770863,1.429500,,,,true,,GET,LandingPage,HTTP/1.1,default,,200,,,LandingPage,,
http_req_failed,1780770863,0.000000,,,,true,,GET,LandingPage,HTTP/1.1,default,,200,,,LandingPage,,
checks,1780770863,1.000000,Home page status is 200,,,,,,,,default,,,,,,,
vus,1780770863,3.000000,,,,,,,,,,,,,,,,
vus_max,1780770863,50.000000,,,,,,,,,,,,,,,,
http_reqs,1780770863,1.000000,,,,true,,GET,BookDetailsJoin,HTTP/1.1,default,,200,,,BookDetailsJoin,,
http_req_duration,1780770863,143.619900,,,,true,,GET,BookDetailsJoin,HTTP/1.1,default,,200,,,BookDetailsJoin,,
http_req_blocked,1780770863,0.000000,,,,true,,GET,BookDetailsJoin,HTTP/1.1,default,,200,,,BookDetailsJoin,,
http_req_connecting,1780770863,0.000000,,,,true,,GET,BookDetailsJoin,HTTP/1.1,default,,200,,,BookDetailsJoin,,
http_req_tls_handshaking,1780770863,0.000000,,,,true,,GET,BookDetailsJoin,HTTP/1.1,default,,200,,,BookDetailsJoin,,
http_req_sending,1780770863,0.000000,,,,true,,GET,BookDetailsJoin,HTTP/1.1,default,,200,,,BookDetailsJoin,,
http_req_waiting,1780770863,142.359500,,,,true,,GET,BookDetailsJoin,HTTP/1.1,default,,200,,,BookDetailsJoin,,
http_req_receiving,1780770863,1.260400,,,,true,,GET,BookDetailsJoin,HTTP/1.1,default,,200,,,BookDetailsJoin,,
http_req_failed,1780770863,0.000000,,,,true,,GET,BookDetailsJoin,HTTP/1.1,default,,200,,,BookDetailsJoin,,
checks,1780770863,1.000000,Book details status is 200,,,,,,,,default,,,,,,,
data_sent,1780770863,264.000000,,,,,,,,,default,,,,,,,
data_received,1780770863,109537.000000,,,,,,,,,default,,,,,,,
iteration_duration,1780770863,7587.924200,,,,,,,,,default,,,,,,,
iterations,1780770863,1.000000,,,,,,,,,default,,,,,,,
vus,1780770864,3.000000,,,,,,,,,,,,,,,,
vus_max,1780770864,50.000000,,,,,,,,,,,,,,,,
http_reqs,1780770864,1.000000,,,,true,,GET,LandingPage,HTTP/1.1,default,,200,,,LandingPage,,
http_req_duration,1780770864,590.024800,,,,true,,GET,LandingPage,HTTP/1.1,default,,200,,,LandingPage,,
http_req_blocked,1780770864,0.000000,,,,true,,GET,LandingPage,HTTP/1.1,default,,200,,,LandingPage,,
http_req_connecting,1780770864,0.000000,,,,true,,GET,LandingPage,HTTP/1.1,default,,200,,,LandingPage,,
http_req_tls_handshaking,1780770864,0.000000,,,,true,,GET,LandingPage,HTTP/1.1,default,,200,,,LandingPage,,
http_req_sending,1780770864,0.000000,,,,true,,GET,LandingPage,HTTP/1.1,default,,200,,,LandingPage,,
http_req_waiting,1780770864,584.998000,,,,true,,GET,LandingPage,HTTP/1.1,default,,200,,,LandingPage,,
http_req_receiving,1780770864,5.026800,,,,true,,GET,LandingPage,HTTP/1.1,default,,200,,,LandingPage,,
http_req_failed,1780770864,0.000000,,,,true,,GET,LandingPage,HTTP/1.1,default,,200,,,LandingPage,,
checks,1780770864,1.000000,Home page status is 200,,,,,,,,default,,,,,,,
http_reqs,1780770864,1.000000,,,,true,,GET,PublicCatalog,HTTP/1.1,default,,200,,,PublicCatalog,,
http_req_duration,1780770864,666.033300,,,,true,,GET,PublicCatalog,HTTP/1.1,default,,200,,,PublicCatalog,,
http_req_blocked,1780770864,0.000000,,,,true,,GET,PublicCatalog,HTTP/1.1,default,,200,,,PublicCatalog,,
http_req_connecting,1780770864,0.000000,,,,true,,GET,PublicCatalog,HTTP/1.1,default,,200,,,PublicCatalog,,
http_req_tls_handshaking,1780770864,0.000000,,,,true,,GET,PublicCatalog,HTTP/1.1,default,,200,,,PublicCatalog,,
http_req_sending,1780770864,0.000000,,,,true,,GET,PublicCatalog,HTTP/1.1,default,,200,,,PublicCatalog,,
http_req_waiting,1780770864,665.599500,,,,true,,GET,PublicCatalog,HTTP/1.1,default,,200,,,PublicCatalog,,
http_req_receiving,1780770864,0.433800,,,,true,,GET,PublicCatalog,HTTP/1.1,default,,200,,,PublicCatalog,,
http_req_failed,1780770864,0.000000,,,,true,,GET,PublicCatalog,HTTP/1.1,default,,200,,,PublicCatalog,,
checks,1780770864,1.000000,Catalog page status is 200,,,,,,,,default,,,,,,,
vus,1780770865,3.000000,,,,,,,,,,,,,,,,
vus_max,1780770865,50.000000,,,,,,,,,,,,,,,,
latency_cold_start,1780770865,1778.000000,,,,,,,,,default,,,,,,,
http_reqs,1780770866,1.000000,,,,true,,GET,PublicCatalog,HTTP/1.1,default,,200,,,PublicCatalog,,
http_req_duration,1780770866,418.806200,,,,true,,GET,PublicCatalog,HTTP/1.1,default,,200,,,PublicCatalog,,
http_req_blocked,1780770866,0.000000,,,,true,,GET,PublicCatalog,HTTP/1.1,default,,200,,,PublicCatalog,,
http_req_connecting,1780770866,0.000000,,,,true,,GET,PublicCatalog,HTTP/1.1,default,,200,,,PublicCatalog,,
http_req_tls_handshaking,1780770866,0.000000,,,,true,,GET,PublicCatalog,HTTP/1.1,default,,200,,,PublicCatalog,,
http_req_sending,1780770866,0.000000,,,,true,,GET,PublicCatalog,HTTP/1.1,default,,200,,,PublicCatalog,,
http_req_waiting,1780770866,403.789400,,,,true,,GET,PublicCatalog,HTTP/1.1,default,,200,,,PublicCatalog,,
http_req_receiving,1780770866,15.016800,,,,true,,GET,PublicCatalog,HTTP/1.1,default,,200,,,PublicCatalog,,
http_req_failed,1780770866,0.000000,,,,true,,GET,PublicCatalog,HTTP/1.1,default,,200,,,PublicCatalog,,
checks,1780770866,1.000000,Catalog page status is 200,,,,,,,,default,,,,,,,
http_reqs,1780770866,1.000000,,,,true,,GET,LandingPage,HTTP/1.1,default,,200,,,LandingPage,,
http_req_duration,1780770866,483.615700,,,,true,,GET,LandingPage,HTTP/1.1,default,,200,,,LandingPage,,
http_req_blocked,1780770866,1.241700,,,,true,,GET,LandingPage,HTTP/1.1,default,,200,,,LandingPage,,
http_req_connecting,1780770866,1.241700,,,,true,,GET,LandingPage,HTTP/1.1,default,,200,,,LandingPage,,
http_req_tls_handshaking,1780770866,0.000000,,,,true,,GET,LandingPage,HTTP/1.1,default,,200,,,LandingPage,,
http_req_sending,1780770866,0.000000,,,,true,,GET,LandingPage,HTTP/1.1,default,,200,,,LandingPage,,
http_req_waiting,1780770866,480.753900,,,,true,,GET,LandingPage,HTTP/1.1,default,,200,,,LandingPage,,
http_req_receiving,1780770866,2.861800,,,,true,,GET,LandingPage,HTTP/1.1,default,,200,,,LandingPage,,
http_req_failed,1780770866,0.000000,,,,true,,GET,LandingPage,HTTP/1.1,default,,200,,,LandingPage,,
checks,1780770866,1.000000,Home page status is 200,,,,,,,,default,,,,,,,
vus,1780770866,4.000000,,,,,,,,,,,,,,,,
vus_max,1780770866,50.000000,,,,,,,,,,,,,,,,
data_sent,1780770866,264.000000,,,,,,,,,default,,,,,,,
data_received,1780770866,111074.000000,,,,,,,,,default,,,,,,,
iteration_duration,1780770866,7180.044500,,,,,,,,,default,,,,,,,
iterations,1780770866,1.000000,,,,,,,,,default,,,,,,,
http_reqs,1780770867,1.000000,,,,true,,GET,BookDetailsJoin,HTTP/1.1,default,,200,,,BookDetailsJoin,,
http_req_duration,1780770867,368.960300,,,,true,,GET,BookDetailsJoin,HTTP/1.1,default,,200,,,BookDetailsJoin,,
http_req_blocked,1780770867,0.000000,,,,true,,GET,BookDetailsJoin,HTTP/1.1,default,,200,,,BookDetailsJoin,,
http_req_connecting,1780770867,0.000000,,,,true,,GET,BookDetailsJoin,HTTP/1.1,default,,200,,,BookDetailsJoin,,
http_req_tls_handshaking,1780770867,0.000000,,,,true,,GET,BookDetailsJoin,HTTP/1.1,default,,200,,,BookDetailsJoin,,
http_req_sending,1780770867,0.000000,,,,true,,GET,BookDetailsJoin,HTTP/1.1,default,,200,,,BookDetailsJoin,,
http_req_waiting,1780770867,368.433000,,,,true,,GET,BookDetailsJoin,HTTP/1.1,default,,200,,,BookDetailsJoin,,
http_req_receiving,1780770867,0.527300,,,,true,,GET,BookDetailsJoin,HTTP/1.1,default,,200,,,BookDetailsJoin,,
http_req_failed,1780770867,0.000000,,,,true,,GET,BookDetailsJoin,HTTP/1.1,default,,200,,,BookDetailsJoin,,
checks,1780770867,1.000000,Book details status is 200,,,,,,,,default,,,,,,,
vus,1780770867,4.000000,,,,,,,,,,,,,,,,
vus_max,1780770867,50.000000,,,,,,,,,,,,,,,,
http_reqs,1780770867,1.000000,,,,true,,GET,LandingPage,HTTP/1.1,default,,200,,,LandingPage,,
http_req_duration,1780770867,818.999100,,,,true,,GET,LandingPage,HTTP/1.1,default,,200,,,LandingPage,,
http_req_blocked,1780770867,0.000000,,,,true,,GET,LandingPage,HTTP/1.1,default,,200,,,LandingPage,,
http_req_connecting,1780770867,0.000000,,,,true,,GET,LandingPage,HTTP/1.1,default,,200,,,LandingPage,,
http_req_tls_handshaking,1780770867,0.000000,,,,true,,GET,LandingPage,HTTP/1.1,default,,200,,,LandingPage,,
http_req_sending,1780770867,0.000000,,,,true,,GET,LandingPage,HTTP/1.1,default,,200,,,LandingPage,,
http_req_waiting,1780770867,817.739600,,,,true,,GET,LandingPage,HTTP/1.1,default,,200,,,LandingPage,,
http_req_receiving,1780770867,1.259500,,,,true,,GET,LandingPage,HTTP/1.1,default,,200,,,LandingPage,,
http_req_failed,1780770867,0.000000,,,,true,,GET,LandingPage,HTTP/1.1,default,,200,,,LandingPage,,
checks,1780770867,1.000000,Home page status is 200,,,,,,,,default,,,,,,,
http_reqs,1780770868,1.000000,,,,true,,GET,PublicCatalog,HTTP/1.1,default,,200,,,PublicCatalog,,
http_req_duration,1780770868,693.518300,,,,true,,GET,PublicCatalog,HTTP/1.1,default,,200,,,PublicCatalog,,
http_req_blocked,1780770868,0.000000,,,,true,,GET,PublicCatalog,HTTP/1.1,default,,200,,,PublicCatalog,,
http_req_connecting,1780770868,0.000000,,,,true,,GET,PublicCatalog,HTTP/1.1,default,,200,,,PublicCatalog,,
http_req_tls_handshaking,1780770868,0.000000,,,,true,,GET,PublicCatalog,HTTP/1.1,default,,200,,,PublicCatalog,,
http_req_sending,1780770868,0.000000,,,,true,,GET,PublicCatalog,HTTP/1.1,default,,200,,,PublicCatalog,,
http_req_waiting,1780770868,692.660800,,,,true,,GET,PublicCatalog,HTTP/1.1,default,,200,,,PublicCatalog,,
http_req_receiving,1780770868,0.857500,,,,true,,GET,PublicCatalog,HTTP/1.1,default,,200,,,PublicCatalog,,
http_req_failed,1780770868,0.000000,,,,true,,GET,PublicCatalog,HTTP/1.1,default,,200,,,PublicCatalog,,
checks,1780770868,1.000000,Catalog page status is 200,,,,,,,,default,,,,,,,
http_reqs,1780770868,1.000000,,,,true,,GET,BookDetailsJoin,HTTP/1.1,default,,200,,,BookDetailsJoin,,
http_req_duration,1780770868,158.905100,,,,true,,GET,BookDetailsJoin,HTTP/1.1,default,,200,,,BookDetailsJoin,,
http_req_blocked,1780770868,0.000000,,,,true,,GET,BookDetailsJoin,HTTP/1.1,default,,200,,,BookDetailsJoin,,
http_req_connecting,1780770868,0.000000,,,,true,,GET,BookDetailsJoin,HTTP/1.1,default,,200,,,BookDetailsJoin,,
http_req_tls_handshaking,1780770868,0.000000,,,,true,,GET,BookDetailsJoin,HTTP/1.1,default,,200,,,BookDetailsJoin,,
http_req_sending,1780770868,0.000000,,,,true,,GET,BookDetailsJoin,HTTP/1.1,default,,200,,,BookDetailsJoin,,
http_req_waiting,1780770868,155.208600,,,,true,,GET,BookDetailsJoin,HTTP/1.1,default,,200,,,BookDetailsJoin,,
http_req_receiving,1780770868,3.696500,,,,true,,GET,BookDetailsJoin,HTTP/1.1,default,,200,,,BookDetailsJoin,,
http_req_failed,1780770868,0.000000,,,,true,,GET,BookDetailsJoin,HTTP/1.1,default,,200,,,BookDetailsJoin,,
checks,1780770868,1.000000,Book details status is 200,,,,,,,,default,,,,,,,
vus,1780770868,4.000000,,,,,,,,,,,,,,,,
vus_max,1780770868,50.000000,,,,,,,,,,,,,,,,
latency_cold_start,1780770869,1778.000000,,,,,,,,,default,,,,,,,
http_reqs,1780770869,1.000000,,,,true,,GET,PublicCatalog,HTTP/1.1,default,,200,,,PublicCatalog,,
http_req_duration,1780770869,503.050400,,,,true,,GET,PublicCatalog,HTTP/1.1,default,,200,,,PublicCatalog,,
http_req_blocked,1780770869,0.000000,,,,true,,GET,PublicCatalog,HTTP/1.1,default,,200,,,PublicCatalog,,
http_req_connecting,1780770869,0.000000,,,,true,,GET,PublicCatalog,HTTP/1.1,default,,200,,,PublicCatalog,,
http_req_tls_handshaking,1780770869,0.000000,,,,true,,GET,PublicCatalog,HTTP/1.1,default,,200,,,PublicCatalog,,
http_req_sending,1780770869,0.000000,,,,true,,GET,PublicCatalog,HTTP/1.1,default,,200,,,PublicCatalog,,
http_req_waiting,1780770869,498.334300,,,,true,,GET,PublicCatalog,HTTP/1.1,default,,200,,,PublicCatalog,,
http_req_receiving,1780770869,4.716100,,,,true,,GET,PublicCatalog,HTTP/1.1,default,,200,,,PublicCatalog,,
http_req_failed,1780770869,0.000000,,,,true,,GET,PublicCatalog,HTTP/1.1,default,,200,,,PublicCatalog,,
checks,1780770869,1.000000,Catalog page status is 200,,,,,,,,default,,,,,,,
vus,1780770869,5.000000,,,,,,,,,,,,,,,,
vus_max,1780770869,50.000000,,,,,,,,,,,,,,,,
http_reqs,1780770869,1.000000,,,,true,,GET,LandingPage,HTTP/1.1,default,,200,,,LandingPage,,
http_req_duration,1780770869,560.349700,,,,true,,GET,LandingPage,HTTP/1.1,default,,200,,,LandingPage,,
http_req_blocked,1780770869,1.746300,,,,true,,GET,LandingPage,HTTP/1.1,default,,200,,,LandingPage,,
http_req_connecting,1780770869,1.056200,,,,true,,GET,LandingPage,HTTP/1.1,default,,200,,,LandingPage,,
http_req_tls_handshaking,1780770869,0.000000,,,,true,,GET,LandingPage,HTTP/1.1,default,,200,,,LandingPage,,
http_req_sending,1780770869,0.000000,,,,true,,GET,LandingPage,HTTP/1.1,default,,200,,,LandingPage,,
http_req_waiting,1780770869,552.750700,,,,true,,GET,LandingPage,HTTP/1.1,default,,200,,,LandingPage,,
http_req_receiving,1780770869,7.599000,,,,true,,GET,LandingPage,HTTP/1.1,default,,200,,,LandingPage,,
http_req_failed,1780770869,0.000000,,,,true,,GET,LandingPage,HTTP/1.1,default,,200,,,LandingPage,,
checks,1780770869,1.000000,Home page status is 200,,,,,,,,default,,,,,,,
data_sent,1780770870,264.000000,,,,,,,,,default,,,,,,,
data_received,1780770870,110593.000000,,,,,,,,,default,,,,,,,
iteration_duration,1780770870,7379.000200,,,,,,,,,default,,,,,,,
iterations,1780770870,1.000000,,,,,,,,,default,,,,,,,
http_reqs,1780770870,1.000000,,,,true,,GET,BookDetailsJoin,HTTP/1.1,default,,200,,,BookDetailsJoin,,
http_req_duration,1780770870,162.040500,,,,true,,GET,BookDetailsJoin,HTTP/1.1,default,,200,,,BookDetailsJoin,,
http_req_blocked,1780770870,0.000000,,,,true,,GET,BookDetailsJoin,HTTP/1.1,default,,200,,,BookDetailsJoin,,
http_req_connecting,1780770870,0.000000,,,,true,,GET,BookDetailsJoin,HTTP/1.1,default,,200,,,BookDetailsJoin,,
http_req_tls_handshaking,1780770870,0.000000,,,,true,,GET,BookDetailsJoin,HTTP/1.1,default,,200,,,BookDetailsJoin,,
http_req_sending,1780770870,0.758100,,,,true,,GET,BookDetailsJoin,HTTP/1.1,default,,200,,,BookDetailsJoin,,
http_req_waiting,1780770870,159.881500,,,,true,,GET,BookDetailsJoin,HTTP/1.1,default,,200,,,BookDetailsJoin,,
http_req_receiving,1780770870,1.400900,,,,true,,GET,BookDetailsJoin,HTTP/1.1,default,,200,,,BookDetailsJoin,,
http_req_failed,1780770870,0.000000,,,,true,,GET,BookDetailsJoin,HTTP/1.1,default,,200,,,BookDetailsJoin,,
checks,1780770870,1.000000,Book details status is 200,,,,,,,,default,,,,,,,
vus,1780770870,5.000000,,,,,,,,,,,,,,,,
vus_max,1780770870,50.000000,,,,,,,,,,,,,,,,
http_reqs,1780770870,1.000000,,,,true,,GET,LandingPage,HTTP/1.1,default,,200,,,LandingPage,,
http_req_duration,1780770870,749.515900,,,,true,,GET,LandingPage,HTTP/1.1,default,,200,,,LandingPage,,
http_req_blocked,1780770870,0.000000,,,,true,,GET,LandingPage,HTTP/1.1,default,,200,,,LandingPage,,
http_req_connecting,1780770870,0.000000,,,,true,,GET,LandingPage,HTTP/1.1,default,,200,,,LandingPage,,
http_req_tls_handshaking,1780770870,0.000000,,,,true,,GET,LandingPage,HTTP/1.1,default,,200,,,LandingPage,,
http_req_sending,1780770870,0.000000,,,,true,,GET,LandingPage,HTTP/1.1,default,,200,,,LandingPage,,
http_req_waiting,1780770870,743.185300,,,,true,,GET,LandingPage,HTTP/1.1,default,,200,,,LandingPage,,
http_req_receiving,1780770870,6.330600,,,,true,,GET,LandingPage,HTTP/1.1,default,,200,,,LandingPage,,
http_req_failed,1780770870,0.000000,,,,true,,GET,LandingPage,HTTP/1.1,default,,200,,,LandingPage,,
checks,1780770870,1.000000,Home page status is 200,,,,,,,,default,,,,,,,
data_sent,1780770871,264.000000,,,,,,,,,default,,,,,,,
data_received,1780770871,110662.000000,,,,,,,,,default,,,,,,,
iteration_duration,1780770871,7173.824200,,,,,,,,,default,,,,,,,
iterations,1780770871,1.000000,,,,,,,,,default,,,,,,,
http_reqs,1780770871,1.000000,,,,true,,GET,BookDetailsJoin,HTTP/1.1,default,,200,,,BookDetailsJoin,,
http_req_duration,1780770871,429.932000,,,,true,,GET,BookDetailsJoin,HTTP/1.1,default,,200,,,BookDetailsJoin,,
http_req_blocked,1780770871,0.000000,,,,true,,GET,BookDetailsJoin,HTTP/1.1,default,,200,,,BookDetailsJoin,,
http_req_connecting,1780770871,0.000000,,,,true,,GET,BookDetailsJoin,HTTP/1.1,default,,200,,,BookDetailsJoin,,
http_req_tls_handshaking,1780770871,0.000000,,,,true,,GET,BookDetailsJoin,HTTP/1.1,default,,200,,,BookDetailsJoin,,
http_req_sending,1780770871,0.511800,,,,true,,GET,BookDetailsJoin,HTTP/1.1,default,,200,,,BookDetailsJoin,,
http_req_waiting,1780770871,429.420200,,,,true,,GET,BookDetailsJoin,HTTP/1.1,default,,200,,,BookDetailsJoin,,
http_req_receiving,1780770871,0.000000,,,,true,,GET,BookDetailsJoin,HTTP/1.1,default,,200,,,BookDetailsJoin,,
http_req_failed,1780770871,0.000000,,,,true,,GET,BookDetailsJoin,HTTP/1.1,default,,200,,,BookDetailsJoin,,
checks,1780770871,1.000000,Book details status is 200,,,,,,,,default,,,,,,,
vus,1780770871,5.000000,,,,,,,,,,,,,,,,
vus_max,1780770871,50.000000,,,,,,,,,,,,,,,,
http_reqs,1780770872,1.000000,,,,true,,GET,PublicCatalog,HTTP/1.1,default,,200,,,PublicCatalog,,
http_req_duration,1780770872,1422.028300,,,,true,,GET,PublicCatalog,HTTP/1.1,default,,200,,,PublicCatalog,,
http_req_blocked,1780770872,0.000000,,,,true,,GET,PublicCatalog,HTTP/1.1,default,,200,,,PublicCatalog,,
http_req_connecting,1780770872,0.000000,,,,true,,GET,PublicCatalog,HTTP/1.1,default,,200,,,PublicCatalog,,
http_req_tls_handshaking,1780770872,0.000000,,,,true,,GET,PublicCatalog,HTTP/1.1,default,,200,,,PublicCatalog,,
http_req_sending,1780770872,0.453600,,,,true,,GET,PublicCatalog,HTTP/1.1,default,,200,,,PublicCatalog,,
http_req_waiting,1780770872,1420.965700,,,,true,,GET,PublicCatalog,HTTP/1.1,default,,200,,,PublicCatalog,,
http_req_receiving,1780770872,0.609000,,,,true,,GET,PublicCatalog,HTTP/1.1,default,,200,,,PublicCatalog,,
http_req_failed,1780770872,0.000000,,,,true,,GET,PublicCatalog,HTTP/1.1,default,,200,,,PublicCatalog,,
checks,1780770872,1.000000,Catalog page status is 200,,,,,,,,default,,,,,,,
latency_cold_start,1780770872,1778.000000,,,,,,,,,default,,,,,,,
http_reqs,1780770872,1.000000,,,,true,,GET,LandingPage,HTTP/1.1,default,,200,,,LandingPage,,
http_req_duration,1780770872,1236.128500,,,,true,,GET,LandingPage,HTTP/1.1,default,,200,,,LandingPage,,
http_req_blocked,1780770872,0.000000,,,,true,,GET,LandingPage,HTTP/1.1,default,,200,,,LandingPage,,
http_req_connecting,1780770872,0.000000,,,,true,,GET,LandingPage,HTTP/1.1,default,,200,,,LandingPage,,
http_req_tls_handshaking,1780770872,0.000000,,,,true,,GET,LandingPage,HTTP/1.1,default,,200,,,LandingPage,,
http_req_sending,1780770872,0.000000,,,,true,,GET,LandingPage,HTTP/1.1,default,,200,,,LandingPage,,
http_req_waiting,1780770872,1234.815300,,,,true,,GET,LandingPage,HTTP/1.1,default,,200,,,LandingPage,,
http_req_receiving,1780770872,1.313200,,,,true,,GET,LandingPage,HTTP/1.1,default,,200,,,LandingPage,,
http_req_failed,1780770872,0.000000,,,,true,,GET,LandingPage,HTTP/1.1,default,,200,,,LandingPage,,
checks,1780770872,1.000000,Home page status is 200,,,,,,,,default,,,,,,,
http_reqs,1780770872,1.000000,,,,true,,GET,PublicCatalog,HTTP/1.1,default,,200,,,PublicCatalog,,
http_req_duration,1780770872,691.690000,,,,true,,GET,PublicCatalog,HTTP/1.1,default,,200,,,PublicCatalog,,
http_req_blocked,1780770872,0.000000,,,,true,,GET,PublicCatalog,HTTP/1.1,default,,200,,,PublicCatalog,,
http_req_connecting,1780770872,0.000000,,,,true,,GET,PublicCatalog,HTTP/1.1,default,,200,,,PublicCatalog,,
http_req_tls_handshaking,1780770872,0.000000,,,,true,,GET,PublicCatalog,HTTP/1.1,default,,200,,,PublicCatalog,,
http_req_sending,1780770872,0.000000,,,,true,,GET,PublicCatalog,HTTP/1.1,default,,200,,,PublicCatalog,,
http_req_waiting,1780770872,683.236600,,,,true,,GET,PublicCatalog,HTTP/1.1,default,,200,,,PublicCatalog,,
http_req_receiving,1780770872,8.453400,,,,true,,GET,PublicCatalog,HTTP/1.1,default,,200,,,PublicCatalog,,
http_req_failed,1780770872,0.000000,,,,true,,GET,PublicCatalog,HTTP/1.1,default,,200,,,PublicCatalog,,
checks,1780770872,1.000000,Catalog page status is 200,,,,,,,,default,,,,,,,
vus,1780770872,6.000000,,,,,,,,,,,,,,,,
vus_max,1780770872,50.000000,,,,,,,,,,,,,,,,
http_reqs,1780770872,1.000000,,,,true,,GET,LandingPage,HTTP/1.1,default,,200,,,LandingPage,,
http_req_duration,1780770872,696.235000,,,,true,,GET,LandingPage,HTTP/1.1,default,,200,,,LandingPage,,
http_req_blocked,1780770872,1.866200,,,,true,,GET,LandingPage,HTTP/1.1,default,,200,,,LandingPage,,
http_req_connecting,1780770872,1.866200,,,,true,,GET,LandingPage,HTTP/1.1,default,,200,,,LandingPage,,
http_req_tls_handshaking,1780770872,0.000000,,,,true,,GET,LandingPage,HTTP/1.1,default,,200,,,LandingPage,,
http_req_sending,1780770872,0.000000,,,,true,,GET,LandingPage,HTTP/1.1,default,,200,,,LandingPage,,
http_req_waiting,1780770872,687.063900,,,,true,,GET,LandingPage,HTTP/1.1,default,,200,,,LandingPage,,
http_req_receiving,1780770872,9.171100,,,,true,,GET,LandingPage,HTTP/1.1,default,,200,,,LandingPage,,
http_req_failed,1780770872,0.000000,,,,true,,GET,LandingPage,HTTP/1.1,default,,200,,,LandingPage,,
checks,1780770872,1.000000,Home page status is 200,,,,,,,,default,,,,,,,
data_sent,1780770873,264.000000,,,,,,,,,default,,,,,,,
data_received,1780770873,110990.000000,,,,,,,,,default,,,,,,,
iteration_duration,1780770873,7342.754900,,,,,,,,,default,,,,,,,
iterations,1780770873,1.000000,,,,,,,,,default,,,,,,,
vus,1780770873,6.000000,,,,,,,,,,,,,,,,
vus_max,1780770873,50.000000,,,,,,,,,,,,,,,,
http_reqs,1780770873,1.000000,,,,true,,GET,LandingPage,HTTP/1.1,default,,200,,,LandingPage,,
http_req_duration,1780770873,515.751200,,,,true,,GET,LandingPage,HTTP/1.1,default,,200,,,LandingPage,,
http_req_blocked,1780770873,0.000000,,,,true,,GET,LandingPage,HTTP/1.1,default,,200,,,LandingPage,,
http_req_connecting,1780770873,0.000000,,,,true,,GET,LandingPage,HTTP/1.1,default,,200,,,LandingPage,,
http_req_tls_handshaking,1780770873,0.000000,,,,true,,GET,LandingPage,HTTP/1.1,default,,200,,,LandingPage,,
http_req_sending,1780770873,0.000000,,,,true,,GET,LandingPage,HTTP/1.1,default,,200,,,LandingPage,,
http_req_waiting,1780770873,511.007100,,,,true,,GET,LandingPage,HTTP/1.1,default,,200,,,LandingPage,,
http_req_receiving,1780770873,4.744100,,,,true,,GET,LandingPage,HTTP/1.1,default,,200,,,LandingPage,,
http_req_failed,1780770873,0.000000,,,,true,,GET,LandingPage,HTTP/1.1,default,,200,,,LandingPage,,
checks,1780770873,1.000000,Home page status is 200,,,,,,,,default,,,,,,,
http_reqs,1780770873,1.000000,,,,true,,GET,PublicCatalog,HTTP/1.1,default,,200,,,PublicCatalog,,
http_req_duration,1780770873,494.426800,,,,true,,GET,PublicCatalog,HTTP/1.1,default,,200,,,PublicCatalog,,
http_req_blocked,1780770873,0.000000,,,,true,,GET,PublicCatalog,HTTP/1.1,default,,200,,,PublicCatalog,,
http_req_connecting,1780770873,0.000000,,,,true,,GET,PublicCatalog,HTTP/1.1,default,,200,,,PublicCatalog,,
http_req_tls_handshaking,1780770873,0.000000,,,,true,,GET,PublicCatalog,HTTP/1.1,default,,200,,,PublicCatalog,,
http_req_sending,1780770873,0.000000,,,,true,,GET,PublicCatalog,HTTP/1.1,default,,200,,,PublicCatalog,,
http_req_waiting,1780770873,492.949700,,,,true,,GET,PublicCatalog,HTTP/1.1,default,,200,,,PublicCatalog,,
http_req_receiving,1780770873,1.477100,,,,true,,GET,PublicCatalog,HTTP/1.1,default,,200,,,PublicCatalog,,
http_req_failed,1780770873,0.000000,,,,true,,GET,PublicCatalog,HTTP/1.1,default,,200,,,PublicCatalog,,
checks,1780770873,1.000000,Catalog page status is 200,,,,,,,,default,,,,,,,
http_reqs,1780770874,1.000000,,,,true,,GET,BookDetailsJoin,HTTP/1.1,default,,200,,,BookDetailsJoin,,
http_req_duration,1780770874,210.999700,,,,true,,GET,BookDetailsJoin,HTTP/1.1,default,,200,,,BookDetailsJoin,,
http_req_blocked,1780770874,0.000000,,,,true,,GET,BookDetailsJoin,HTTP/1.1,default,,200,,,BookDetailsJoin,,
http_req_connecting,1780770874,0.000000,,,,true,,GET,BookDetailsJoin,HTTP/1.1,default,,200,,,BookDetailsJoin,,
http_req_tls_handshaking,1780770874,0.000000,,,,true,,GET,BookDetailsJoin,HTTP/1.1,default,,200,,,BookDetailsJoin,,
http_req_sending,1780770874,0.000000,,,,true,,GET,BookDetailsJoin,HTTP/1.1,default,,200,,,BookDetailsJoin,,
http_req_waiting,1780770874,210.275800,,,,true,,GET,BookDetailsJoin,HTTP/1.1,default,,200,,,BookDetailsJoin,,
http_req_receiving,1780770874,0.723900,,,,true,,GET,BookDetailsJoin,HTTP/1.1,default,,200,,,BookDetailsJoin,,
http_req_failed,1780770874,0.000000,,,,true,,GET,BookDetailsJoin,HTTP/1.1,default,,200,,,BookDetailsJoin,,
checks,1780770874,1.000000,Book details status is 200,,,,,,,,default,,,,,,,
http_reqs,1780770874,1.000000,,,,true,,GET,PublicCatalog,HTTP/1.1,default,,200,,,PublicCatalog,,
http_req_duration,1780770874,599.931500,,,,true,,GET,PublicCatalog,HTTP/1.1,default,,200,,,PublicCatalog,,
http_req_blocked,1780770874,0.000000,,,,true,,GET,PublicCatalog,HTTP/1.1,default,,200,,,PublicCatalog,,
http_req_connecting,1780770874,0.000000,,,,true,,GET,PublicCatalog,HTTP/1.1,default,,200,,,PublicCatalog,,
http_req_tls_handshaking,1780770874,0.000000,,,,true,,GET,PublicCatalog,HTTP/1.1,default,,200,,,PublicCatalog,,
http_req_sending,1780770874,0.000000,,,,true,,GET,PublicCatalog,HTTP/1.1,default,,200,,,PublicCatalog,,
http_req_waiting,1780770874,592.786100,,,,true,,GET,PublicCatalog,HTTP/1.1,default,,200,,,PublicCatalog,,
http_req_receiving,1780770874,7.145400,,,,true,,GET,PublicCatalog,HTTP/1.1,default,,200,,,PublicCatalog,,
http_req_failed,1780770874,0.000000,,,,true,,GET,PublicCatalog,HTTP/1.1,default,,200,,,PublicCatalog,,
checks,1780770874,1.000000,Catalog page status is 200,,,,,,,,default,,,,,,,
data_sent,1780770874,264.000000,,,,,,,,,default,,,,,,,
data_received,1780770874,110535.000000,,,,,,,,,default,,,,,,,
iteration_duration,1780770874,7761.677100,,,,,,,,,default,,,,,,,
iterations,1780770874,1.000000,,,,,,,,,default,,,,,,,
vus,1780770874,6.000000,,,,,,,,,,,,,,,,
vus_max,1780770874,50.000000,,,,,,,,,,,,,,,,
http_reqs,1780770874,1.000000,,,,true,,GET,BookDetailsJoin,HTTP/1.1,default,,200,,,BookDetailsJoin,,
http_req_duration,1780770874,256.457900,,,,true,,GET,BookDetailsJoin,HTTP/1.1,default,,200,,,BookDetailsJoin,,
http_req_blocked,1780770874,0.000000,,,,true,,GET,BookDetailsJoin,HTTP/1.1,default,,200,,,BookDetailsJoin,,
http_req_connecting,1780770874,0.000000,,,,true,,GET,BookDetailsJoin,HTTP/1.1,default,,200,,,BookDetailsJoin,,
http_req_tls_handshaking,1780770874,0.000000,,,,true,,GET,BookDetailsJoin,HTTP/1.1,default,,200,,,BookDetailsJoin,,
http_req_sending,1780770874,0.511900,,,,true,,GET,BookDetailsJoin,HTTP/1.1,default,,200,,,BookDetailsJoin,,
http_req_waiting,1780770874,254.949000,,,,true,,GET,BookDetailsJoin,HTTP/1.1,default,,200,,,BookDetailsJoin,,
http_req_receiving,1780770874,0.997000,,,,true,,GET,BookDetailsJoin,HTTP/1.1,default,,200,,,BookDetailsJoin,,
http_req_failed,1780770874,0.000000,,,,true,,GET,BookDetailsJoin,HTTP/1.1,default,,200,,,BookDetailsJoin,,
checks,1780770874,1.000000,Book details status is 200,,,,,,,,default,,,,,,,
http_reqs,1780770874,1.000000,,,,true,,GET,LandingPage,HTTP/1.1,default,,200,,,LandingPage,,
http_req_duration,1780770874,486.099900,,,,true,,GET,LandingPage,HTTP/1.1,default,,200,,,LandingPage,,
http_req_blocked,1780770874,0.000000,,,,true,,GET,LandingPage,HTTP/1.1,default,,200,,,LandingPage,,
http_req_connecting,1780770874,0.000000,,,,true,,GET,LandingPage,HTTP/1.1,default,,200,,,LandingPage,,
http_req_tls_handshaking,1780770874,0.000000,,,,true,,GET,LandingPage,HTTP/1.1,default,,200,,,LandingPage,,
http_req_sending,1780770874,0.000000,,,,true,,GET,LandingPage,HTTP/1.1,default,,200,,,LandingPage,,
http_req_waiting,1780770874,477.404200,,,,true,,GET,LandingPage,HTTP/1.1,default,,200,,,LandingPage,,
http_req_receiving,1780770874,8.695700,,,,true,,GET,LandingPage,HTTP/1.1,default,,200,,,LandingPage,,
http_req_failed,1780770874,0.000000,,,,true,,GET,LandingPage,HTTP/1.1,default,,200,,,LandingPage,,
checks,1780770874,1.000000,Home page status is 200,,,,,,,,default,,,,,,,
latency_cold_start,1780770875,1778.000000,,,,,,,,,default,,,,,,,
http_reqs,1780770875,1.000000,,,,true,,GET,PublicCatalog,HTTP/1.1,default,,200,,,PublicCatalog,,
http_req_duration,1780770875,788.341300,,,,true,,GET,PublicCatalog,HTTP/1.1,default,,200,,,PublicCatalog,,
http_req_blocked,1780770875,0.000000,,,,true,,GET,PublicCatalog,HTTP/1.1,default,,200,,,PublicCatalog,,
http_req_connecting,1780770875,0.000000,,,,true,,GET,PublicCatalog,HTTP/1.1,default,,200,,,PublicCatalog,,
http_req_tls_handshaking,1780770875,0.000000,,,,true,,GET,PublicCatalog,HTTP/1.1,default,,200,,,PublicCatalog,,
http_req_sending,1780770875,0.000000,,,,true,,GET,PublicCatalog,HTTP/1.1,default,,200,,,PublicCatalog,,
http_req_waiting,1780770875,787.332000,,,,true,,GET,PublicCatalog,HTTP/1.1,default,,200,,,PublicCatalog,,
http_req_receiving,1780770875,1.009300,,,,true,,GET,PublicCatalog,HTTP/1.1,default,,200,,,PublicCatalog,,
http_req_failed,1780770875,0.000000,,,,true,,GET,PublicCatalog,HTTP/1.1,default,,200,,,PublicCatalog,,
checks,1780770875,1.000000,Catalog page status is 200,,,,,,,,default,,,,,,,
vus,1780770875,7.000000,,,,,,,,,,,,,,,,
vus_max,1780770875,50.000000,,,,,,,,,,,,,,,,
http_reqs,1780770875,1.000000,,,,true,,GET,LandingPage,HTTP/1.1,default,,200,,,LandingPage,,
http_req_duration,1780770875,590.886600,,,,true,,GET,LandingPage,HTTP/1.1,default,,200,,,LandingPage,,
http_req_blocked,1780770875,1.165500,,,,true,,GET,LandingPage,HTTP/1.1,default,,200,,,LandingPage,,
http_req_connecting,1780770875,1.165500,,,,true,,GET,LandingPage,HTTP/1.1,default,,200,,,LandingPage,,
http_req_tls_handshaking,1780770875,0.000000,,,,true,,GET,LandingPage,HTTP/1.1,default,,200,,,LandingPage,,
http_req_sending,1780770875,0.000000,,,,true,,GET,LandingPage,HTTP/1.1,default,,200,,,LandingPage,,
http_req_waiting,1780770875,577.582400,,,,true,,GET,LandingPage,HTTP/1.1,default,,200,,,LandingPage,,
http_req_receiving,1780770875,13.304200,,,,true,,GET,LandingPage,HTTP/1.1,default,,200,,,LandingPage,,
http_req_failed,1780770875,0.000000,,,,true,,GET,LandingPage,HTTP/1.1,default,,200,,,LandingPage,,
checks,1780770875,1.000000,Home page status is 200,,,,,,,,default,,,,,,,
http_reqs,1780770876,1.000000,,,,true,,GET,BookDetailsJoin,HTTP/1.1,default,,200,,,BookDetailsJoin,,
http_req_duration,1780770876,154.159500,,,,true,,GET,BookDetailsJoin,HTTP/1.1,default,,200,,,BookDetailsJoin,,
http_req_blocked,1780770876,0.000000,,,,true,,GET,BookDetailsJoin,HTTP/1.1,default,,200,,,BookDetailsJoin,,
http_req_connecting,1780770876,0.000000,,,,true,,GET,BookDetailsJoin,HTTP/1.1,default,,200,,,BookDetailsJoin,,
http_req_tls_handshaking,1780770876,0.000000,,,,true,,GET,BookDetailsJoin,HTTP/1.1,default,,200,,,BookDetailsJoin,,
http_req_sending,1780770876,0.000000,,,,true,,GET,BookDetailsJoin,HTTP/1.1,default,,200,,,BookDetailsJoin,,
http_req_waiting,1780770876,147.834700,,,,true,,GET,BookDetailsJoin,HTTP/1.1,default,,200,,,BookDetailsJoin,,
http_req_receiving,1780770876,6.324800,,,,true,,GET,BookDetailsJoin,HTTP/1.1,default,,200,,,BookDetailsJoin,,
http_req_failed,1780770876,0.000000,,,,true,,GET,BookDetailsJoin,HTTP/1.1,default,,200,,,BookDetailsJoin,,
checks,1780770876,1.000000,Book details status is 200,,,,,,,,default,,,,,,,
http_reqs,1780770876,1.000000,,,,true,,GET,PublicCatalog,HTTP/1.1,default,,200,,,PublicCatalog,,
http_req_duration,1780770876,464.851600,,,,true,,GET,PublicCatalog,HTTP/1.1,default,,200,,,PublicCatalog,,
http_req_blocked,1780770876,0.000000,,,,true,,GET,PublicCatalog,HTTP/1.1,default,,200,,,PublicCatalog,,
http_req_connecting,1780770876,0.000000,,,,true,,GET,PublicCatalog,HTTP/1.1,default,,200,,,PublicCatalog,,
http_req_tls_handshaking,1780770876,0.000000,,,,true,,GET,PublicCatalog,HTTP/1.1,default,,200,,,PublicCatalog,,
http_req_sending,1780770876,0.000000,,,,true,,GET,PublicCatalog,HTTP/1.1,default,,200,,,PublicCatalog,,
http_req_waiting,1780770876,455.875200,,,,true,,GET,PublicCatalog,HTTP/1.1,default,,200,,,PublicCatalog,,
http_req_receiving,1780770876,8.976400,,,,true,,GET,PublicCatalog,HTTP/1.1,default,,200,,,PublicCatalog,,
http_req_failed,1780770876,0.000000,,,,true,,GET,PublicCatalog,HTTP/1.1,default,,200,,,PublicCatalog,,
checks,1780770876,1.000000,Catalog page status is 200,,,,,,,,default,,,,,,,
vus,1780770876,7.000000,,,,,,,,,,,,,,,,
vus_max,1780770876,50.000000,,,,,,,,,,,,,,,,
http_reqs,1780770876,1.000000,,,,true,,GET,BookDetailsJoin,HTTP/1.1,default,,200,,,BookDetailsJoin,,
http_req_duration,1780770876,102.697800,,,,true,,GET,BookDetailsJoin,HTTP/1.1,default,,200,,,BookDetailsJoin,,
http_req_blocked,1780770876,0.000000,,,,true,,GET,BookDetailsJoin,HTTP/1.1,default,,200,,,BookDetailsJoin,,
http_req_connecting,1780770876,0.000000,,,,true,,GET,BookDetailsJoin,HTTP/1.1,default,,200,,,BookDetailsJoin,,
http_req_tls_handshaking,1780770876,0.000000,,,,true,,GET,BookDetailsJoin,HTTP/1.1,default,,200,,,BookDetailsJoin,,
http_req_sending,1780770876,0.503700,,,,true,,GET,BookDetailsJoin,HTTP/1.1,default,,200,,,BookDetailsJoin,,
http_req_waiting,1780770876,101.023900,,,,true,,GET,BookDetailsJoin,HTTP/1.1,default,,200,,,BookDetailsJoin,,
http_req_receiving,1780770876,1.170200,,,,true,,GET,BookDetailsJoin,HTTP/1.1,default,,200,,,BookDetailsJoin,,
http_req_failed,1780770876,0.000000,,,,true,,GET,BookDetailsJoin,HTTP/1.1,default,,200,,,BookDetailsJoin,,
checks,1780770876,1.000000,Book details status is 200,,,,,,,,default,,,,,,,
data_sent,1780770877,264.000000,,,,,,,,,default,,,,,,,
data_received,1780770877,111112.000000,,,,,,,,,default,,,,,,,
iteration_duration,1780770877,8197.865000,,,,,,,,,default,,,,,,,
iterations,1780770877,1.000000,,,,,,,,,default,,,,,,,
http_reqs,1780770877,1.000000,,,,true,,GET,PublicCatalog,HTTP/1.1,default,,200,,,PublicCatalog,,
http_req_duration,1780770877,411.242900,,,,true,,GET,PublicCatalog,HTTP/1.1,default,,200,,,PublicCatalog,,
http_req_blocked,1780770877,0.000000,,,,true,,GET,PublicCatalog,HTTP/1.1,default,,200,,,PublicCatalog,,
http_req_connecting,1780770877,0.000000,,,,true,,GET,PublicCatalog,HTTP/1.1,default,,200,,,PublicCatalog,,
http_req_tls_handshaking,1780770877,0.000000,,,,true,,GET,PublicCatalog,HTTP/1.1,default,,200,,,PublicCatalog,,
http_req_sending,1780770877,0.000000,,,,true,,GET,PublicCatalog,HTTP/1.1,default,,200,,,PublicCatalog,,
http_req_waiting,1780770877,409.836100,,,,true,,GET,PublicCatalog,HTTP/1.1,default,,200,,,PublicCatalog,,
http_req_receiving,1780770877,1.406800,,,,true,,GET,PublicCatalog,HTTP/1.1,default,,200,,,PublicCatalog,,
http_req_failed,1780770877,0.000000,,,,true,,GET,PublicCatalog,HTTP/1.1,default,,200,,,PublicCatalog,,
checks,1780770877,1.000000,Catalog page status is 200,,,,,,,,default,,,,,,,
vus,1780770877,7.000000,,,,,,,,,,,,,,,,
vus_max,1780770877,50.000000,,,,,,,,,,,,,,,,
http_reqs,1780770877,1.000000,,,,true,,GET,BookDetailsJoin,HTTP/1.1,default,,200,,,BookDetailsJoin,,
http_req_duration,1780770877,121.082500,,,,true,,GET,BookDetailsJoin,HTTP/1.1,default,,200,,,BookDetailsJoin,,
http_req_blocked,1780770877,0.000000,,,,true,,GET,BookDetailsJoin,HTTP/1.1,default,,200,,,BookDetailsJoin,,
http_req_connecting,1780770877,0.000000,,,,true,,GET,BookDetailsJoin,HTTP/1.1,default,,200,,,BookDetailsJoin,,
http_req_tls_handshaking,1780770877,0.000000,,,,true,,GET,BookDetailsJoin,HTTP/1.1,default,,200,,,BookDetailsJoin,,
http_req_sending,1780770877,0.000000,,,,true,,GET,BookDetailsJoin,HTTP/1.1,default,,200,,,BookDetailsJoin,,
http_req_waiting,1780770877,118.232100,,,,true,,GET,BookDetailsJoin,HTTP/1.1,default,,200,,,BookDetailsJoin,,
http_req_receiving,1780770877,2.850400,,,,true,,GET,BookDetailsJoin,HTTP/1.1,default,,200,,,BookDetailsJoin,,
http_req_failed,1780770877,0.000000,,,,true,,GET,BookDetailsJoin,HTTP/1.1,default,,200,,,BookDetailsJoin,,
checks,1780770877,1.000000,Book details status is 200,,,,,,,,default,,,,,,,
data_sent,1780770877,264.000000,,,,,,,,,default,,,,,,,
data_received,1780770877,110941.000000,,,,,,,,,default,,,,,,,
iteration_duration,1780770877,7712.189700,,,,,,,,,default,,,,,,,
iterations,1780770877,1.000000,,,,,,,,,default,,,,,,,
http_reqs,1780770877,1.000000,,,,true,,GET,LandingPage,HTTP/1.1,default,,200,,,LandingPage,,
http_req_duration,1780770877,604.462200,,,,true,,GET,LandingPage,HTTP/1.1,default,,200,,,LandingPage,,
http_req_blocked,1780770877,0.000000,,,,true,,GET,LandingPage,HTTP/1.1,default,,200,,,LandingPage,,
http_req_connecting,1780770877,0.000000,,,,true,,GET,LandingPage,HTTP/1.1,default,,200,,,LandingPage,,
http_req_tls_handshaking,1780770877,0.000000,,,,true,,GET,LandingPage,HTTP/1.1,default,,200,,,LandingPage,,
http_req_sending,1780770877,0.000000,,,,true,,GET,LandingPage,HTTP/1.1,default,,200,,,LandingPage,,
http_req_waiting,1780770877,595.206100,,,,true,,GET,LandingPage,HTTP/1.1,default,,200,,,LandingPage,,
http_req_receiving,1780770877,9.256100,,,,true,,GET,LandingPage,HTTP/1.1,default,,200,,,LandingPage,,
http_req_failed,1780770877,0.000000,,,,true,,GET,LandingPage,HTTP/1.1,default,,200,,,LandingPage,,
checks,1780770877,1.000000,Home page status is 200,,,,,,,,default,,,,,,,
http_reqs,1780770878,1.000000,,,,true,,GET,LandingPage,HTTP/1.1,default,,200,,,LandingPage,,
http_req_duration,1780770878,590.279200,,,,true,,GET,LandingPage,HTTP/1.1,default,,200,,,LandingPage,,
http_req_blocked,1780770878,0.000000,,,,true,,GET,LandingPage,HTTP/1.1,default,,200,,,LandingPage,,
http_req_connecting,1780770878,0.000000,,,,true,,GET,LandingPage,HTTP/1.1,default,,200,,,LandingPage,,
http_req_tls_handshaking,1780770878,0.000000,,,,true,,GET,LandingPage,HTTP/1.1,default,,200,,,LandingPage,,
http_req_sending,1780770878,0.000000,,,,true,,GET,LandingPage,HTTP/1.1,default,,200,,,LandingPage,,
http_req_waiting,1780770878,589.274600,,,,true,,GET,LandingPage,HTTP/1.1,default,,200,,,LandingPage,,
http_req_receiving,1780770878,1.004600,,,,true,,GET,LandingPage,HTTP/1.1,default,,200,,,LandingPage,,
http_req_failed,1780770878,0.000000,,,,true,,GET,LandingPage,HTTP/1.1,default,,200,,,LandingPage,,
checks,1780770878,1.000000,Home page status is 200,,,,,,,,default,,,,,,,
latency_cold_start,1780770878,1778.000000,,,,,,,,,default,,,,,,,
vus,1780770878,8.000000,,,,,,,,,,,,,,,,
vus_max,1780770878,50.000000,,,,,,,,,,,,,,,,
http_reqs,1780770878,1.000000,,,,true,,GET,BookDetailsJoin,HTTP/1.1,default,,200,,,BookDetailsJoin,,
http_req_duration,1780770878,130.075600,,,,true,,GET,BookDetailsJoin,HTTP/1.1,default,,200,,,BookDetailsJoin,,
http_req_blocked,1780770878,0.000000,,,,true,,GET,BookDetailsJoin,HTTP/1.1,default,,200,,,BookDetailsJoin,,
http_req_connecting,1780770878,0.000000,,,,true,,GET,BookDetailsJoin,HTTP/1.1,default,,200,,,BookDetailsJoin,,
http_req_tls_handshaking,1780770878,0.000000,,,,true,,GET,BookDetailsJoin,HTTP/1.1,default,,200,,,BookDetailsJoin,,
http_req_sending,1780770878,0.000000,,,,true,,GET,BookDetailsJoin,HTTP/1.1,default,,200,,,BookDetailsJoin,,
http_req_waiting,1780770878,127.484200,,,,true,,GET,BookDetailsJoin,HTTP/1.1,default,,200,,,BookDetailsJoin,,
http_req_receiving,1780770878,2.591400,,,,true,,GET,BookDetailsJoin,HTTP/1.1,default,,200,,,BookDetailsJoin,,
http_req_failed,1780770878,0.000000,,,,true,,GET,BookDetailsJoin,HTTP/1.1,default,,200,,,BookDetailsJoin,,
checks,1780770878,1.000000,Book details status is 200,,,,,,,,default,,,,,,,
http_reqs,1780770878,1.000000,,,,true,,GET,LandingPage,HTTP/1.1,default,,200,,,LandingPage,,
http_req_duration,1780770878,466.766100,,,,true,,GET,LandingPage,HTTP/1.1,default,,200,,,LandingPage,,
http_req_blocked,1780770878,1.360800,,,,true,,GET,LandingPage,HTTP/1.1,default,,200,,,LandingPage,,
http_req_connecting,1780770878,1.360800,,,,true,,GET,LandingPage,HTTP/1.1,default,,200,,,LandingPage,,
http_req_tls_handshaking,1780770878,0.000000,,,,true,,GET,LandingPage,HTTP/1.1,default,,200,,,LandingPage,,
http_req_sending,1780770878,0.000000,,,,true,,GET,LandingPage,HTTP/1.1,default,,200,,,LandingPage,,
http_req_waiting,1780770878,450.708800,,,,true,,GET,LandingPage,HTTP/1.1,default,,200,,,LandingPage,,
http_req_receiving,1780770878,16.057300,,,,true,,GET,LandingPage,HTTP/1.1,default,,200,,,LandingPage,,
http_req_failed,1780770878,0.000000,,,,true,,GET,LandingPage,HTTP/1.1,default,,200,,,LandingPage,,
checks,1780770878,1.000000,Home page status is 200,,,,,,,,default,,,,,,,
data_sent,1780770879,264.000000,,,,,,,,,default,,,,,,,
data_received,1780770879,110466.000000,,,,,,,,,default,,,,,,,
iteration_duration,1780770879,7886.118800,,,,,,,,,default,,,,,,,
iterations,1780770879,1.000000,,,,,,,,,default,,,,,,,
vus,1780770879,8.000000,,,,,,,,,,,,,,,,
vus_max,1780770879,50.000000,,,,,,,,,,,,,,,,
http_reqs,1780770879,1.000000,,,,true,,GET,BookDetailsJoin,HTTP/1.1,default,,200,,,BookDetailsJoin,,
http_req_duration,1780770879,227.828500,,,,true,,GET,BookDetailsJoin,HTTP/1.1,default,,200,,,BookDetailsJoin,,
http_req_blocked,1780770879,0.000000,,,,true,,GET,BookDetailsJoin,HTTP/1.1,default,,200,,,BookDetailsJoin,,
http_req_connecting,1780770879,0.000000,,,,true,,GET,BookDetailsJoin,HTTP/1.1,default,,200,,,BookDetailsJoin,,
http_req_tls_handshaking,1780770879,0.000000,,,,true,,GET,BookDetailsJoin,HTTP/1.1,default,,200,,,BookDetailsJoin,,
http_req_sending,1780770879,0.731000,,,,true,,GET,BookDetailsJoin,HTTP/1.1,default,,200,,,BookDetailsJoin,,
http_req_waiting,1780770879,222.495400,,,,true,,GET,BookDetailsJoin,HTTP/1.1,default,,200,,,BookDetailsJoin,,
http_req_receiving,1780770879,4.602100,,,,true,,GET,BookDetailsJoin,HTTP/1.1,default,,200,,,BookDetailsJoin,,
http_req_failed,1780770879,0.000000,,,,true,,GET,BookDetailsJoin,HTTP/1.1,default,,200,,,BookDetailsJoin,,
checks,1780770879,1.000000,Book details status is 200,,,,,,,,default,,,,,,,
data_sent,1780770879,264.000000,,,,,,,,,default,,,,,,,
data_received,1780770879,110073.000000,,,,,,,,,default,,,,,,,
iteration_duration,1780770879,7403.368400,,,,,,,,,default,,,,,,,
iterations,1780770879,1.000000,,,,,,,,,default,,,,,,,
http_reqs,1780770879,1.000000,,,,true,,GET,LandingPage,HTTP/1.1,default,,200,,,LandingPage,,
http_req_duration,1780770879,709.155600,,,,true,,GET,LandingPage,HTTP/1.1,default,,200,,,LandingPage,,
http_req_blocked,1780770879,0.000000,,,,true,,GET,LandingPage,HTTP/1.1,default,,200,,,LandingPage,,
http_req_connecting,1780770879,0.000000,,,,true,,GET,LandingPage,HTTP/1.1,default,,200,,,LandingPage,,
http_req_tls_handshaking,1780770879,0.000000,,,,true,,GET,LandingPage,HTTP/1.1,default,,200,,,LandingPage,,
http_req_sending,1780770879,0.000000,,,,true,,GET,LandingPage,HTTP/1.1,default,,200,,,LandingPage,,
http_req_waiting,1780770879,706.998800,,,,true,,GET,LandingPage,HTTP/1.1,default,,200,,,LandingPage,,
http_req_receiving,1780770879,2.156800,,,,true,,GET,LandingPage,HTTP/1.1,default,,200,,,LandingPage,,
http_req_failed,1780770879,0.000000,,,,true,,GET,LandingPage,HTTP/1.1,default,,200,,,LandingPage,,
checks,1780770879,1.000000,Home page status is 200,,,,,,,,default,,,,,,,
http_reqs,1780770879,1.000000,,,,true,,GET,PublicCatalog,HTTP/1.1,default,,200,,,PublicCatalog,,
http_req_duration,1780770879,1054.611800,,,,true,,GET,PublicCatalog,HTTP/1.1,default,,200,,,PublicCatalog,,
http_req_blocked,1780770879,0.000000,,,,true,,GET,PublicCatalog,HTTP/1.1,default,,200,,,PublicCatalog,,
http_req_connecting,1780770879,0.000000,,,,true,,GET,PublicCatalog,HTTP/1.1,default,,200,,,PublicCatalog,,
http_req_tls_handshaking,1780770879,0.000000,,,,true,,GET,PublicCatalog,HTTP/1.1,default,,200,,,PublicCatalog,,
http_req_sending,1780770879,0.000000,,,,true,,GET,PublicCatalog,HTTP/1.1,default,,200,,,PublicCatalog,,
http_req_waiting,1780770879,1053.330900,,,,true,,GET,PublicCatalog,HTTP/1.1,default,,200,,,PublicCatalog,,
http_req_receiving,1780770879,1.280900,,,,true,,GET,PublicCatalog,HTTP/1.1,default,,200,,,PublicCatalog,,
http_req_failed,1780770879,0.000000,,,,true,,GET,PublicCatalog,HTTP/1.1,default,,200,,,PublicCatalog,,
checks,1780770879,1.000000,Catalog page status is 200,,,,,,,,default,,,,,,,
vus,1780770880,8.000000,,,,,,,,,,,,,,,,
vus_max,1780770880,50.000000,,,,,,,,,,,,,,,,
http_reqs,1780770880,1.000000,,,,true,,GET,LandingPage,HTTP/1.1,default,,200,,,LandingPage,,
http_req_duration,1780770880,1043.975600,,,,true,,GET,LandingPage,HTTP/1.1,default,,200,,,LandingPage,,
http_req_blocked,1780770880,0.000000,,,,true,,GET,LandingPage,HTTP/1.1,default,,200,,,LandingPage,,
http_req_connecting,1780770880,0.000000,,,,true,,GET,LandingPage,HTTP/1.1,default,,200,,,LandingPage,,
http_req_tls_handshaking,1780770880,0.000000,,,,true,,GET,LandingPage,HTTP/1.1,default,,200,,,LandingPage,,
http_req_sending,1780770880,0.000000,,,,true,,GET,LandingPage,HTTP/1.1,default,,200,,,LandingPage,,
http_req_waiting,1780770880,1042.575500,,,,true,,GET,LandingPage,HTTP/1.1,default,,200,,,LandingPage,,
http_req_receiving,1780770880,1.400100,,,,true,,GET,LandingPage,HTTP/1.1,default,,200,,,LandingPage,,
http_req_failed,1780770880,0.000000,,,,true,,GET,LandingPage,HTTP/1.1,default,,200,,,LandingPage,,
checks,1780770880,1.000000,Home page status is 200,,,,,,,,default,,,,,,,
data_sent,1780770880,264.000000,,,,,,,,,default,,,,,,,
data_received,1780770880,110414.000000,,,,,,,,,default,,,,,,,
iteration_duration,1780770880,7427.177000,,,,,,,,,default,,,,,,,
iterations,1780770880,1.000000,,,,,,,,,default,,,,,,,
http_reqs,1780770880,1.000000,,,,true,,GET,PublicCatalog,HTTP/1.1,default,,200,,,PublicCatalog,,
http_req_duration,1780770880,1394.893000,,,,true,,GET,PublicCatalog,HTTP/1.1,default,,200,,,PublicCatalog,,
http_req_blocked,1780770880,0.000000,,,,true,,GET,PublicCatalog,HTTP/1.1,default,,200,,,PublicCatalog,,
http_req_connecting,1780770880,0.000000,,,,true,,GET,PublicCatalog,HTTP/1.1,default,,200,,,PublicCatalog,,
http_req_tls_handshaking,1780770880,0.000000,,,,true,,GET,PublicCatalog,HTTP/1.1,default,,200,,,PublicCatalog,,
http_req_sending,1780770880,0.000000,,,,true,,GET,PublicCatalog,HTTP/1.1,default,,200,,,PublicCatalog,,
http_req_waiting,1780770880,1390.661200,,,,true,,GET,PublicCatalog,HTTP/1.1,default,,200,,,PublicCatalog,,
http_req_receiving,1780770880,4.231800,,,,true,,GET,PublicCatalog,HTTP/1.1,default,,200,,,PublicCatalog,,
http_req_failed,1780770880,0.000000,,,,true,,GET,PublicCatalog,HTTP/1.1,default,,200,,,PublicCatalog,,
checks,1780770880,1.000000,Catalog page status is 200,,,,,,,,default,,,,,,,
http_reqs,1780770880,1.000000,,,,true,,GET,PublicCatalog,HTTP/1.1,default,,200,,,PublicCatalog,,
http_req_duration,1780770880,937.780000,,,,true,,GET,PublicCatalog,HTTP/1.1,default,,200,,,PublicCatalog,,
http_req_blocked,1780770880,0.000000,,,,true,,GET,PublicCatalog,HTTP/1.1,default,,200,,,PublicCatalog,,
http_req_connecting,1780770880,0.000000,,,,true,,GET,PublicCatalog,HTTP/1.1,default,,200,,,PublicCatalog,,
http_req_tls_handshaking,1780770880,0.000000,,,,true,,GET,PublicCatalog,HTTP/1.1,default,,200,,,PublicCatalog,,
http_req_sending,1780770880,0.000000,,,,true,,GET,PublicCatalog,HTTP/1.1,default,,200,,,PublicCatalog,,
http_req_waiting,1780770880,937.010000,,,,true,,GET,PublicCatalog,HTTP/1.1,default,,200,,,PublicCatalog,,
http_req_receiving,1780770880,0.770000,,,,true,,GET,PublicCatalog,HTTP/1.1,default,,200,,,PublicCatalog,,
http_req_failed,1780770880,0.000000,,,,true,,GET,PublicCatalog,HTTP/1.1,default,,200,,,PublicCatalog,,
checks,1780770880,1.000000,Catalog page status is 200,,,,,,,,default,,,,,,,
http_reqs,1780770881,1.000000,,,,true,,GET,LandingPage,HTTP/1.1,default,,200,,,LandingPage,,
http_req_duration,1780770881,889.150500,,,,true,,GET,LandingPage,HTTP/1.1,default,,200,,,LandingPage,,
http_req_blocked,1780770881,0.000000,,,,true,,GET,LandingPage,HTTP/1.1,default,,200,,,LandingPage,,
http_req_connecting,1780770881,0.000000,,,,true,,GET,LandingPage,HTTP/1.1,default,,200,,,LandingPage,,
http_req_tls_handshaking,1780770881,0.000000,,,,true,,GET,LandingPage,HTTP/1.1,default,,200,,,LandingPage,,
http_req_sending,1780770881,0.000000,,,,true,,GET,LandingPage,HTTP/1.1,default,,200,,,LandingPage,,
http_req_waiting,1780770881,885.374100,,,,true,,GET,LandingPage,HTTP/1.1,default,,200,,,LandingPage,,
http_req_receiving,1780770881,3.776400,,,,true,,GET,LandingPage,HTTP/1.1,default,,200,,,LandingPage,,
http_req_failed,1780770881,0.000000,,,,true,,GET,LandingPage,HTTP/1.1,default,,200,,,LandingPage,,
checks,1780770881,1.000000,Home page status is 200,,,,,,,,default,,,,,,,
vus,1780770881,8.000000,,,,,,,,,,,,,,,,
vus_max,1780770881,50.000000,,,,,,,,,,,,,,,,
data_sent,1780770881,264.000000,,,,,,,,,default,,,,,,,
data_received,1780770881,110531.000000,,,,,,,,,default,,,,,,,
iteration_duration,1780770881,7082.338000,,,,,,,,,default,,,,,,,
iterations,1780770881,1.000000,,,,,,,,,default,,,,,,,
latency_cold_start,1780770881,1778.000000,,,,,,,,,default,,,,,,,
http_reqs,1780770881,1.000000,,,,true,,GET,PublicCatalog,HTTP/1.1,default,,200,,,PublicCatalog,,
http_req_duration,1780770881,1029.516300,,,,true,,GET,PublicCatalog,HTTP/1.1,default,,200,,,PublicCatalog,,
http_req_blocked,1780770881,0.000000,,,,true,,GET,PublicCatalog,HTTP/1.1,default,,200,,,PublicCatalog,,
http_req_connecting,1780770881,0.000000,,,,true,,GET,PublicCatalog,HTTP/1.1,default,,200,,,PublicCatalog,,
http_req_tls_handshaking,1780770881,0.000000,,,,true,,GET,PublicCatalog,HTTP/1.1,default,,200,,,PublicCatalog,,
http_req_sending,1780770881,0.000000,,,,true,,GET,PublicCatalog,HTTP/1.1,default,,200,,,PublicCatalog,,
http_req_waiting,1780770881,1028.224000,,,,true,,GET,PublicCatalog,HTTP/1.1,default,,200,,,PublicCatalog,,
http_req_receiving,1780770881,1.292300,,,,true,,GET,PublicCatalog,HTTP/1.1,default,,200,,,PublicCatalog,,
http_req_failed,1780770881,0.000000,,,,true,,GET,PublicCatalog,HTTP/1.1,default,,200,,,PublicCatalog,,
checks,1780770881,1.000000,Catalog page status is 200,,,,,,,,default,,,,,,,
http_reqs,1780770882,1.000000,,,,true,,GET,BookDetailsJoin,HTTP/1.1,default,,200,,,BookDetailsJoin,,
http_req_duration,1780770882,288.283200,,,,true,,GET,BookDetailsJoin,HTTP/1.1,default,,200,,,BookDetailsJoin,,
http_req_blocked,1780770882,0.000000,,,,true,,GET,BookDetailsJoin,HTTP/1.1,default,,200,,,BookDetailsJoin,,
http_req_connecting,1780770882,0.000000,,,,true,,GET,BookDetailsJoin,HTTP/1.1,default,,200,,,BookDetailsJoin,,
http_req_tls_handshaking,1780770882,0.000000,,,,true,,GET,BookDetailsJoin,HTTP/1.1,default,,200,,,BookDetailsJoin,,
http_req_sending,1780770882,0.000000,,,,true,,GET,BookDetailsJoin,HTTP/1.1,default,,200,,,BookDetailsJoin,,
http_req_waiting,1780770882,287.623100,,,,true,,GET,BookDetailsJoin,HTTP/1.1,default,,200,,,BookDetailsJoin,,
http_req_receiving,1780770882,0.660100,,,,true,,GET,BookDetailsJoin,HTTP/1.1,default,,200,,,BookDetailsJoin,,
http_req_failed,1780770882,0.000000,,,,true,,GET,BookDetailsJoin,HTTP/1.1,default,,200,,,BookDetailsJoin,,
checks,1780770882,1.000000,Book details status is 200,,,,,,,,default,,,,,,,
vus,1780770882,9.000000,,,,,,,,,,,,,,,,
vus_max,1780770882,50.000000,,,,,,,,,,,,,,,,
data_sent,1780770882,264.000000,,,,,,,,,default,,,,,,,
data_received,1780770882,111053.000000,,,,,,,,,default,,,,,,,
iteration_duration,1780770882,7236.117800,,,,,,,,,default,,,,,,,
iterations,1780770882,1.000000,,,,,,,,,default,,,,,,,
http_reqs,1780770882,1.000000,,,,true,,GET,LandingPage,HTTP/1.1,default,,200,,,LandingPage,,
http_req_duration,1780770882,1005.971100,,,,true,,GET,LandingPage,HTTP/1.1,default,,200,,,LandingPage,,
http_req_blocked,1780770882,0.000000,,,,true,,GET,LandingPage,HTTP/1.1,default,,200,,,LandingPage,,
http_req_connecting,1780770882,0.000000,,,,true,,GET,LandingPage,HTTP/1.1,default,,200,,,LandingPage,,
http_req_tls_handshaking,1780770882,0.000000,,,,true,,GET,LandingPage,HTTP/1.1,default,,200,,,LandingPage,,
http_req_sending,1780770882,0.000000,,,,true,,GET,LandingPage,HTTP/1.1,default,,200,,,LandingPage,,
http_req_waiting,1780770882,1004.010000,,,,true,,GET,LandingPage,HTTP/1.1,default,,200,,,LandingPage,,
http_req_receiving,1780770882,1.961100,,,,true,,GET,LandingPage,HTTP/1.1,default,,200,,,LandingPage,,
http_req_failed,1780770882,0.000000,,,,true,,GET,LandingPage,HTTP/1.1,default,,200,,,LandingPage,,
checks,1780770882,1.000000,Home page status is 200,,,,,,,,default,,,,,,,
http_reqs,1780770882,1.000000,,,,true,,GET,LandingPage,HTTP/1.1,default,,200,,,LandingPage,,
http_req_duration,1780770882,1125.106900,,,,true,,GET,LandingPage,HTTP/1.1,default,,200,,,LandingPage,,
http_req_blocked,1780770882,1.124900,,,,true,,GET,LandingPage,HTTP/1.1,default,,200,,,LandingPage,,
http_req_connecting,1780770882,1.124900,,,,true,,GET,LandingPage,HTTP/1.1,default,,200,,,LandingPage,,
http_req_tls_handshaking,1780770882,0.000000,,,,true,,GET,LandingPage,HTTP/1.1,default,,200,,,LandingPage,,
http_req_sending,1780770882,0.000000,,,,true,,GET,LandingPage,HTTP/1.1,default,,200,,,LandingPage,,
http_req_waiting,1780770882,1117.474100,,,,true,,GET,LandingPage,HTTP/1.1,default,,200,,,LandingPage,,
http_req_receiving,1780770882,7.632800,,,,true,,GET,LandingPage,HTTP/1.1,default,,200,,,LandingPage,,
http_req_failed,1780770882,0.000000,,,,true,,GET,LandingPage,HTTP/1.1,default,,200,,,LandingPage,,
checks,1780770882,1.000000,Home page status is 200,,,,,,,,default,,,,,,,
http_reqs,1780770883,1.000000,,,,true,,GET,PublicCatalog,HTTP/1.1,default,,200,,,PublicCatalog,,
http_req_duration,1780770883,1395.441400,,,,true,,GET,PublicCatalog,HTTP/1.1,default,,200,,,PublicCatalog,,
http_req_blocked,1780770883,0.000000,,,,true,,GET,PublicCatalog,HTTP/1.1,default,,200,,,PublicCatalog,,
http_req_connecting,1780770883,0.000000,,,,true,,GET,PublicCatalog,HTTP/1.1,default,,200,,,PublicCatalog,,
http_req_tls_handshaking,1780770883,0.000000,,,,true,,GET,PublicCatalog,HTTP/1.1,default,,200,,,PublicCatalog,,
http_req_sending,1780770883,0.000000,,,,true,,GET,PublicCatalog,HTTP/1.1,default,,200,,,PublicCatalog,,
http_req_waiting,1780770883,1394.235000,,,,true,,GET,PublicCatalog,HTTP/1.1,default,,200,,,PublicCatalog,,
http_req_receiving,1780770883,1.206400,,,,true,,GET,PublicCatalog,HTTP/1.1,default,,200,,,PublicCatalog,,
http_req_failed,1780770883,0.000000,,,,true,,GET,PublicCatalog,HTTP/1.1,default,,200,,,PublicCatalog,,
checks,1780770883,1.000000,Catalog page status is 200,,,,,,,,default,,,,,,,
http_reqs,1780770883,1.000000,,,,true,,GET,BookDetailsJoin,HTTP/1.1,default,,200,,,BookDetailsJoin,,
http_req_duration,1780770883,430.814700,,,,true,,GET,BookDetailsJoin,HTTP/1.1,default,,200,,,BookDetailsJoin,,
http_req_blocked,1780770883,0.000000,,,,true,,GET,BookDetailsJoin,HTTP/1.1,default,,200,,,BookDetailsJoin,,
http_req_connecting,1780770883,0.000000,,,,true,,GET,BookDetailsJoin,HTTP/1.1,default,,200,,,BookDetailsJoin,,
http_req_tls_handshaking,1780770883,0.000000,,,,true,,GET,BookDetailsJoin,HTTP/1.1,default,,200,,,BookDetailsJoin,,
http_req_sending,1780770883,0.000000,,,,true,,GET,BookDetailsJoin,HTTP/1.1,default,,200,,,BookDetailsJoin,,
http_req_waiting,1780770883,430.077700,,,,true,,GET,BookDetailsJoin,HTTP/1.1,default,,200,,,BookDetailsJoin,,
http_req_receiving,1780770883,0.737000,,,,true,,GET,BookDetailsJoin,HTTP/1.1,default,,200,,,BookDetailsJoin,,
http_req_failed,1780770883,0.000000,,,,true,,GET,BookDetailsJoin,HTTP/1.1,default,,200,,,BookDetailsJoin,,
checks,1780770883,1.000000,Book details status is 200,,,,,,,,default,,,,,,,
vus,1780770883,9.000000,,,,,,,,,,,,,,,,
vus_max,1780770883,50.000000,,,,,,,,,,,,,,,,
http_reqs,1780770883,1.000000,,,,true,,GET,BookDetailsJoin,HTTP/1.1,default,,200,,,BookDetailsJoin,,
http_req_duration,1780770883,781.180100,,,,true,,GET,BookDetailsJoin,HTTP/1.1,default,,200,,,BookDetailsJoin,,
http_req_blocked,1780770883,0.000000,,,,true,,GET,BookDetailsJoin,HTTP/1.1,default,,200,,,BookDetailsJoin,,
http_req_connecting,1780770883,0.000000,,,,true,,GET,BookDetailsJoin,HTTP/1.1,default,,200,,,BookDetailsJoin,,
http_req_tls_handshaking,1780770883,0.000000,,,,true,,GET,BookDetailsJoin,HTTP/1.1,default,,200,,,BookDetailsJoin,,
http_req_sending,1780770883,0.000000,,,,true,,GET,BookDetailsJoin,HTTP/1.1,default,,200,,,BookDetailsJoin,,
http_req_waiting,1780770883,780.221900,,,,true,,GET,BookDetailsJoin,HTTP/1.1,default,,200,,,BookDetailsJoin,,
http_req_receiving,1780770883,0.958200,,,,true,,GET,BookDetailsJoin,HTTP/1.1,default,,200,,,BookDetailsJoin,,
http_req_failed,1780770883,0.000000,,,,true,,GET,BookDetailsJoin,HTTP/1.1,default,,200,,,BookDetailsJoin,,
checks,1780770883,1.000000,Book details status is 200,,,,,,,,default,,,,,,,
http_reqs,1780770883,1.000000,,,,true,,GET,LandingPage,HTTP/1.1,default,,200,,,LandingPage,,
http_req_duration,1780770883,1160.021400,,,,true,,GET,LandingPage,HTTP/1.1,default,,200,,,LandingPage,,
http_req_blocked,1780770883,0.000000,,,,true,,GET,LandingPage,HTTP/1.1,default,,200,,,LandingPage,,
http_req_connecting,1780770883,0.000000,,,,true,,GET,LandingPage,HTTP/1.1,default,,200,,,LandingPage,,
http_req_tls_handshaking,1780770883,0.000000,,,,true,,GET,LandingPage,HTTP/1.1,default,,200,,,LandingPage,,
http_req_sending,1780770883,0.000000,,,,true,,GET,LandingPage,HTTP/1.1,default,,200,,,LandingPage,,
http_req_waiting,1780770883,1152.018100,,,,true,,GET,LandingPage,HTTP/1.1,default,,200,,,LandingPage,,
http_req_receiving,1780770883,8.003300,,,,true,,GET,LandingPage,HTTP/1.1,default,,200,,,LandingPage,,
http_req_failed,1780770883,0.000000,,,,true,,GET,LandingPage,HTTP/1.1,default,,200,,,LandingPage,,
checks,1780770883,1.000000,Home page status is 200,,,,,,,,default,,,,,,,
http_reqs,1780770883,1.000000,,,,true,,GET,PublicCatalog,HTTP/1.1,default,,200,,,PublicCatalog,,
http_req_duration,1780770883,1346.566200,,,,true,,GET,PublicCatalog,HTTP/1.1,default,,200,,,PublicCatalog,,
http_req_blocked,1780770883,0.000000,,,,true,,GET,PublicCatalog,HTTP/1.1,default,,200,,,PublicCatalog,,
http_req_connecting,1780770883,0.000000,,,,true,,GET,PublicCatalog,HTTP/1.1,default,,200,,,PublicCatalog,,
http_req_tls_handshaking,1780770883,0.000000,,,,true,,GET,PublicCatalog,HTTP/1.1,default,,200,,,PublicCatalog,,
http_req_sending,1780770883,0.000000,,,,true,,GET,PublicCatalog,HTTP/1.1,default,,200,,,PublicCatalog,,
http_req_waiting,1780770883,1340.940000,,,,true,,GET,PublicCatalog,HTTP/1.1,default,,200,,,PublicCatalog,,
http_req_receiving,1780770883,5.626200,,,,true,,GET,PublicCatalog,HTTP/1.1,default,,200,,,PublicCatalog,,
http_req_failed,1780770883,0.000000,,,,true,,GET,PublicCatalog,HTTP/1.1,default,,200,,,PublicCatalog,,
checks,1780770883,1.000000,Catalog page status is 200,,,,,,,,default,,,,,,,
http_reqs,1780770884,1.000000,,,,true,,GET,BookDetailsJoin,HTTP/1.1,default,,200,,,BookDetailsJoin,,
http_req_duration,1780770884,378.801900,,,,true,,GET,BookDetailsJoin,HTTP/1.1,default,,200,,,BookDetailsJoin,,
http_req_blocked,1780770884,0.000000,,,,true,,GET,BookDetailsJoin,HTTP/1.1,default,,200,,,BookDetailsJoin,,
http_req_connecting,1780770884,0.000000,,,,true,,GET,BookDetailsJoin,HTTP/1.1,default,,200,,,BookDetailsJoin,,
http_req_tls_handshaking,1780770884,0.000000,,,,true,,GET,BookDetailsJoin,HTTP/1.1,default,,200,,,BookDetailsJoin,,
http_req_sending,1780770884,0.000000,,,,true,,GET,BookDetailsJoin,HTTP/1.1,default,,200,,,BookDetailsJoin,,
http_req_waiting,1780770884,378.801900,,,,true,,GET,BookDetailsJoin,HTTP/1.1,default,,200,,,BookDetailsJoin,,
http_req_receiving,1780770884,0.000000,,,,true,,GET,BookDetailsJoin,HTTP/1.1,default,,200,,,BookDetailsJoin,,
http_req_failed,1780770884,0.000000,,,,true,,GET,BookDetailsJoin,HTTP/1.1,default,,200,,,BookDetailsJoin,,
checks,1780770884,1.000000,Book details status is 200,,,,,,,,default,,,,,,,
http_reqs,1780770884,1.000000,,,,true,,GET,PublicCatalog,HTTP/1.1,default,,200,,,PublicCatalog,,
http_req_duration,1780770884,964.180300,,,,true,,GET,PublicCatalog,HTTP/1.1,default,,200,,,PublicCatalog,,
http_req_blocked,1780770884,0.000000,,,,true,,GET,PublicCatalog,HTTP/1.1,default,,200,,,PublicCatalog,,
http_req_connecting,1780770884,0.000000,,,,true,,GET,PublicCatalog,HTTP/1.1,default,,200,,,PublicCatalog,,
http_req_tls_handshaking,1780770884,0.000000,,,,true,,GET,PublicCatalog,HTTP/1.1,default,,200,,,PublicCatalog,,
http_req_sending,1780770884,0.000000,,,,true,,GET,PublicCatalog,HTTP/1.1,default,,200,,,PublicCatalog,,
http_req_waiting,1780770884,963.442400,,,,true,,GET,PublicCatalog,HTTP/1.1,default,,200,,,PublicCatalog,,
http_req_receiving,1780770884,0.737900,,,,true,,GET,PublicCatalog,HTTP/1.1,default,,200,,,PublicCatalog,,
http_req_failed,1780770884,0.000000,,,,true,,GET,PublicCatalog,HTTP/1.1,default,,200,,,PublicCatalog,,
checks,1780770884,1.000000,Catalog page status is 200,,,,,,,,default,,,,,,,
vus,1780770884,9.000000,,,,,,,,,,,,,,,,
vus_max,1780770884,50.000000,,,,,,,,,,,,,,,,
http_reqs,1780770884,1.000000,,,,true,,GET,PublicCatalog,HTTP/1.1,default,,200,,,PublicCatalog,,
http_req_duration,1780770884,890.742500,,,,true,,GET,PublicCatalog,HTTP/1.1,default,,200,,,PublicCatalog,,
http_req_blocked,1780770884,0.000000,,,,true,,GET,PublicCatalog,HTTP/1.1,default,,200,,,PublicCatalog,,
http_req_connecting,1780770884,0.000000,,,,true,,GET,PublicCatalog,HTTP/1.1,default,,200,,,PublicCatalog,,
http_req_tls_handshaking,1780770884,0.000000,,,,true,,GET,PublicCatalog,HTTP/1.1,default,,200,,,PublicCatalog,,
http_req_sending,1780770884,0.000000,,,,true,,GET,PublicCatalog,HTTP/1.1,default,,200,,,PublicCatalog,,
http_req_waiting,1780770884,885.379800,,,,true,,GET,PublicCatalog,HTTP/1.1,default,,200,,,PublicCatalog,,
http_req_receiving,1780770884,5.362700,,,,true,,GET,PublicCatalog,HTTP/1.1,default,,200,,,PublicCatalog,,
http_req_failed,1780770884,0.000000,,,,true,,GET,PublicCatalog,HTTP/1.1,default,,200,,,PublicCatalog,,
checks,1780770884,1.000000,Catalog page status is 200,,,,,,,,default,,,,,,,
latency_cold_start,1780770884,1778.000000,,,,,,,,,default,,,,,,,
data_sent,1780770885,264.000000,,,,,,,,,default,,,,,,,
data_received,1780770885,110292.000000,,,,,,,,,default,,,,,,,
iteration_duration,1780770885,7991.601700,,,,,,,,,default,,,,,,,
iterations,1780770885,1.000000,,,,,,,,,default,,,,,,,
http_reqs,1780770885,1.000000,,,,true,,GET,BookDetailsJoin,HTTP/1.1,default,,200,,,BookDetailsJoin,,
http_req_duration,1780770885,313.281900,,,,true,,GET,BookDetailsJoin,HTTP/1.1,default,,200,,,BookDetailsJoin,,
http_req_blocked,1780770885,0.000000,,,,true,,GET,BookDetailsJoin,HTTP/1.1,default,,200,,,BookDetailsJoin,,
http_req_connecting,1780770885,0.000000,,,,true,,GET,BookDetailsJoin,HTTP/1.1,default,,200,,,BookDetailsJoin,,
http_req_tls_handshaking,1780770885,0.000000,,,,true,,GET,BookDetailsJoin,HTTP/1.1,default,,200,,,BookDetailsJoin,,
http_req_sending,1780770885,0.000000,,,,true,,GET,BookDetailsJoin,HTTP/1.1,default,,200,,,BookDetailsJoin,,
http_req_waiting,1780770885,311.768500,,,,true,,GET,BookDetailsJoin,HTTP/1.1,default,,200,,,BookDetailsJoin,,
http_req_receiving,1780770885,1.513400,,,,true,,GET,BookDetailsJoin,HTTP/1.1,default,,200,,,BookDetailsJoin,,
http_req_failed,1780770885,0.000000,,,,true,,GET,BookDetailsJoin,HTTP/1.1,default,,200,,,BookDetailsJoin,,
checks,1780770885,1.000000,Book details status is 200,,,,,,,,default,,,,,,,
vus,1780770885,10.000000,,,,,,,,,,,,,,,,
vus_max,1780770885,50.000000,,,,,,,,,,,,,,,,
http_reqs,1780770885,1.000000,,,,true,,GET,LandingPage,HTTP/1.1,default,,200,,,LandingPage,,
http_req_duration,1780770885,928.347800,,,,true,,GET,LandingPage,HTTP/1.1,default,,200,,,LandingPage,,
http_req_blocked,1780770885,0.782100,,,,true,,GET,LandingPage,HTTP/1.1,default,,200,,,LandingPage,,
http_req_connecting,1780770885,0.782100,,,,true,,GET,LandingPage,HTTP/1.1,default,,200,,,LandingPage,,
http_req_tls_handshaking,1780770885,0.000000,,,,true,,GET,LandingPage,HTTP/1.1,default,,200,,,LandingPage,,
http_req_sending,1780770885,0.000000,,,,true,,GET,LandingPage,HTTP/1.1,default,,200,,,LandingPage,,
http_req_waiting,1780770885,927.353900,,,,true,,GET,LandingPage,HTTP/1.1,default,,200,,,LandingPage,,
http_req_receiving,1780770885,0.993900,,,,true,,GET,LandingPage,HTTP/1.1,default,,200,,,LandingPage,,
http_req_failed,1780770885,0.000000,,,,true,,GET,LandingPage,HTTP/1.1,default,,200,,,LandingPage,,
checks,1780770885,1.000000,Home page status is 200,,,,,,,,default,,,,,,,
http_reqs,1780770885,1.000000,,,,true,,GET,PublicCatalog,HTTP/1.1,default,,200,,,PublicCatalog,,
http_req_duration,1780770885,1161.272000,,,,true,,GET,PublicCatalog,HTTP/1.1,default,,200,,,PublicCatalog,,
http_req_blocked,1780770885,0.000000,,,,true,,GET,PublicCatalog,HTTP/1.1,default,,200,,,PublicCatalog,,
http_req_connecting,1780770885,0.000000,,,,true,,GET,PublicCatalog,HTTP/1.1,default,,200,,,PublicCatalog,,
http_req_tls_handshaking,1780770885,0.000000,,,,true,,GET,PublicCatalog,HTTP/1.1,default,,200,,,PublicCatalog,,
http_req_sending,1780770885,0.000000,,,,true,,GET,PublicCatalog,HTTP/1.1,default,,200,,,PublicCatalog,,
http_req_waiting,1780770885,1160.318000,,,,true,,GET,PublicCatalog,HTTP/1.1,default,,200,,,PublicCatalog,,
http_req_receiving,1780770885,0.954000,,,,true,,GET,PublicCatalog,HTTP/1.1,default,,200,,,PublicCatalog,,
http_req_failed,1780770885,0.000000,,,,true,,GET,PublicCatalog,HTTP/1.1,default,,200,,,PublicCatalog,,
checks,1780770885,1.000000,Catalog page status is 200,,,,,,,,default,,,,,,,
http_reqs,1780770886,1.000000,,,,true,,GET,LandingPage,HTTP/1.1,default,,200,,,LandingPage,,
http_req_duration,1780770886,822.071600,,,,true,,GET,LandingPage,HTTP/1.1,default,,200,,,LandingPage,,
http_req_blocked,1780770886,0.000000,,,,true,,GET,LandingPage,HTTP/1.1,default,,200,,,LandingPage,,
http_req_connecting,1780770886,0.000000,,,,true,,GET,LandingPage,HTTP/1.1,default,,200,,,LandingPage,,
http_req_tls_handshaking,1780770886,0.000000,,,,true,,GET,LandingPage,HTTP/1.1,default,,200,,,LandingPage,,
http_req_sending,1780770886,0.000000,,,,true,,GET,LandingPage,HTTP/1.1,default,,200,,,LandingPage,,
http_req_waiting,1780770886,813.193300,,,,true,,GET,LandingPage,HTTP/1.1,default,,200,,,LandingPage,,
http_req_receiving,1780770886,8.878300,,,,true,,GET,LandingPage,HTTP/1.1,default,,200,,,LandingPage,,
http_req_failed,1780770886,0.000000,,,,true,,GET,LandingPage,HTTP/1.1,default,,200,,,LandingPage,,
checks,1780770886,1.000000,Home page status is 200,,,,,,,,default,,,,,,,
http_reqs,1780770886,1.000000,,,,true,,GET,BookDetailsJoin,HTTP/1.1,default,,200,,,BookDetailsJoin,,
http_req_duration,1780770886,259.720900,,,,true,,GET,BookDetailsJoin,HTTP/1.1,default,,200,,,BookDetailsJoin,,
http_req_blocked,1780770886,0.000000,,,,true,,GET,BookDetailsJoin,HTTP/1.1,default,,200,,,BookDetailsJoin,,
http_req_connecting,1780770886,0.000000,,,,true,,GET,BookDetailsJoin,HTTP/1.1,default,,200,,,BookDetailsJoin,,
http_req_tls_handshaking,1780770886,0.000000,,,,true,,GET,BookDetailsJoin,HTTP/1.1,default,,200,,,BookDetailsJoin,,
http_req_sending,1780770886,0.000000,,,,true,,GET,BookDetailsJoin,HTTP/1.1,default,,200,,,BookDetailsJoin,,
http_req_waiting,1780770886,252.507500,,,,true,,GET,BookDetailsJoin,HTTP/1.1,default,,200,,,BookDetailsJoin,,
http_req_receiving,1780770886,7.213400,,,,true,,GET,BookDetailsJoin,HTTP/1.1,default,,200,,,BookDetailsJoin,,
http_req_failed,1780770886,0.000000,,,,true,,GET,BookDetailsJoin,HTTP/1.1,default,,200,,,BookDetailsJoin,,
checks,1780770886,1.000000,Book details status is 200,,,,,,,,default,,,,,,,
data_sent,1780770886,264.000000,,,,,,,,,default,,,,,,,
data_received,1780770886,109971.000000,,,,,,,,,default,,,,,,,
iteration_duration,1780770886,7839.855700,,,,,,,,,default,,,,,,,
iterations,1780770886,1.000000,,,,,,,,,default,,,,,,,
vus,1780770886,10.000000,,,,,,,,,,,,,,,,
vus_max,1780770886,50.000000,,,,,,,,,,,,,,,,
data_sent,1780770886,264.000000,,,,,,,,,default,,,,,,,
data_received,1780770886,109820.000000,,,,,,,,,default,,,,,,,
iteration_duration,1780770886,8782.837000,,,,,,,,,default,,,,,,,
iterations,1780770886,1.000000,,,,,,,,,default,,,,,,,
http_reqs,1780770886,1.000000,,,,true,,GET,BookDetailsJoin,HTTP/1.1,default,,200,,,BookDetailsJoin,,
http_req_duration,1780770886,182.283800,,,,true,,GET,BookDetailsJoin,HTTP/1.1,default,,200,,,BookDetailsJoin,,
http_req_blocked,1780770886,0.000000,,,,true,,GET,BookDetailsJoin,HTTP/1.1,default,,200,,,BookDetailsJoin,,
http_req_connecting,1780770886,0.000000,,,,true,,GET,BookDetailsJoin,HTTP/1.1,default,,200,,,BookDetailsJoin,,
http_req_tls_handshaking,1780770886,0.000000,,,,true,,GET,BookDetailsJoin,HTTP/1.1,default,,200,,,BookDetailsJoin,,
http_req_sending,1780770886,0.000000,,,,true,,GET,BookDetailsJoin,HTTP/1.1,default,,200,,,BookDetailsJoin,,
http_req_waiting,1780770886,181.395900,,,,true,,GET,BookDetailsJoin,HTTP/1.1,default,,200,,,BookDetailsJoin,,
http_req_receiving,1780770886,0.887900,,,,true,,GET,BookDetailsJoin,HTTP/1.1,default,,200,,,BookDetailsJoin,,
http_req_failed,1780770886,0.000000,,,,true,,GET,BookDetailsJoin,HTTP/1.1,default,,200,,,BookDetailsJoin,,
checks,1780770886,1.000000,Book details status is 200,,,,,,,,default,,,,,,,
http_reqs,1780770887,1.000000,,,,true,,GET,LandingPage,HTTP/1.1,default,,200,,,LandingPage,,
http_req_duration,1780770887,654.816800,,,,true,,GET,LandingPage,HTTP/1.1,default,,200,,,LandingPage,,
http_req_blocked,1780770887,0.000000,,,,true,,GET,LandingPage,HTTP/1.1,default,,200,,,LandingPage,,
http_req_connecting,1780770887,0.000000,,,,true,,GET,LandingPage,HTTP/1.1,default,,200,,,LandingPage,,
http_req_tls_handshaking,1780770887,0.000000,,,,true,,GET,LandingPage,HTTP/1.1,default,,200,,,LandingPage,,
http_req_sending,1780770887,0.000000,,,,true,,GET,LandingPage,HTTP/1.1,default,,200,,,LandingPage,,
http_req_waiting,1780770887,653.728300,,,,true,,GET,LandingPage,HTTP/1.1,default,,200,,,LandingPage,,
http_req_receiving,1780770887,1.088500,,,,true,,GET,LandingPage,HTTP/1.1,default,,200,,,LandingPage,,
http_req_failed,1780770887,0.000000,,,,true,,GET,LandingPage,HTTP/1.1,default,,200,,,LandingPage,,
checks,1780770887,1.000000,Home page status is 200,,,,,,,,default,,,,,,,
data_sent,1780770887,264.000000,,,,,,,,,default,,,,,,,
data_received,1780770887,110683.000000,,,,,,,,,default,,,,,,,
iteration_duration,1780770887,8121.417600,,,,,,,,,default,,,,,,,
iterations,1780770887,1.000000,,,,,,,,,default,,,,,,,
http_reqs,1780770887,1.000000,,,,true,,GET,BookDetailsJoin,HTTP/1.1,default,,200,,,BookDetailsJoin,,
http_req_duration,1780770887,626.967400,,,,true,,GET,BookDetailsJoin,HTTP/1.1,default,,200,,,BookDetailsJoin,,
http_req_blocked,1780770887,0.000000,,,,true,,GET,BookDetailsJoin,HTTP/1.1,default,,200,,,BookDetailsJoin,,
http_req_connecting,1780770887,0.000000,,,,true,,GET,BookDetailsJoin,HTTP/1.1,default,,200,,,BookDetailsJoin,,
http_req_tls_handshaking,1780770887,0.000000,,,,true,,GET,BookDetailsJoin,HTTP/1.1,default,,200,,,BookDetailsJoin,,
http_req_sending,1780770887,0.000000,,,,true,,GET,BookDetailsJoin,HTTP/1.1,default,,200,,,BookDetailsJoin,,
http_req_waiting,1780770887,626.001400,,,,true,,GET,BookDetailsJoin,HTTP/1.1,default,,200,,,BookDetailsJoin,,
http_req_receiving,1780770887,0.966000,,,,true,,GET,BookDetailsJoin,HTTP/1.1,default,,200,,,BookDetailsJoin,,
http_req_failed,1780770887,0.000000,,,,true,,GET,BookDetailsJoin,HTTP/1.1,default,,200,,,BookDetailsJoin,,
checks,1780770887,1.000000,Book details status is 200,,,,,,,,default,,,,,,,
vus,1780770887,10.000000,,,,,,,,,,,,,,,,
vus_max,1780770887,50.000000,,,,,,,,,,,,,,,,
http_reqs,1780770887,1.000000,,,,true,,GET,LandingPage,HTTP/1.1,default,,200,,,LandingPage,,
http_req_duration,1780770887,1383.981100,,,,true,,GET,LandingPage,HTTP/1.1,default,,200,,,LandingPage,,
http_req_blocked,1780770887,0.000000,,,,true,,GET,LandingPage,HTTP/1.1,default,,200,,,LandingPage,,
http_req_connecting,1780770887,0.000000,,,,true,,GET,LandingPage,HTTP/1.1,default,,200,,,LandingPage,,
http_req_tls_handshaking,1780770887,0.000000,,,,true,,GET,LandingPage,HTTP/1.1,default,,200,,,LandingPage,,
http_req_sending,1780770887,0.000000,,,,true,,GET,LandingPage,HTTP/1.1,default,,200,,,LandingPage,,
http_req_waiting,1780770887,1382.151400,,,,true,,GET,LandingPage,HTTP/1.1,default,,200,,,LandingPage,,
http_req_receiving,1780770887,1.829700,,,,true,,GET,LandingPage,HTTP/1.1,default,,200,,,LandingPage,,
http_req_failed,1780770887,0.000000,,,,true,,GET,LandingPage,HTTP/1.1,default,,200,,,LandingPage,,
checks,1780770887,1.000000,Home page status is 200,,,,,,,,default,,,,,,,
latency_cold_start,1780770887,1778.000000,,,,,,,,,default,,,,,,,
http_reqs,1780770888,1.000000,,,,true,,GET,LandingPage,HTTP/1.1,default,,200,,,LandingPage,,
http_req_duration,1780770888,961.957200,,,,true,,GET,LandingPage,HTTP/1.1,default,,200,,,LandingPage,,
http_req_blocked,1780770888,0.000000,,,,true,,GET,LandingPage,HTTP/1.1,default,,200,,,LandingPage,,
http_req_connecting,1780770888,0.000000,,,,true,,GET,LandingPage,HTTP/1.1,default,,200,,,LandingPage,,
http_req_tls_handshaking,1780770888,0.000000,,,,true,,GET,LandingPage,HTTP/1.1,default,,200,,,LandingPage,,
http_req_sending,1780770888,0.000000,,,,true,,GET,LandingPage,HTTP/1.1,default,,200,,,LandingPage,,
http_req_waiting,1780770888,960.602600,,,,true,,GET,LandingPage,HTTP/1.1,default,,200,,,LandingPage,,
http_req_receiving,1780770888,1.354600,,,,true,,GET,LandingPage,HTTP/1.1,default,,200,,,LandingPage,,
http_req_failed,1780770888,0.000000,,,,true,,GET,LandingPage,HTTP/1.1,default,,200,,,LandingPage,,
checks,1780770888,1.000000,Home page status is 200,,,,,,,,default,,,,,,,
http_reqs,1780770888,1.000000,,,,true,,GET,PublicCatalog,HTTP/1.1,default,,200,,,PublicCatalog,,
http_req_duration,1780770888,1504.734800,,,,true,,GET,PublicCatalog,HTTP/1.1,default,,200,,,PublicCatalog,,
http_req_blocked,1780770888,0.000000,,,,true,,GET,PublicCatalog,HTTP/1.1,default,,200,,,PublicCatalog,,
http_req_connecting,1780770888,0.000000,,,,true,,GET,PublicCatalog,HTTP/1.1,default,,200,,,PublicCatalog,,
http_req_tls_handshaking,1780770888,0.000000,,,,true,,GET,PublicCatalog,HTTP/1.1,default,,200,,,PublicCatalog,,
http_req_sending,1780770888,0.000000,,,,true,,GET,PublicCatalog,HTTP/1.1,default,,200,,,PublicCatalog,,
http_req_waiting,1780770888,1503.739700,,,,true,,GET,PublicCatalog,HTTP/1.1,default,,200,,,PublicCatalog,,
http_req_receiving,1780770888,0.995100,,,,true,,GET,PublicCatalog,HTTP/1.1,default,,200,,,PublicCatalog,,
http_req_failed,1780770888,0.000000,,,,true,,GET,PublicCatalog,HTTP/1.1,default,,200,,,PublicCatalog,,
checks,1780770888,1.000000,Catalog page status is 200,,,,,,,,default,,,,,,,
data_sent,1780770888,264.000000,,,,,,,,,default,,,,,,,
data_received,1780770888,110304.000000,,,,,,,,,default,,,,,,,
iteration_duration,1780770888,8754.710800,,,,,,,,,default,,,,,,,
iterations,1780770888,1.000000,,,,,,,,,default,,,,,,,
http_reqs,1780770888,1.000000,,,,true,,GET,PublicCatalog,HTTP/1.1,default,,200,,,PublicCatalog,,
http_req_duration,1780770888,1333.820800,,,,true,,GET,PublicCatalog,HTTP/1.1,default,,200,,,PublicCatalog,,
http_req_blocked,1780770888,0.000000,,,,true,,GET,PublicCatalog,HTTP/1.1,default,,200,,,PublicCatalog,,
http_req_connecting,1780770888,0.000000,,,,true,,GET,PublicCatalog,HTTP/1.1,default,,200,,,PublicCatalog,,
http_req_tls_handshaking,1780770888,0.000000,,,,true,,GET,PublicCatalog,HTTP/1.1,default,,200,,,PublicCatalog,,
http_req_sending,1780770888,0.000000,,,,true,,GET,PublicCatalog,HTTP/1.1,default,,200,,,PublicCatalog,,
http_req_waiting,1780770888,1327.676700,,,,true,,GET,PublicCatalog,HTTP/1.1,default,,200,,,PublicCatalog,,
http_req_receiving,1780770888,6.144100,,,,true,,GET,PublicCatalog,HTTP/1.1,default,,200,,,PublicCatalog,,
http_req_failed,1780770888,0.000000,,,,true,,GET,PublicCatalog,HTTP/1.1,default,,200,,,PublicCatalog,,
checks,1780770888,1.000000,Catalog page status is 200,,,,,,,,default,,,,,,,
vus,1780770888,11.000000,,,,,,,,,,,,,,,,
vus_max,1780770888,50.000000,,,,,,,,,,,,,,,,
http_reqs,1780770888,1.000000,,,,true,,GET,BookDetailsJoin,HTTP/1.1,default,,200,,,BookDetailsJoin,,
http_req_duration,1780770888,826.124200,,,,true,,GET,BookDetailsJoin,HTTP/1.1,default,,200,,,BookDetailsJoin,,
http_req_blocked,1780770888,0.000000,,,,true,,GET,BookDetailsJoin,HTTP/1.1,default,,200,,,BookDetailsJoin,,
http_req_connecting,1780770888,0.000000,,,,true,,GET,BookDetailsJoin,HTTP/1.1,default,,200,,,BookDetailsJoin,,
http_req_tls_handshaking,1780770888,0.000000,,,,true,,GET,BookDetailsJoin,HTTP/1.1,default,,200,,,BookDetailsJoin,,
http_req_sending,1780770888,0.000000,,,,true,,GET,BookDetailsJoin,HTTP/1.1,default,,200,,,BookDetailsJoin,,
http_req_waiting,1780770888,825.442700,,,,true,,GET,BookDetailsJoin,HTTP/1.1,default,,200,,,BookDetailsJoin,,
http_req_receiving,1780770888,0.681500,,,,true,,GET,BookDetailsJoin,HTTP/1.1,default,,200,,,BookDetailsJoin,,
http_req_failed,1780770888,0.000000,,,,true,,GET,BookDetailsJoin,HTTP/1.1,default,,200,,,BookDetailsJoin,,
checks,1780770888,1.000000,Book details status is 200,,,,,,,,default,,,,,,,
data_sent,1780770889,264.000000,,,,,,,,,default,,,,,,,
data_received,1780770889,111307.000000,,,,,,,,,default,,,,,,,
iteration_duration,1780770889,8521.944000,,,,,,,,,default,,,,,,,
iterations,1780770889,1.000000,,,,,,,,,default,,,,,,,
vus,1780770889,11.000000,,,,,,,,,,,,,,,,
vus_max,1780770889,50.000000,,,,,,,,,,,,,,,,
data_sent,1780770889,264.000000,,,,,,,,,default,,,,,,,
data_received,1780770889,111012.000000,,,,,,,,,default,,,,,,,
iteration_duration,1780770889,8153.938000,,,,,,,,,default,,,,,,,
iterations,1780770889,1.000000,,,,,,,,,default,,,,,,,
http_reqs,1780770889,1.000000,,,,true,,GET,LandingPage,HTTP/1.1,default,,200,,,LandingPage,,
http_req_duration,1780770889,1395.114800,,,,true,,GET,LandingPage,HTTP/1.1,default,,200,,,LandingPage,,
http_req_blocked,1780770889,0.000000,,,,true,,GET,LandingPage,HTTP/1.1,default,,200,,,LandingPage,,
http_req_connecting,1780770889,0.000000,,,,true,,GET,LandingPage,HTTP/1.1,default,,200,,,LandingPage,,
http_req_tls_handshaking,1780770889,0.000000,,,,true,,GET,LandingPage,HTTP/1.1,default,,200,,,LandingPage,,
http_req_sending,1780770889,0.000000,,,,true,,GET,LandingPage,HTTP/1.1,default,,200,,,LandingPage,,
http_req_waiting,1780770889,1389.321500,,,,true,,GET,LandingPage,HTTP/1.1,default,,200,,,LandingPage,,
http_req_receiving,1780770889,5.793300,,,,true,,GET,LandingPage,HTTP/1.1,default,,200,,,LandingPage,,
http_req_failed,1780770889,0.000000,,,,true,,GET,LandingPage,HTTP/1.1,default,,200,,,LandingPage,,
checks,1780770889,1.000000,Home page status is 200,,,,,,,,default,,,,,,,
http_reqs,1780770890,1.000000,,,,true,,GET,LandingPage,HTTP/1.1,default,,200,,,LandingPage,,
http_req_duration,1780770890,2047.098100,,,,true,,GET,LandingPage,HTTP/1.1,default,,200,,,LandingPage,,
http_req_blocked,1780770890,0.948000,,,,true,,GET,LandingPage,HTTP/1.1,default,,200,,,LandingPage,,
http_req_connecting,1780770890,0.948000,,,,true,,GET,LandingPage,HTTP/1.1,default,,200,,,LandingPage,,
http_req_tls_handshaking,1780770890,0.000000,,,,true,,GET,LandingPage,HTTP/1.1,default,,200,,,LandingPage,,
http_req_sending,1780770890,0.000000,,,,true,,GET,LandingPage,HTTP/1.1,default,,200,,,LandingPage,,
http_req_waiting,1780770890,2046.202500,,,,true,,GET,LandingPage,HTTP/1.1,default,,200,,,LandingPage,,
http_req_receiving,1780770890,0.895600,,,,true,,GET,LandingPage,HTTP/1.1,default,,200,,,LandingPage,,
http_req_failed,1780770890,0.000000,,,,true,,GET,LandingPage,HTTP/1.1,default,,200,,,LandingPage,,
checks,1780770890,1.000000,Home page status is 200,,,,,,,,default,,,,,,,
http_reqs,1780770890,1.000000,,,,true,,GET,PublicCatalog,HTTP/1.1,default,,200,,,PublicCatalog,,
http_req_duration,1780770890,2157.184800,,,,true,,GET,PublicCatalog,HTTP/1.1,default,,200,,,PublicCatalog,,
http_req_blocked,1780770890,0.000000,,,,true,,GET,PublicCatalog,HTTP/1.1,default,,200,,,PublicCatalog,,
http_req_connecting,1780770890,0.000000,,,,true,,GET,PublicCatalog,HTTP/1.1,default,,200,,,PublicCatalog,,
http_req_tls_handshaking,1780770890,0.000000,,,,true,,GET,PublicCatalog,HTTP/1.1,default,,200,,,PublicCatalog,,
http_req_sending,1780770890,0.000000,,,,true,,GET,PublicCatalog,HTTP/1.1,default,,200,,,PublicCatalog,,
http_req_waiting,1780770890,2155.461300,,,,true,,GET,PublicCatalog,HTTP/1.1,default,,200,,,PublicCatalog,,
http_req_receiving,1780770890,1.723500,,,,true,,GET,PublicCatalog,HTTP/1.1,default,,200,,,PublicCatalog,,
http_req_failed,1780770890,0.000000,,,,true,,GET,PublicCatalog,HTTP/1.1,default,,200,,,PublicCatalog,,
checks,1780770890,1.000000,Catalog page status is 200,,,,,,,,default,,,,,,,
http_reqs,1780770890,1.000000,,,,true,,GET,PublicCatalog,HTTP/1.1,default,,200,,,PublicCatalog,,
http_req_duration,1780770890,1318.599300,,,,true,,GET,PublicCatalog,HTTP/1.1,default,,200,,,PublicCatalog,,
http_req_blocked,1780770890,0.000000,,,,true,,GET,PublicCatalog,HTTP/1.1,default,,200,,,PublicCatalog,,
http_req_connecting,1780770890,0.000000,,,,true,,GET,PublicCatalog,HTTP/1.1,default,,200,,,PublicCatalog,,
http_req_tls_handshaking,1780770890,0.000000,,,,true,,GET,PublicCatalog,HTTP/1.1,default,,200,,,PublicCatalog,,
http_req_sending,1780770890,0.000000,,,,true,,GET,PublicCatalog,HTTP/1.1,default,,200,,,PublicCatalog,,
http_req_waiting,1780770890,1317.867700,,,,true,,GET,PublicCatalog,HTTP/1.1,default,,200,,,PublicCatalog,,
http_req_receiving,1780770890,0.731600,,,,true,,GET,PublicCatalog,HTTP/1.1,default,,200,,,PublicCatalog,,
http_req_failed,1780770890,0.000000,,,,true,,GET,PublicCatalog,HTTP/1.1,default,,200,,,PublicCatalog,,
checks,1780770890,1.000000,Catalog page status is 200,,,,,,,,default,,,,,,,
data_sent,1780770890,264.000000,,,,,,,,,default,,,,,,,
data_received,1780770890,110351.000000,,,,,,,,,default,,,,,,,
iteration_duration,1780770890,8646.337100,,,,,,,,,default,,,,,,,
iterations,1780770890,1.000000,,,,,,,,,default,,,,,,,
vus,1780770890,11.000000,,,,,,,,,,,,,,,,
vus_max,1780770890,50.000000,,,,,,,,,,,,,,,,
http_reqs,1780770890,1.000000,,,,true,,GET,LandingPage,HTTP/1.1,default,,200,,,LandingPage,,
http_req_duration,1780770890,1594.230300,,,,true,,GET,LandingPage,HTTP/1.1,default,,200,,,LandingPage,,
http_req_blocked,1780770890,0.000000,,,,true,,GET,LandingPage,HTTP/1.1,default,,200,,,LandingPage,,
http_req_connecting,1780770890,0.000000,,,,true,,GET,LandingPage,HTTP/1.1,default,,200,,,LandingPage,,
http_req_tls_handshaking,1780770890,0.000000,,,,true,,GET,LandingPage,HTTP/1.1,default,,200,,,LandingPage,,
http_req_sending,1780770890,0.000000,,,,true,,GET,LandingPage,HTTP/1.1,default,,200,,,LandingPage,,
http_req_waiting,1780770890,1588.820400,,,,true,,GET,LandingPage,HTTP/1.1,default,,200,,,LandingPage,,
http_req_receiving,1780770890,5.409900,,,,true,,GET,LandingPage,HTTP/1.1,default,,200,,,LandingPage,,
http_req_failed,1780770890,0.000000,,,,true,,GET,LandingPage,HTTP/1.1,default,,200,,,LandingPage,,
checks,1780770890,1.000000,Home page status is 200,,,,,,,,default,,,,,,,
latency_cold_start,1780770891,1778.000000,,,,,,,,,default,,,,,,,
http_reqs,1780770891,1.000000,,,,true,,GET,LandingPage,HTTP/1.1,default,,200,,,LandingPage,,
http_req_duration,1780770891,1431.829400,,,,true,,GET,LandingPage,HTTP/1.1,default,,200,,,LandingPage,,
http_req_blocked,1780770891,0.000000,,,,true,,GET,LandingPage,HTTP/1.1,default,,200,,,LandingPage,,
http_req_connecting,1780770891,0.000000,,,,true,,GET,LandingPage,HTTP/1.1,default,,200,,,LandingPage,,
http_req_tls_handshaking,1780770891,0.000000,,,,true,,GET,LandingPage,HTTP/1.1,default,,200,,,LandingPage,,
http_req_sending,1780770891,0.000000,,,,true,,GET,LandingPage,HTTP/1.1,default,,200,,,LandingPage,,
http_req_waiting,1780770891,1430.600800,,,,true,,GET,LandingPage,HTTP/1.1,default,,200,,,LandingPage,,
http_req_receiving,1780770891,1.228600,,,,true,,GET,LandingPage,HTTP/1.1,default,,200,,,LandingPage,,
http_req_failed,1780770891,0.000000,,,,true,,GET,LandingPage,HTTP/1.1,default,,200,,,LandingPage,,
checks,1780770891,1.000000,Home page status is 200,,,,,,,,default,,,,,,,
http_reqs,1780770891,1.000000,,,,true,,GET,PublicCatalog,HTTP/1.1,default,,200,,,PublicCatalog,,
http_req_duration,1780770891,2212.168500,,,,true,,GET,PublicCatalog,HTTP/1.1,default,,200,,,PublicCatalog,,
http_req_blocked,1780770891,0.000000,,,,true,,GET,PublicCatalog,HTTP/1.1,default,,200,,,PublicCatalog,,
http_req_connecting,1780770891,0.000000,,,,true,,GET,PublicCatalog,HTTP/1.1,default,,200,,,PublicCatalog,,
http_req_tls_handshaking,1780770891,0.000000,,,,true,,GET,PublicCatalog,HTTP/1.1,default,,200,,,PublicCatalog,,
http_req_sending,1780770891,0.000000,,,,true,,GET,PublicCatalog,HTTP/1.1,default,,200,,,PublicCatalog,,
http_req_waiting,1780770891,2208.830400,,,,true,,GET,PublicCatalog,HTTP/1.1,default,,200,,,PublicCatalog,,
http_req_receiving,1780770891,3.338100,,,,true,,GET,PublicCatalog,HTTP/1.1,default,,200,,,PublicCatalog,,
http_req_failed,1780770891,0.000000,,,,true,,GET,PublicCatalog,HTTP/1.1,default,,200,,,PublicCatalog,,
checks,1780770891,1.000000,Catalog page status is 200,,,,,,,,default,,,,,,,
http_reqs,1780770891,1.000000,,,,true,,GET,LandingPage,HTTP/1.1,default,,200,,,LandingPage,,
http_req_duration,1780770891,1181.208000,,,,true,,GET,LandingPage,HTTP/1.1,default,,200,,,LandingPage,,
http_req_blocked,1780770891,0.000000,,,,true,,GET,LandingPage,HTTP/1.1,default,,200,,,LandingPage,,
http_req_connecting,1780770891,0.000000,,,,true,,GET,LandingPage,HTTP/1.1,default,,200,,,LandingPage,,
http_req_tls_handshaking,1780770891,0.000000,,,,true,,GET,LandingPage,HTTP/1.1,default,,200,,,LandingPage,,
http_req_sending,1780770891,0.000000,,,,true,,GET,LandingPage,HTTP/1.1,default,,200,,,LandingPage,,
http_req_waiting,1780770891,1170.614700,,,,true,,GET,LandingPage,HTTP/1.1,default,,200,,,LandingPage,,
http_req_receiving,1780770891,10.593300,,,,true,,GET,LandingPage,HTTP/1.1,default,,200,,,LandingPage,,
http_req_failed,1780770891,0.000000,,,,true,,GET,LandingPage,HTTP/1.1,default,,200,,,LandingPage,,
checks,1780770891,1.000000,Home page status is 200,,,,,,,,default,,,,,,,
vus,1780770891,12.000000,,,,,,,,,,,,,,,,
vus_max,1780770891,50.000000,,,,,,,,,,,,,,,,
data_sent,1780770891,264.000000,,,,,,,,,default,,,,,,,
data_received,1780770891,111053.000000,,,,,,,,,default,,,,,,,
iteration_duration,1780770891,9150.143600,,,,,,,,,default,,,,,,,
iterations,1780770891,1.000000,,,,,,,,,default,,,,,,,
http_reqs,1780770891,1.000000,,,,true,,GET,BookDetailsJoin,HTTP/1.1,default,,200,,,BookDetailsJoin,,
http_req_duration,1780770891,1411.792700,,,,true,,GET,BookDetailsJoin,HTTP/1.1,default,,200,,,BookDetailsJoin,,
http_req_blocked,1780770891,0.000000,,,,true,,GET,BookDetailsJoin,HTTP/1.1,default,,200,,,BookDetailsJoin,,
http_req_connecting,1780770891,0.000000,,,,true,,GET,BookDetailsJoin,HTTP/1.1,default,,200,,,BookDetailsJoin,,
http_req_tls_handshaking,1780770891,0.000000,,,,true,,GET,BookDetailsJoin,HTTP/1.1,default,,200,,,BookDetailsJoin,,
http_req_sending,1780770891,0.000000,,,,true,,GET,BookDetailsJoin,HTTP/1.1,default,,200,,,BookDetailsJoin,,
http_req_waiting,1780770891,1408.679700,,,,true,,GET,BookDetailsJoin,HTTP/1.1,default,,200,,,BookDetailsJoin,,
http_req_receiving,1780770891,3.113000,,,,true,,GET,BookDetailsJoin,HTTP/1.1,default,,200,,,BookDetailsJoin,,
http_req_failed,1780770891,0.000000,,,,true,,GET,BookDetailsJoin,HTTP/1.1,default,,200,,,BookDetailsJoin,,
checks,1780770891,1.000000,Book details status is 200,,,,,,,,default,,,,,,,
http_reqs,1780770892,1.000000,,,,true,,GET,BookDetailsJoin,HTTP/1.1,default,,200,,,BookDetailsJoin,,
http_req_duration,1780770892,1807.370800,,,,true,,GET,BookDetailsJoin,HTTP/1.1,default,,200,,,BookDetailsJoin,,
http_req_blocked,1780770892,0.000000,,,,true,,GET,BookDetailsJoin,HTTP/1.1,default,,200,,,BookDetailsJoin,,
http_req_connecting,1780770892,0.000000,,,,true,,GET,BookDetailsJoin,HTTP/1.1,default,,200,,,BookDetailsJoin,,
http_req_tls_handshaking,1780770892,0.000000,,,,true,,GET,BookDetailsJoin,HTTP/1.1,default,,200,,,BookDetailsJoin,,
http_req_sending,1780770892,0.000000,,,,true,,GET,BookDetailsJoin,HTTP/1.1,default,,200,,,BookDetailsJoin,,
http_req_waiting,1780770892,1804.764200,,,,true,,GET,BookDetailsJoin,HTTP/1.1,default,,200,,,BookDetailsJoin,,
http_req_receiving,1780770892,2.606600,,,,true,,GET,BookDetailsJoin,HTTP/1.1,default,,200,,,BookDetailsJoin,,
http_req_failed,1780770892,0.000000,,,,true,,GET,BookDetailsJoin,HTTP/1.1,default,,200,,,BookDetailsJoin,,
checks,1780770892,1.000000,Book details status is 200,,,,,,,,default,,,,,,,
http_reqs,1780770892,1.000000,,,,true,,GET,LandingPage,HTTP/1.1,default,,200,,,LandingPage,,
http_req_duration,1780770892,1316.840500,,,,true,,GET,LandingPage,HTTP/1.1,default,,200,,,LandingPage,,
http_req_blocked,1780770892,1.275700,,,,true,,GET,LandingPage,HTTP/1.1,default,,200,,,LandingPage,,
http_req_connecting,1780770892,1.275700,,,,true,,GET,LandingPage,HTTP/1.1,default,,200,,,LandingPage,,
http_req_tls_handshaking,1780770892,0.000000,,,,true,,GET,LandingPage,HTTP/1.1,default,,200,,,LandingPage,,
http_req_sending,1780770892,0.000000,,,,true,,GET,LandingPage,HTTP/1.1,default,,200,,,LandingPage,,
http_req_waiting,1780770892,1313.652400,,,,true,,GET,LandingPage,HTTP/1.1,default,,200,,,LandingPage,,
http_req_receiving,1780770892,3.188100,,,,true,,GET,LandingPage,HTTP/1.1,default,,200,,,LandingPage,,
http_req_failed,1780770892,0.000000,,,,true,,GET,LandingPage,HTTP/1.1,default,,200,,,LandingPage,,
checks,1780770892,1.000000,Home page status is 200,,,,,,,,default,,,,,,,
vus,1780770892,12.000000,,,,,,,,,,,,,,,,
vus_max,1780770892,50.000000,,,,,,,,,,,,,,,,
http_reqs,1780770892,1.000000,,,,true,,GET,PublicCatalog,HTTP/1.1,default,,200,,,PublicCatalog,,
http_req_duration,1780770892,1979.515700,,,,true,,GET,PublicCatalog,HTTP/1.1,default,,200,,,PublicCatalog,,
http_req_blocked,1780770892,0.000000,,,,true,,GET,PublicCatalog,HTTP/1.1,default,,200,,,PublicCatalog,,
http_req_connecting,1780770892,0.000000,,,,true,,GET,PublicCatalog,HTTP/1.1,default,,200,,,PublicCatalog,,
http_req_tls_handshaking,1780770892,0.000000,,,,true,,GET,PublicCatalog,HTTP/1.1,default,,200,,,PublicCatalog,,
http_req_sending,1780770892,0.000000,,,,true,,GET,PublicCatalog,HTTP/1.1,default,,200,,,PublicCatalog,,
http_req_waiting,1780770892,1978.728400,,,,true,,GET,PublicCatalog,HTTP/1.1,default,,200,,,PublicCatalog,,
http_req_receiving,1780770892,0.787300,,,,true,,GET,PublicCatalog,HTTP/1.1,default,,200,,,PublicCatalog,,
http_req_failed,1780770892,0.000000,,,,true,,GET,PublicCatalog,HTTP/1.1,default,,200,,,PublicCatalog,,
checks,1780770892,1.000000,Catalog page status is 200,,,,,,,,default,,,,,,,
http_reqs,1780770892,1.000000,,,,true,,GET,PublicCatalog,HTTP/1.1,default,,200,,,PublicCatalog,,
http_req_duration,1780770892,1921.639900,,,,true,,GET,PublicCatalog,HTTP/1.1,default,,200,,,PublicCatalog,,
http_req_blocked,1780770892,0.000000,,,,true,,GET,PublicCatalog,HTTP/1.1,default,,200,,,PublicCatalog,,
http_req_connecting,1780770892,0.000000,,,,true,,GET,PublicCatalog,HTTP/1.1,default,,200,,,PublicCatalog,,
http_req_tls_handshaking,1780770892,0.000000,,,,true,,GET,PublicCatalog,HTTP/1.1,default,,200,,,PublicCatalog,,
http_req_sending,1780770892,2.891900,,,,true,,GET,PublicCatalog,HTTP/1.1,default,,200,,,PublicCatalog,,
http_req_waiting,1780770892,1915.287800,,,,true,,GET,PublicCatalog,HTTP/1.1,default,,200,,,PublicCatalog,,
http_req_receiving,1780770892,3.460200,,,,true,,GET,PublicCatalog,HTTP/1.1,default,,200,,,PublicCatalog,,
http_req_failed,1780770892,0.000000,,,,true,,GET,PublicCatalog,HTTP/1.1,default,,200,,,PublicCatalog,,
checks,1780770892,1.000000,Catalog page status is 200,,,,,,,,default,,,,,,,
http_reqs,1780770893,1.000000,,,,true,,GET,LandingPage,HTTP/1.1,default,,200,,,LandingPage,,
http_req_duration,1780770893,1362.504700,,,,true,,GET,LandingPage,HTTP/1.1,default,,200,,,LandingPage,,
http_req_blocked,1780770893,0.000000,,,,true,,GET,LandingPage,HTTP/1.1,default,,200,,,LandingPage,,
http_req_connecting,1780770893,0.000000,,,,true,,GET,LandingPage,HTTP/1.1,default,,200,,,LandingPage,,
http_req_tls_handshaking,1780770893,0.000000,,,,true,,GET,LandingPage,HTTP/1.1,default,,200,,,LandingPage,,
http_req_sending,1780770893,0.000000,,,,true,,GET,LandingPage,HTTP/1.1,default,,200,,,LandingPage,,
http_req_waiting,1780770893,1362.504700,,,,true,,GET,LandingPage,HTTP/1.1,default,,200,,,LandingPage,,
http_req_receiving,1780770893,0.000000,,,,true,,GET,LandingPage,HTTP/1.1,default,,200,,,LandingPage,,
http_req_failed,1780770893,0.000000,,,,true,,GET,LandingPage,HTTP/1.1,default,,200,,,LandingPage,,
checks,1780770893,1.000000,Home page status is 200,,,,,,,,default,,,,,,,
http_reqs,1780770893,1.000000,,,,true,,GET,BookDetailsJoin,HTTP/1.1,default,,200,,,BookDetailsJoin,,
http_req_duration,1780770893,1097.051300,,,,true,,GET,BookDetailsJoin,HTTP/1.1,default,,200,,,BookDetailsJoin,,
http_req_blocked,1780770893,0.000000,,,,true,,GET,BookDetailsJoin,HTTP/1.1,default,,200,,,BookDetailsJoin,,
http_req_connecting,1780770893,0.000000,,,,true,,GET,BookDetailsJoin,HTTP/1.1,default,,200,,,BookDetailsJoin,,
http_req_tls_handshaking,1780770893,0.000000,,,,true,,GET,BookDetailsJoin,HTTP/1.1,default,,200,,,BookDetailsJoin,,
http_req_sending,1780770893,0.000000,,,,true,,GET,BookDetailsJoin,HTTP/1.1,default,,200,,,BookDetailsJoin,,
http_req_waiting,1780770893,1095.449300,,,,true,,GET,BookDetailsJoin,HTTP/1.1,default,,200,,,BookDetailsJoin,,
http_req_receiving,1780770893,1.602000,,,,true,,GET,BookDetailsJoin,HTTP/1.1,default,,200,,,BookDetailsJoin,,
http_req_failed,1780770893,0.000000,,,,true,,GET,BookDetailsJoin,HTTP/1.1,default,,200,,,BookDetailsJoin,,
checks,1780770893,1.000000,Book details status is 200,,,,,,,,default,,,,,,,
vus,1780770893,12.000000,,,,,,,,,,,,,,,,
vus_max,1780770893,50.000000,,,,,,,,,,,,,,,,
http_reqs,1780770893,1.000000,,,,true,,GET,BookDetailsJoin,HTTP/1.1,default,,200,,,BookDetailsJoin,,
http_req_duration,1780770893,1468.606500,,,,true,,GET,BookDetailsJoin,HTTP/1.1,default,,200,,,BookDetailsJoin,,
http_req_blocked,1780770893,0.000000,,,,true,,GET,BookDetailsJoin,HTTP/1.1,default,,200,,,BookDetailsJoin,,
http_req_connecting,1780770893,0.000000,,,,true,,GET,BookDetailsJoin,HTTP/1.1,default,,200,,,BookDetailsJoin,,
http_req_tls_handshaking,1780770893,0.000000,,,,true,,GET,BookDetailsJoin,HTTP/1.1,default,,200,,,BookDetailsJoin,,
http_req_sending,1780770893,0.000000,,,,true,,GET,BookDetailsJoin,HTTP/1.1,default,,200,,,BookDetailsJoin,,
http_req_waiting,1780770893,1467.352600,,,,true,,GET,BookDetailsJoin,HTTP/1.1,default,,200,,,BookDetailsJoin,,
http_req_receiving,1780770893,1.253900,,,,true,,GET,BookDetailsJoin,HTTP/1.1,default,,200,,,BookDetailsJoin,,
http_req_failed,1780770893,0.000000,,,,true,,GET,BookDetailsJoin,HTTP/1.1,default,,200,,,BookDetailsJoin,,
checks,1780770893,1.000000,Book details status is 200,,,,,,,,default,,,,,,,
http_reqs,1780770893,1.000000,,,,true,,GET,PublicCatalog,HTTP/1.1,default,,200,,,PublicCatalog,,
http_req_duration,1780770893,2187.073000,,,,true,,GET,PublicCatalog,HTTP/1.1,default,,200,,,PublicCatalog,,
http_req_blocked,1780770893,0.000000,,,,true,,GET,PublicCatalog,HTTP/1.1,default,,200,,,PublicCatalog,,
http_req_connecting,1780770893,0.000000,,,,true,,GET,PublicCatalog,HTTP/1.1,default,,200,,,PublicCatalog,,
http_req_tls_handshaking,1780770893,0.000000,,,,true,,GET,PublicCatalog,HTTP/1.1,default,,200,,,PublicCatalog,,
http_req_sending,1780770893,0.000000,,,,true,,GET,PublicCatalog,HTTP/1.1,default,,200,,,PublicCatalog,,
http_req_waiting,1780770893,2181.006500,,,,true,,GET,PublicCatalog,HTTP/1.1,default,,200,,,PublicCatalog,,
http_req_receiving,1780770893,6.066500,,,,true,,GET,PublicCatalog,HTTP/1.1,default,,200,,,PublicCatalog,,
http_req_failed,1780770893,0.000000,,,,true,,GET,PublicCatalog,HTTP/1.1,default,,200,,,PublicCatalog,,
checks,1780770893,1.000000,Catalog page status is 200,,,,,,,,default,,,,,,,
http_reqs,1780770894,1.000000,,,,true,,GET,PublicCatalog,HTTP/1.1,default,,200,,,PublicCatalog,,
http_req_duration,1780770894,1935.224700,,,,true,,GET,PublicCatalog,HTTP/1.1,default,,200,,,PublicCatalog,,
http_req_blocked,1780770894,0.000000,,,,true,,GET,PublicCatalog,HTTP/1.1,default,,200,,,PublicCatalog,,
http_req_connecting,1780770894,0.000000,,,,true,,GET,PublicCatalog,HTTP/1.1,default,,200,,,PublicCatalog,,
http_req_tls_handshaking,1780770894,0.000000,,,,true,,GET,PublicCatalog,HTTP/1.1,default,,200,,,PublicCatalog,,
http_req_sending,1780770894,0.000000,,,,true,,GET,PublicCatalog,HTTP/1.1,default,,200,,,PublicCatalog,,
http_req_waiting,1780770894,1934.675900,,,,true,,GET,PublicCatalog,HTTP/1.1,default,,200,,,PublicCatalog,,
http_req_receiving,1780770894,0.548800,,,,true,,GET,PublicCatalog,HTTP/1.1,default,,200,,,PublicCatalog,,
http_req_failed,1780770894,0.000000,,,,true,,GET,PublicCatalog,HTTP/1.1,default,,200,,,PublicCatalog,,
checks,1780770894,1.000000,Catalog page status is 200,,,,,,,,default,,,,,,,
http_reqs,1780770894,1.000000,,,,true,,GET,PublicCatalog,HTTP/1.1,default,,200,,,PublicCatalog,,
http_req_duration,1780770894,1731.157000,,,,true,,GET,PublicCatalog,HTTP/1.1,default,,200,,,PublicCatalog,,
http_req_blocked,1780770894,0.000000,,,,true,,GET,PublicCatalog,HTTP/1.1,default,,200,,,PublicCatalog,,
http_req_connecting,1780770894,0.000000,,,,true,,GET,PublicCatalog,HTTP/1.1,default,,200,,,PublicCatalog,,
http_req_tls_handshaking,1780770894,0.000000,,,,true,,GET,PublicCatalog,HTTP/1.1,default,,200,,,PublicCatalog,,
http_req_sending,1780770894,0.000000,,,,true,,GET,PublicCatalog,HTTP/1.1,default,,200,,,PublicCatalog,,
http_req_waiting,1780770894,1730.696900,,,,true,,GET,PublicCatalog,HTTP/1.1,default,,200,,,PublicCatalog,,
http_req_receiving,1780770894,0.460100,,,,true,,GET,PublicCatalog,HTTP/1.1,default,,200,,,PublicCatalog,,
http_req_failed,1780770894,0.000000,,,,true,,GET,PublicCatalog,HTTP/1.1,default,,200,,,PublicCatalog,,
checks,1780770894,1.000000,Catalog page status is 200,,,,,,,,default,,,,,,,
latency_cold_start,1780770894,1778.000000,,,,,,,,,default,,,,,,,
http_reqs,1780770894,1.000000,,,,true,,GET,BookDetailsJoin,HTTP/1.1,default,,200,,,BookDetailsJoin,,
http_req_duration,1780770894,1186.454800,,,,true,,GET,BookDetailsJoin,HTTP/1.1,default,,200,,,BookDetailsJoin,,
http_req_blocked,1780770894,0.000000,,,,true,,GET,BookDetailsJoin,HTTP/1.1,default,,200,,,BookDetailsJoin,,
http_req_connecting,1780770894,0.000000,,,,true,,GET,BookDetailsJoin,HTTP/1.1,default,,200,,,BookDetailsJoin,,
http_req_tls_handshaking,1780770894,0.000000,,,,true,,GET,BookDetailsJoin,HTTP/1.1,default,,200,,,BookDetailsJoin,,
http_req_sending,1780770894,0.000000,,,,true,,GET,BookDetailsJoin,HTTP/1.1,default,,200,,,BookDetailsJoin,,
http_req_waiting,1780770894,1184.660100,,,,true,,GET,BookDetailsJoin,HTTP/1.1,default,,200,,,BookDetailsJoin,,
http_req_receiving,1780770894,1.794700,,,,true,,GET,BookDetailsJoin,HTTP/1.1,default,,200,,,BookDetailsJoin,,
http_req_failed,1780770894,0.000000,,,,true,,GET,BookDetailsJoin,HTTP/1.1,default,,200,,,BookDetailsJoin,,
checks,1780770894,1.000000,Book details status is 200,,,,,,,,default,,,,,,,
vus,1780770894,13.000000,,,,,,,,,,,,,,,,
vus_max,1780770894,50.000000,,,,,,,,,,,,,,,,
data_sent,1780770894,264.000000,,,,,,,,,default,,,,,,,
data_received,1780770894,110600.000000,,,,,,,,,default,,,,,,,
iteration_duration,1780770894,9596.276900,,,,,,,,,default,,,,,,,
iterations,1780770894,1.000000,,,,,,,,,default,,,,,,,
data_sent,1780770895,264.000000,,,,,,,,,default,,,,,,,
data_received,1780770895,110582.000000,,,,,,,,,default,,,,,,,
iteration_duration,1780770895,10244.902700,,,,,,,,,default,,,,,,,
iterations,1780770895,1.000000,,,,,,,,,default,,,,,,,
http_reqs,1780770895,1.000000,,,,true,,GET,BookDetailsJoin,HTTP/1.1,default,,200,,,BookDetailsJoin,,
http_req_duration,1780770895,424.877800,,,,true,,GET,BookDetailsJoin,HTTP/1.1,default,,200,,,BookDetailsJoin,,
http_req_blocked,1780770895,0.511600,,,,true,,GET,BookDetailsJoin,HTTP/1.1,default,,200,,,BookDetailsJoin,,
http_req_connecting,1780770895,0.000000,,,,true,,GET,BookDetailsJoin,HTTP/1.1,default,,200,,,BookDetailsJoin,,
http_req_tls_handshaking,1780770895,0.000000,,,,true,,GET,BookDetailsJoin,HTTP/1.1,default,,200,,,BookDetailsJoin,,
http_req_sending,1780770895,0.000000,,,,true,,GET,BookDetailsJoin,HTTP/1.1,default,,200,,,BookDetailsJoin,,
http_req_waiting,1780770895,420.230100,,,,true,,GET,BookDetailsJoin,HTTP/1.1,default,,200,,,BookDetailsJoin,,
http_req_receiving,1780770895,4.647700,,,,true,,GET,BookDetailsJoin,HTTP/1.1,default,,200,,,BookDetailsJoin,,
http_req_failed,1780770895,0.000000,,,,true,,GET,BookDetailsJoin,HTTP/1.1,default,,200,,,BookDetailsJoin,,
checks,1780770895,1.000000,Book details status is 200,,,,,,,,default,,,,,,,
http_reqs,1780770895,1.000000,,,,true,,GET,LandingPage,HTTP/1.1,default,,200,,,LandingPage,,
http_req_duration,1780770895,1203.782100,,,,true,,GET,LandingPage,HTTP/1.1,default,,200,,,LandingPage,,
http_req_blocked,1780770895,1.859400,,,,true,,GET,LandingPage,HTTP/1.1,default,,200,,,LandingPage,,
http_req_connecting,1780770895,1.346500,,,,true,,GET,LandingPage,HTTP/1.1,default,,200,,,LandingPage,,
http_req_tls_handshaking,1780770895,0.000000,,,,true,,GET,LandingPage,HTTP/1.1,default,,200,,,LandingPage,,
http_req_sending,1780770895,1.006100,,,,true,,GET,LandingPage,HTTP/1.1,default,,200,,,LandingPage,,
http_req_waiting,1780770895,1201.567400,,,,true,,GET,LandingPage,HTTP/1.1,default,,200,,,LandingPage,,
http_req_receiving,1780770895,1.208600,,,,true,,GET,LandingPage,HTTP/1.1,default,,200,,,LandingPage,,
http_req_failed,1780770895,0.000000,,,,true,,GET,LandingPage,HTTP/1.1,default,,200,,,LandingPage,,
checks,1780770895,1.000000,Home page status is 200,,,,,,,,default,,,,,,,
vus,1780770895,13.000000,,,,,,,,,,,,,,,,
vus_max,1780770895,50.000000,,,,,,,,,,,,,,,,
http_reqs,1780770895,1.000000,,,,true,,GET,PublicCatalog,HTTP/1.1,default,,200,,,PublicCatalog,,
http_req_duration,1780770895,1546.148400,,,,true,,GET,PublicCatalog,HTTP/1.1,default,,200,,,PublicCatalog,,
http_req_blocked,1780770895,0.000000,,,,true,,GET,PublicCatalog,HTTP/1.1,default,,200,,,PublicCatalog,,
http_req_connecting,1780770895,0.000000,,,,true,,GET,PublicCatalog,HTTP/1.1,default,,200,,,PublicCatalog,,
http_req_tls_handshaking,1780770895,0.000000,,,,true,,GET,PublicCatalog,HTTP/1.1,default,,200,,,PublicCatalog,,
http_req_sending,1780770895,0.000000,,,,true,,GET,PublicCatalog,HTTP/1.1,default,,200,,,PublicCatalog,,
http_req_waiting,1780770895,1544.909300,,,,true,,GET,PublicCatalog,HTTP/1.1,default,,200,,,PublicCatalog,,
http_req_receiving,1780770895,1.239100,,,,true,,GET,PublicCatalog,HTTP/1.1,default,,200,,,PublicCatalog,,
http_req_failed,1780770895,0.000000,,,,true,,GET,PublicCatalog,HTTP/1.1,default,,200,,,PublicCatalog,,
checks,1780770895,1.000000,Catalog page status is 200,,,,,,,,default,,,,,,,
http_reqs,1780770895,1.000000,,,,true,,GET,PublicCatalog,HTTP/1.1,default,,200,,,PublicCatalog,,
http_req_duration,1780770895,2316.607900,,,,true,,GET,PublicCatalog,HTTP/1.1,default,,200,,,PublicCatalog,,
http_req_blocked,1780770895,0.000000,,,,true,,GET,PublicCatalog,HTTP/1.1,default,,200,,,PublicCatalog,,
http_req_connecting,1780770895,0.000000,,,,true,,GET,PublicCatalog,HTTP/1.1,default,,200,,,PublicCatalog,,
http_req_tls_handshaking,1780770895,0.000000,,,,true,,GET,PublicCatalog,HTTP/1.1,default,,200,,,PublicCatalog,,
http_req_sending,1780770895,0.000000,,,,true,,GET,PublicCatalog,HTTP/1.1,default,,200,,,PublicCatalog,,
http_req_waiting,1780770895,2309.940200,,,,true,,GET,PublicCatalog,HTTP/1.1,default,,200,,,PublicCatalog,,
http_req_receiving,1780770895,6.667700,,,,true,,GET,PublicCatalog,HTTP/1.1,default,,200,,,PublicCatalog,,
http_req_failed,1780770895,0.000000,,,,true,,GET,PublicCatalog,HTTP/1.1,default,,200,,,PublicCatalog,,
checks,1780770895,1.000000,Catalog page status is 200,,,,,,,,default,,,,,,,
http_reqs,1780770896,1.000000,,,,true,,GET,LandingPage,HTTP/1.1,default,,200,,,LandingPage,,
http_req_duration,1780770896,1180.730300,,,,true,,GET,LandingPage,HTTP/1.1,default,,200,,,LandingPage,,
http_req_blocked,1780770896,0.000000,,,,true,,GET,LandingPage,HTTP/1.1,default,,200,,,LandingPage,,
http_req_connecting,1780770896,0.000000,,,,true,,GET,LandingPage,HTTP/1.1,default,,200,,,LandingPage,,
http_req_tls_handshaking,1780770896,0.000000,,,,true,,GET,LandingPage,HTTP/1.1,default,,200,,,LandingPage,,
http_req_sending,1780770896,0.000000,,,,true,,GET,LandingPage,HTTP/1.1,default,,200,,,LandingPage,,
http_req_waiting,1780770896,1179.798100,,,,true,,GET,LandingPage,HTTP/1.1,default,,200,,,LandingPage,,
http_req_receiving,1780770896,0.932200,,,,true,,GET,LandingPage,HTTP/1.1,default,,200,,,LandingPage,,
http_req_failed,1780770896,0.000000,,,,true,,GET,LandingPage,HTTP/1.1,default,,200,,,LandingPage,,
checks,1780770896,1.000000,Home page status is 200,,,,,,,,default,,,,,,,
http_reqs,1780770896,1.000000,,,,true,,GET,LandingPage,HTTP/1.1,default,,200,,,LandingPage,,
http_req_duration,1780770896,1226.179800,,,,true,,GET,LandingPage,HTTP/1.1,default,,200,,,LandingPage,,
http_req_blocked,1780770896,0.000000,,,,true,,GET,LandingPage,HTTP/1.1,default,,200,,,LandingPage,,
http_req_connecting,1780770896,0.000000,,,,true,,GET,LandingPage,HTTP/1.1,default,,200,,,LandingPage,,
http_req_tls_handshaking,1780770896,0.000000,,,,true,,GET,LandingPage,HTTP/1.1,default,,200,,,LandingPage,,
http_req_sending,1780770896,0.000000,,,,true,,GET,LandingPage,HTTP/1.1,default,,200,,,LandingPage,,
http_req_waiting,1780770896,1225.385600,,,,true,,GET,LandingPage,HTTP/1.1,default,,200,,,LandingPage,,
http_req_receiving,1780770896,0.794200,,,,true,,GET,LandingPage,HTTP/1.1,default,,200,,,LandingPage,,
http_req_failed,1780770896,0.000000,,,,true,,GET,LandingPage,HTTP/1.1,default,,200,,,LandingPage,,
checks,1780770896,1.000000,Home page status is 200,,,,,,,,default,,,,,,,
data_sent,1780770896,264.000000,,,,,,,,,default,,,,,,,
data_received,1780770896,110681.000000,,,,,,,,,default,,,,,,,
iteration_duration,1780770896,9804.390600,,,,,,,,,default,,,,,,,
iterations,1780770896,1.000000,,,,,,,,,default,,,,,,,
http_reqs,1780770896,1.000000,,,,true,,GET,BookDetailsJoin,HTTP/1.1,default,,200,,,BookDetailsJoin,,
http_req_duration,1780770896,362.338100,,,,true,,GET,BookDetailsJoin,HTTP/1.1,default,,200,,,BookDetailsJoin,,
http_req_blocked,1780770896,0.000000,,,,true,,GET,BookDetailsJoin,HTTP/1.1,default,,200,,,BookDetailsJoin,,
http_req_connecting,1780770896,0.000000,,,,true,,GET,BookDetailsJoin,HTTP/1.1,default,,200,,,BookDetailsJoin,,
http_req_tls_handshaking,1780770896,0.000000,,,,true,,GET,BookDetailsJoin,HTTP/1.1,default,,200,,,BookDetailsJoin,,
http_req_sending,1780770896,0.000000,,,,true,,GET,BookDetailsJoin,HTTP/1.1,default,,200,,,BookDetailsJoin,,
http_req_waiting,1780770896,354.538900,,,,true,,GET,BookDetailsJoin,HTTP/1.1,default,,200,,,BookDetailsJoin,,
http_req_receiving,1780770896,7.799200,,,,true,,GET,BookDetailsJoin,HTTP/1.1,default,,200,,,BookDetailsJoin,,
http_req_failed,1780770896,0.000000,,,,true,,GET,BookDetailsJoin,HTTP/1.1,default,,200,,,BookDetailsJoin,,
checks,1780770896,1.000000,Book details status is 200,,,,,,,,default,,,,,,,
vus,1780770896,13.000000,,,,,,,,,,,,,,,,
vus_max,1780770896,50.000000,,,,,,,,,,,,,,,,
http_reqs,1780770896,1.000000,,,,true,,GET,BookDetailsJoin,HTTP/1.1,default,,200,,,BookDetailsJoin,,
http_req_duration,1780770896,630.323000,,,,true,,GET,BookDetailsJoin,HTTP/1.1,default,,200,,,BookDetailsJoin,,
http_req_blocked,1780770896,0.000000,,,,true,,GET,BookDetailsJoin,HTTP/1.1,default,,200,,,BookDetailsJoin,,
http_req_connecting,1780770896,0.000000,,,,true,,GET,BookDetailsJoin,HTTP/1.1,default,,200,,,BookDetailsJoin,,
http_req_tls_handshaking,1780770896,0.000000,,,,true,,GET,BookDetailsJoin,HTTP/1.1,default,,200,,,BookDetailsJoin,,
http_req_sending,1780770896,0.000000,,,,true,,GET,BookDetailsJoin,HTTP/1.1,default,,200,,,BookDetailsJoin,,
http_req_waiting,1780770896,625.051800,,,,true,,GET,BookDetailsJoin,HTTP/1.1,default,,200,,,BookDetailsJoin,,
http_req_receiving,1780770896,5.271200,,,,true,,GET,BookDetailsJoin,HTTP/1.1,default,,200,,,BookDetailsJoin,,
http_req_failed,1780770896,0.000000,,,,true,,GET,BookDetailsJoin,HTTP/1.1,default,,200,,,BookDetailsJoin,,
checks,1780770896,1.000000,Book details status is 200,,,,,,,,default,,,,,,,
data_sent,1780770896,264.000000,,,,,,,,,default,,,,,,,
data_received,1780770896,110761.000000,,,,,,,,,default,,,,,,,
iteration_duration,1780770896,10283.001300,,,,,,,,,default,,,,,,,
iterations,1780770896,1.000000,,,,,,,,,default,,,,,,,
http_reqs,1780770896,1.000000,,,,true,,GET,BookDetailsJoin,HTTP/1.1,default,,200,,,BookDetailsJoin,,
http_req_duration,1780770896,1724.022000,,,,true,,GET,BookDetailsJoin,HTTP/1.1,default,,200,,,BookDetailsJoin,,
http_req_blocked,1780770896,0.000000,,,,true,,GET,BookDetailsJoin,HTTP/1.1,default,,200,,,BookDetailsJoin,,
http_req_connecting,1780770896,0.000000,,,,true,,GET,BookDetailsJoin,HTTP/1.1,default,,200,,,BookDetailsJoin,,
http_req_tls_handshaking,1780770896,0.000000,,,,true,,GET,BookDetailsJoin,HTTP/1.1,default,,200,,,BookDetailsJoin,,
http_req_sending,1780770896,0.000000,,,,true,,GET,BookDetailsJoin,HTTP/1.1,default,,200,,,BookDetailsJoin,,
http_req_waiting,1780770896,1722.783600,,,,true,,GET,BookDetailsJoin,HTTP/1.1,default,,200,,,BookDetailsJoin,,
http_req_receiving,1780770896,1.238400,,,,true,,GET,BookDetailsJoin,HTTP/1.1,default,,200,,,BookDetailsJoin,,
http_req_failed,1780770896,0.000000,,,,true,,GET,BookDetailsJoin,HTTP/1.1,default,,200,,,BookDetailsJoin,,
checks,1780770896,1.000000,Book details status is 200,,,,,,,,default,,,,,,,
http_reqs,1780770896,1.000000,,,,true,,GET,BookDetailsJoin,HTTP/1.1,default,,200,,,BookDetailsJoin,,
http_req_duration,1780770896,543.824000,,,,true,,GET,BookDetailsJoin,HTTP/1.1,default,,200,,,BookDetailsJoin,,
http_req_blocked,1780770896,0.000000,,,,true,,GET,BookDetailsJoin,HTTP/1.1,default,,200,,,BookDetailsJoin,,
http_req_connecting,1780770896,0.000000,,,,true,,GET,BookDetailsJoin,HTTP/1.1,default,,200,,,BookDetailsJoin,,
http_req_tls_handshaking,1780770896,0.000000,,,,true,,GET,BookDetailsJoin,HTTP/1.1,default,,200,,,BookDetailsJoin,,
http_req_sending,1780770896,0.000000,,,,true,,GET,BookDetailsJoin,HTTP/1.1,default,,200,,,BookDetailsJoin,,
http_req_waiting,1780770896,540.323700,,,,true,,GET,BookDetailsJoin,HTTP/1.1,default,,200,,,BookDetailsJoin,,
http_req_receiving,1780770896,3.500300,,,,true,,GET,BookDetailsJoin,HTTP/1.1,default,,200,,,BookDetailsJoin,,
http_req_failed,1780770896,0.000000,,,,true,,GET,BookDetailsJoin,HTTP/1.1,default,,200,,,BookDetailsJoin,,
checks,1780770896,1.000000,Book details status is 200,,,,,,,,default,,,,,,,
latency_cold_start,1780770897,1778.000000,,,,,,,,,default,,,,,,,
data_sent,1780770897,264.000000,,,,,,,,,default,,,,,,,
data_received,1780770897,110856.000000,,,,,,,,,default,,,,,,,
iteration_duration,1780770897,10368.155500,,,,,,,,,default,,,,,,,
iterations,1780770897,1.000000,,,,,,,,,default,,,,,,,
vus,1780770897,14.000000,,,,,,,,,,,,,,,,
vus_max,1780770897,50.000000,,,,,,,,,,,,,,,,
http_reqs,1780770897,1.000000,,,,true,,GET,LandingPage,HTTP/1.1,default,,200,,,LandingPage,,
http_req_duration,1780770897,1253.180000,,,,true,,GET,LandingPage,HTTP/1.1,default,,200,,,LandingPage,,
http_req_blocked,1780770897,0.000000,,,,true,,GET,LandingPage,HTTP/1.1,default,,200,,,LandingPage,,
http_req_connecting,1780770897,0.000000,,,,true,,GET,LandingPage,HTTP/1.1,default,,200,,,LandingPage,,
http_req_tls_handshaking,1780770897,0.000000,,,,true,,GET,LandingPage,HTTP/1.1,default,,200,,,LandingPage,,
http_req_sending,1780770897,0.000000,,,,true,,GET,LandingPage,HTTP/1.1,default,,200,,,LandingPage,,
http_req_waiting,1780770897,1251.251500,,,,true,,GET,LandingPage,HTTP/1.1,default,,200,,,LandingPage,,
http_req_receiving,1780770897,1.928500,,,,true,,GET,LandingPage,HTTP/1.1,default,,200,,,LandingPage,,
http_req_failed,1780770897,0.000000,,,,true,,GET,LandingPage,HTTP/1.1,default,,200,,,LandingPage,,
checks,1780770897,1.000000,Home page status is 200,,,,,,,,default,,,,,,,
http_reqs,1780770897,1.000000,,,,true,,GET,LandingPage,HTTP/1.1,default,,200,,,LandingPage,,
http_req_duration,1780770897,1365.366500,,,,true,,GET,LandingPage,HTTP/1.1,default,,200,,,LandingPage,,
http_req_blocked,1780770897,0.000000,,,,true,,GET,LandingPage,HTTP/1.1,default,,200,,,LandingPage,,
http_req_connecting,1780770897,0.000000,,,,true,,GET,LandingPage,HTTP/1.1,default,,200,,,LandingPage,,
http_req_tls_handshaking,1780770897,0.000000,,,,true,,GET,LandingPage,HTTP/1.1,default,,200,,,LandingPage,,
http_req_sending,1780770897,0.000000,,,,true,,GET,LandingPage,HTTP/1.1,default,,200,,,LandingPage,,
http_req_waiting,1780770897,1362.599600,,,,true,,GET,LandingPage,HTTP/1.1,default,,200,,,LandingPage,,
http_req_receiving,1780770897,2.766900,,,,true,,GET,LandingPage,HTTP/1.1,default,,200,,,LandingPage,,
http_req_failed,1780770897,0.000000,,,,true,,GET,LandingPage,HTTP/1.1,default,,200,,,LandingPage,,
checks,1780770897,1.000000,Home page status is 200,,,,,,,,default,,,,,,,
http_reqs,1780770898,1.000000,,,,true,,GET,PublicCatalog,HTTP/1.1,default,,200,,,PublicCatalog,,
http_req_duration,1780770898,1622.105700,,,,true,,GET,PublicCatalog,HTTP/1.1,default,,200,,,PublicCatalog,,
http_req_blocked,1780770898,0.000000,,,,true,,GET,PublicCatalog,HTTP/1.1,default,,200,,,PublicCatalog,,
http_req_connecting,1780770898,0.000000,,,,true,,GET,PublicCatalog,HTTP/1.1,default,,200,,,PublicCatalog,,
http_req_tls_handshaking,1780770898,0.000000,,,,true,,GET,PublicCatalog,HTTP/1.1,default,,200,,,PublicCatalog,,
http_req_sending,1780770898,0.000000,,,,true,,GET,PublicCatalog,HTTP/1.1,default,,200,,,PublicCatalog,,
http_req_waiting,1780770898,1618.748500,,,,true,,GET,PublicCatalog,HTTP/1.1,default,,200,,,PublicCatalog,,
http_req_receiving,1780770898,3.357200,,,,true,,GET,PublicCatalog,HTTP/1.1,default,,200,,,PublicCatalog,,
http_req_failed,1780770898,0.000000,,,,true,,GET,PublicCatalog,HTTP/1.1,default,,200,,,PublicCatalog,,
checks,1780770898,1.000000,Catalog page status is 200,,,,,,,,default,,,,,,,
data_sent,1780770898,264.000000,,,,,,,,,default,,,,,,,
data_received,1780770898,111045.000000,,,,,,,,,default,,,,,,,
iteration_duration,1780770898,9801.534200,,,,,,,,,default,,,,,,,
iterations,1780770898,1.000000,,,,,,,,,default,,,,,,,
http_reqs,1780770898,1.000000,,,,true,,GET,PublicCatalog,HTTP/1.1,default,,200,,,PublicCatalog,,
http_req_duration,1780770898,1423.655700,,,,true,,GET,PublicCatalog,HTTP/1.1,default,,200,,,PublicCatalog,,
http_req_blocked,1780770898,0.000000,,,,true,,GET,PublicCatalog,HTTP/1.1,default,,200,,,PublicCatalog,,
http_req_connecting,1780770898,0.000000,,,,true,,GET,PublicCatalog,HTTP/1.1,default,,200,,,PublicCatalog,,
http_req_tls_handshaking,1780770898,0.000000,,,,true,,GET,PublicCatalog,HTTP/1.1,default,,200,,,PublicCatalog,,
http_req_sending,1780770898,0.000000,,,,true,,GET,PublicCatalog,HTTP/1.1,default,,200,,,PublicCatalog,,
http_req_waiting,1780770898,1421.874000,,,,true,,GET,PublicCatalog,HTTP/1.1,default,,200,,,PublicCatalog,,
http_req_receiving,1780770898,1.781700,,,,true,,GET,PublicCatalog,HTTP/1.1,default,,200,,,PublicCatalog,,
http_req_failed,1780770898,0.000000,,,,true,,GET,PublicCatalog,HTTP/1.1,default,,200,,,PublicCatalog,,
checks,1780770898,1.000000,Catalog page status is 200,,,,,,,,default,,,,,,,
vus,1780770898,14.000000,,,,,,,,,,,,,,,,
vus_max,1780770898,50.000000,,,,,,,,,,,,,,,,
http_reqs,1780770898,1.000000,,,,true,,GET,PublicCatalog,HTTP/1.1,default,,200,,,PublicCatalog,,
http_req_duration,1780770898,1470.914600,,,,true,,GET,PublicCatalog,HTTP/1.1,default,,200,,,PublicCatalog,,
http_req_blocked,1780770898,0.000000,,,,true,,GET,PublicCatalog,HTTP/1.1,default,,200,,,PublicCatalog,,
http_req_connecting,1780770898,0.000000,,,,true,,GET,PublicCatalog,HTTP/1.1,default,,200,,,PublicCatalog,,
http_req_tls_handshaking,1780770898,0.000000,,,,true,,GET,PublicCatalog,HTTP/1.1,default,,200,,,PublicCatalog,,
http_req_sending,1780770898,0.000000,,,,true,,GET,PublicCatalog,HTTP/1.1,default,,200,,,PublicCatalog,,
http_req_waiting,1780770898,1470.341000,,,,true,,GET,PublicCatalog,HTTP/1.1,default,,200,,,PublicCatalog,,
http_req_receiving,1780770898,0.573600,,,,true,,GET,PublicCatalog,HTTP/1.1,default,,200,,,PublicCatalog,,
http_req_failed,1780770898,0.000000,,,,true,,GET,PublicCatalog,HTTP/1.1,default,,200,,,PublicCatalog,,
checks,1780770898,1.000000,Catalog page status is 200,,,,,,,,default,,,,,,,
http_reqs,1780770899,1.000000,,,,true,,GET,LandingPage,HTTP/1.1,default,,200,,,LandingPage,,
http_req_duration,1780770899,1609.144800,,,,true,,GET,LandingPage,HTTP/1.1,default,,200,,,LandingPage,,
http_req_blocked,1780770899,0.000000,,,,true,,GET,LandingPage,HTTP/1.1,default,,200,,,LandingPage,,
http_req_connecting,1780770899,0.000000,,,,true,,GET,LandingPage,HTTP/1.1,default,,200,,,LandingPage,,
http_req_tls_handshaking,1780770899,0.000000,,,,true,,GET,LandingPage,HTTP/1.1,default,,200,,,LandingPage,,
http_req_sending,1780770899,0.000000,,,,true,,GET,LandingPage,HTTP/1.1,default,,200,,,LandingPage,,
http_req_waiting,1780770899,1608.279100,,,,true,,GET,LandingPage,HTTP/1.1,default,,200,,,LandingPage,,
http_req_receiving,1780770899,0.865700,,,,true,,GET,LandingPage,HTTP/1.1,default,,200,,,LandingPage,,
http_req_failed,1780770899,0.000000,,,,true,,GET,LandingPage,HTTP/1.1,default,,200,,,LandingPage,,
checks,1780770899,1.000000,Home page status is 200,,,,,,,,default,,,,,,,
http_reqs,1780770899,1.000000,,,,true,,GET,LandingPage,HTTP/1.1,default,,200,,,LandingPage,,
http_req_duration,1780770899,1847.489300,,,,true,,GET,LandingPage,HTTP/1.1,default,,200,,,LandingPage,,
http_req_blocked,1780770899,1.068700,,,,true,,GET,LandingPage,HTTP/1.1,default,,200,,,LandingPage,,
http_req_connecting,1780770899,1.068700,,,,true,,GET,LandingPage,HTTP/1.1,default,,200,,,LandingPage,,
http_req_tls_handshaking,1780770899,0.000000,,,,true,,GET,LandingPage,HTTP/1.1,default,,200,,,LandingPage,,
http_req_sending,1780770899,0.000000,,,,true,,GET,LandingPage,HTTP/1.1,default,,200,,,LandingPage,,
http_req_waiting,1780770899,1836.565300,,,,true,,GET,LandingPage,HTTP/1.1,default,,200,,,LandingPage,,
http_req_receiving,1780770899,10.924000,,,,true,,GET,LandingPage,HTTP/1.1,default,,200,,,LandingPage,,
http_req_failed,1780770899,0.000000,,,,true,,GET,LandingPage,HTTP/1.1,default,,200,,,LandingPage,,
checks,1780770899,1.000000,Home page status is 200,,,,,,,,default,,,,,,,
data_sent,1780770899,264.000000,,,,,,,,,default,,,,,,,
data_received,1780770899,110416.000000,,,,,,,,,default,,,,,,,
iteration_duration,1780770899,9730.738400,,,,,,,,,default,,,,,,,
iterations,1780770899,1.000000,,,,,,,,,default,,,,,,,
http_reqs,1780770899,1.000000,,,,true,,GET,LandingPage,HTTP/1.1,default,,200,,,LandingPage,,
http_req_duration,1780770899,1342.429700,,,,true,,GET,LandingPage,HTTP/1.1,default,,200,,,LandingPage,,
http_req_blocked,1780770899,0.000000,,,,true,,GET,LandingPage,HTTP/1.1,default,,200,,,LandingPage,,
http_req_connecting,1780770899,0.000000,,,,true,,GET,LandingPage,HTTP/1.1,default,,200,,,LandingPage,,
http_req_tls_handshaking,1780770899,0.000000,,,,true,,GET,LandingPage,HTTP/1.1,default,,200,,,LandingPage,,
http_req_sending,1780770899,0.000000,,,,true,,GET,LandingPage,HTTP/1.1,default,,200,,,LandingPage,,
http_req_waiting,1780770899,1339.860100,,,,true,,GET,LandingPage,HTTP/1.1,default,,200,,,LandingPage,,
http_req_receiving,1780770899,2.569600,,,,true,,GET,LandingPage,HTTP/1.1,default,,200,,,LandingPage,,
http_req_failed,1780770899,0.000000,,,,true,,GET,LandingPage,HTTP/1.1,default,,200,,,LandingPage,,
checks,1780770899,1.000000,Home page status is 200,,,,,,,,default,,,,,,,
data_sent,1780770899,264.000000,,,,,,,,,default,,,,,,,
data_received,1780770899,110891.000000,,,,,,,,,default,,,,,,,
iteration_duration,1780770899,10424.738700,,,,,,,,,default,,,,,,,
iterations,1780770899,1.000000,,,,,,,,,default,,,,,,,
vus,1780770899,14.000000,,,,,,,,,,,,,,,,
vus_max,1780770899,50.000000,,,,,,,,,,,,,,,,
data_sent,1780770899,264.000000,,,,,,,,,default,,,,,,,
data_received,1780770899,111099.000000,,,,,,,,,default,,,,,,,
iteration_duration,1780770899,11716.748000,,,,,,,,,default,,,,,,,
iterations,1780770899,1.000000,,,,,,,,,default,,,,,,,
data_sent,1780770899,264.000000,,,,,,,,,default,,,,,,,
data_received,1780770899,110938.000000,,,,,,,,,default,,,,,,,
iteration_duration,1780770899,9468.175300,,,,,,,,,default,,,,,,,
iterations,1780770899,1.000000,,,,,,,,,default,,,,,,,
http_reqs,1780770899,1.000000,,,,true,,GET,BookDetailsJoin,HTTP/1.1,default,,200,,,BookDetailsJoin,,
http_req_duration,1780770899,2164.658900,,,,true,,GET,BookDetailsJoin,HTTP/1.1,default,,200,,,BookDetailsJoin,,
http_req_blocked,1780770899,0.000000,,,,true,,GET,BookDetailsJoin,HTTP/1.1,default,,200,,,BookDetailsJoin,,
http_req_connecting,1780770899,0.000000,,,,true,,GET,BookDetailsJoin,HTTP/1.1,default,,200,,,BookDetailsJoin,,
http_req_tls_handshaking,1780770899,0.000000,,,,true,,GET,BookDetailsJoin,HTTP/1.1,default,,200,,,BookDetailsJoin,,
http_req_sending,1780770899,0.000000,,,,true,,GET,BookDetailsJoin,HTTP/1.1,default,,200,,,BookDetailsJoin,,
http_req_waiting,1780770899,2160.496200,,,,true,,GET,BookDetailsJoin,HTTP/1.1,default,,200,,,BookDetailsJoin,,
http_req_receiving,1780770899,4.162700,,,,true,,GET,BookDetailsJoin,HTTP/1.1,default,,200,,,BookDetailsJoin,,
http_req_failed,1780770899,0.000000,,,,true,,GET,BookDetailsJoin,HTTP/1.1,default,,200,,,BookDetailsJoin,,
checks,1780770899,1.000000,Book details status is 200,,,,,,,,default,,,,,,,
http_reqs,1780770900,1.000000,,,,true,,GET,BookDetailsJoin,HTTP/1.1,default,,200,,,BookDetailsJoin,,
http_req_duration,1780770900,2592.260900,,,,true,,GET,BookDetailsJoin,HTTP/1.1,default,,200,,,BookDetailsJoin,,
http_req_blocked,1780770900,0.000000,,,,true,,GET,BookDetailsJoin,HTTP/1.1,default,,200,,,BookDetailsJoin,,
http_req_connecting,1780770900,0.000000,,,,true,,GET,BookDetailsJoin,HTTP/1.1,default,,200,,,BookDetailsJoin,,
http_req_tls_handshaking,1780770900,0.000000,,,,true,,GET,BookDetailsJoin,HTTP/1.1,default,,200,,,BookDetailsJoin,,
http_req_sending,1780770900,0.000000,,,,true,,GET,BookDetailsJoin,HTTP/1.1,default,,200,,,BookDetailsJoin,,
http_req_waiting,1780770900,2590.468500,,,,true,,GET,BookDetailsJoin,HTTP/1.1,default,,200,,,BookDetailsJoin,,
http_req_receiving,1780770900,1.792400,,,,true,,GET,BookDetailsJoin,HTTP/1.1,default,,200,,,BookDetailsJoin,,
http_req_failed,1780770900,0.000000,,,,true,,GET,BookDetailsJoin,HTTP/1.1,default,,200,,,BookDetailsJoin,,
checks,1780770900,1.000000,Book details status is 200,,,,,,,,default,,,,,,,
vus,1780770900,14.000000,,,,,,,,,,,,,,,,
vus_max,1780770900,50.000000,,,,,,,,,,,,,,,,
latency_cold_start,1780770900,1778.000000,,,,,,,,,default,,,,,,,
http_reqs,1780770900,1.000000,,,,true,,GET,LandingPage,HTTP/1.1,default,,200,,,LandingPage,,
http_req_duration,1780770900,1256.263800,,,,true,,GET,LandingPage,HTTP/1.1,default,,200,,,LandingPage,,
http_req_blocked,1780770900,0.000000,,,,true,,GET,LandingPage,HTTP/1.1,default,,200,,,LandingPage,,
http_req_connecting,1780770900,0.000000,,,,true,,GET,LandingPage,HTTP/1.1,default,,200,,,LandingPage,,
http_req_tls_handshaking,1780770900,0.000000,,,,true,,GET,LandingPage,HTTP/1.1,default,,200,,,LandingPage,,
http_req_sending,1780770900,0.000000,,,,true,,GET,LandingPage,HTTP/1.1,default,,200,,,LandingPage,,
http_req_waiting,1780770900,1255.271200,,,,true,,GET,LandingPage,HTTP/1.1,default,,200,,,LandingPage,,
http_req_receiving,1780770900,0.992600,,,,true,,GET,LandingPage,HTTP/1.1,default,,200,,,LandingPage,,
http_req_failed,1780770900,0.000000,,,,true,,GET,LandingPage,HTTP/1.1,default,,200,,,LandingPage,,
checks,1780770900,1.000000,Home page status is 200,,,,,,,,default,,,,,,,
http_reqs,1780770901,1.000000,,,,true,,GET,PublicCatalog,HTTP/1.1,default,,200,,,PublicCatalog,,
http_req_duration,1780770901,2359.827400,,,,true,,GET,PublicCatalog,HTTP/1.1,default,,200,,,PublicCatalog,,
http_req_blocked,1780770901,0.000000,,,,true,,GET,PublicCatalog,HTTP/1.1,default,,200,,,PublicCatalog,,
http_req_connecting,1780770901,0.000000,,,,true,,GET,PublicCatalog,HTTP/1.1,default,,200,,,PublicCatalog,,
http_req_tls_handshaking,1780770901,0.000000,,,,true,,GET,PublicCatalog,HTTP/1.1,default,,200,,,PublicCatalog,,
http_req_sending,1780770901,0.000000,,,,true,,GET,PublicCatalog,HTTP/1.1,default,,200,,,PublicCatalog,,
http_req_waiting,1780770901,2358.620800,,,,true,,GET,PublicCatalog,HTTP/1.1,default,,200,,,PublicCatalog,,
http_req_receiving,1780770901,1.206600,,,,true,,GET,PublicCatalog,HTTP/1.1,default,,200,,,PublicCatalog,,
http_req_failed,1780770901,0.000000,,,,true,,GET,PublicCatalog,HTTP/1.1,default,,200,,,PublicCatalog,,
checks,1780770901,1.000000,Catalog page status is 200,,,,,,,,default,,,,,,,
http_reqs,1780770901,1.000000,,,,true,,GET,PublicCatalog,HTTP/1.1,default,,200,,,PublicCatalog,,
http_req_duration,1780770901,2144.100600,,,,true,,GET,PublicCatalog,HTTP/1.1,default,,200,,,PublicCatalog,,
http_req_blocked,1780770901,0.000000,,,,true,,GET,PublicCatalog,HTTP/1.1,default,,200,,,PublicCatalog,,
http_req_connecting,1780770901,0.000000,,,,true,,GET,PublicCatalog,HTTP/1.1,default,,200,,,PublicCatalog,,
http_req_tls_handshaking,1780770901,0.000000,,,,true,,GET,PublicCatalog,HTTP/1.1,default,,200,,,PublicCatalog,,
http_req_sending,1780770901,0.000000,,,,true,,GET,PublicCatalog,HTTP/1.1,default,,200,,,PublicCatalog,,
http_req_waiting,1780770901,2144.100600,,,,true,,GET,PublicCatalog,HTTP/1.1,default,,200,,,PublicCatalog,,
http_req_receiving,1780770901,0.000000,,,,true,,GET,PublicCatalog,HTTP/1.1,default,,200,,,PublicCatalog,,
http_req_failed,1780770901,0.000000,,,,true,,GET,PublicCatalog,HTTP/1.1,default,,200,,,PublicCatalog,,
checks,1780770901,1.000000,Catalog page status is 200,,,,,,,,default,,,,,,,
http_reqs,1780770901,1.000000,,,,true,,GET,LandingPage,HTTP/1.1,default,,200,,,LandingPage,,
http_req_duration,1780770901,1844.665100,,,,true,,GET,LandingPage,HTTP/1.1,default,,200,,,LandingPage,,
http_req_blocked,1780770901,0.000000,,,,true,,GET,LandingPage,HTTP/1.1,default,,200,,,LandingPage,,
http_req_connecting,1780770901,0.000000,,,,true,,GET,LandingPage,HTTP/1.1,default,,200,,,LandingPage,,
http_req_tls_handshaking,1780770901,0.000000,,,,true,,GET,LandingPage,HTTP/1.1,default,,200,,,LandingPage,,
http_req_sending,1780770901,0.000000,,,,true,,GET,LandingPage,HTTP/1.1,default,,200,,,LandingPage,,
http_req_waiting,1780770901,1843.418900,,,,true,,GET,LandingPage,HTTP/1.1,default,,200,,,LandingPage,,
http_req_receiving,1780770901,1.246200,,,,true,,GET,LandingPage,HTTP/1.1,default,,200,,,LandingPage,,
http_req_failed,1780770901,0.000000,,,,true,,GET,LandingPage,HTTP/1.1,default,,200,,,LandingPage,,
checks,1780770901,1.000000,Home page status is 200,,,,,,,,default,,,,,,,
vus,1780770901,15.000000,,,,,,,,,,,,,,,,
vus_max,1780770901,50.000000,,,,,,,,,,,,,,,,
http_reqs,1780770901,1.000000,,,,true,,GET,LandingPage,HTTP/1.1,default,,200,,,LandingPage,,
http_req_duration,1780770901,1890.821500,,,,true,,GET,LandingPage,HTTP/1.1,default,,200,,,LandingPage,,
http_req_blocked,1780770901,0.000000,,,,true,,GET,LandingPage,HTTP/1.1,default,,200,,,LandingPage,,
http_req_connecting,1780770901,0.000000,,,,true,,GET,LandingPage,HTTP/1.1,default,,200,,,LandingPage,,
http_req_tls_handshaking,1780770901,0.000000,,,,true,,GET,LandingPage,HTTP/1.1,default,,200,,,LandingPage,,
http_req_sending,1780770901,0.000000,,,,true,,GET,LandingPage,HTTP/1.1,default,,200,,,LandingPage,,
http_req_waiting,1780770901,1882.586500,,,,true,,GET,LandingPage,HTTP/1.1,default,,200,,,LandingPage,,
http_req_receiving,1780770901,8.235000,,,,true,,GET,LandingPage,HTTP/1.1,default,,200,,,LandingPage,,
http_req_failed,1780770901,0.000000,,,,true,,GET,LandingPage,HTTP/1.1,default,,200,,,LandingPage,,
checks,1780770901,1.000000,Home page status is 200,,,,,,,,default,,,,,,,
http_reqs,1780770901,1.000000,,,,true,,GET,LandingPage,HTTP/1.1,default,,200,,,LandingPage,,
http_req_duration,1780770901,2088.042800,,,,true,,GET,LandingPage,HTTP/1.1,default,,200,,,LandingPage,,
http_req_blocked,1780770901,0.000000,,,,true,,GET,LandingPage,HTTP/1.1,default,,200,,,LandingPage,,
http_req_connecting,1780770901,0.000000,,,,true,,GET,LandingPage,HTTP/1.1,default,,200,,,LandingPage,,
http_req_tls_handshaking,1780770901,0.000000,,,,true,,GET,LandingPage,HTTP/1.1,default,,200,,,LandingPage,,
http_req_sending,1780770901,0.000000,,,,true,,GET,LandingPage,HTTP/1.1,default,,200,,,LandingPage,,
http_req_waiting,1780770901,2077.845100,,,,true,,GET,LandingPage,HTTP/1.1,default,,200,,,LandingPage,,
http_req_receiving,1780770901,10.197700,,,,true,,GET,LandingPage,HTTP/1.1,default,,200,,,LandingPage,,
http_req_failed,1780770901,0.000000,,,,true,,GET,LandingPage,HTTP/1.1,default,,200,,,LandingPage,,
checks,1780770901,1.000000,Home page status is 200,,,,,,,,default,,,,,,,
http_reqs,1780770902,1.000000,,,,true,,GET,BookDetailsJoin,HTTP/1.1,default,,200,,,BookDetailsJoin,,
http_req_duration,1780770902,1985.447000,,,,true,,GET,BookDetailsJoin,HTTP/1.1,default,,200,,,BookDetailsJoin,,
http_req_blocked,1780770902,0.000000,,,,true,,GET,BookDetailsJoin,HTTP/1.1,default,,200,,,BookDetailsJoin,,
http_req_connecting,1780770902,0.000000,,,,true,,GET,BookDetailsJoin,HTTP/1.1,default,,200,,,BookDetailsJoin,,
http_req_tls_handshaking,1780770902,0.000000,,,,true,,GET,BookDetailsJoin,HTTP/1.1,default,,200,,,BookDetailsJoin,,
http_req_sending,1780770902,0.000000,,,,true,,GET,BookDetailsJoin,HTTP/1.1,default,,200,,,BookDetailsJoin,,
http_req_waiting,1780770902,1983.956900,,,,true,,GET,BookDetailsJoin,HTTP/1.1,default,,200,,,BookDetailsJoin,,
http_req_receiving,1780770902,1.490100,,,,true,,GET,BookDetailsJoin,HTTP/1.1,default,,200,,,BookDetailsJoin,,
http_req_failed,1780770902,0.000000,,,,true,,GET,BookDetailsJoin,HTTP/1.1,default,,200,,,BookDetailsJoin,,
checks,1780770902,1.000000,Book details status is 200,,,,,,,,default,,,,,,,
http_reqs,1780770902,1.000000,,,,true,,GET,LandingPage,HTTP/1.1,default,,200,,,LandingPage,,
http_req_duration,1780770902,1916.008300,,,,true,,GET,LandingPage,HTTP/1.1,default,,200,,,LandingPage,,
http_req_blocked,1780770902,1.905800,,,,true,,GET,LandingPage,HTTP/1.1,default,,200,,,LandingPage,,
http_req_connecting,1780770902,0.887500,,,,true,,GET,LandingPage,HTTP/1.1,default,,200,,,LandingPage,,
http_req_tls_handshaking,1780770902,0.000000,,,,true,,GET,LandingPage,HTTP/1.1,default,,200,,,LandingPage,,
http_req_sending,1780770902,0.000000,,,,true,,GET,LandingPage,HTTP/1.1,default,,200,,,LandingPage,,
http_req_waiting,1780770902,1915.431300,,,,true,,GET,LandingPage,HTTP/1.1,default,,200,,,LandingPage,,
http_req_receiving,1780770902,0.577000,,,,true,,GET,LandingPage,HTTP/1.1,default,,200,,,LandingPage,,
http_req_failed,1780770902,0.000000,,,,true,,GET,LandingPage,HTTP/1.1,default,,200,,,LandingPage,,
checks,1780770902,1.000000,Home page status is 200,,,,,,,,default,,,,,,,
vus,1780770902,15.000000,,,,,,,,,,,,,,,,
vus_max,1780770902,50.000000,,,,,,,,,,,,,,,,
http_reqs,1780770902,1.000000,,,,true,,GET,PublicCatalog,HTTP/1.1,default,,200,,,PublicCatalog,,
http_req_duration,1780770902,2651.141300,,,,true,,GET,PublicCatalog,HTTP/1.1,default,,200,,,PublicCatalog,,
http_req_blocked,1780770902,0.000000,,,,true,,GET,PublicCatalog,HTTP/1.1,default,,200,,,PublicCatalog,,
http_req_connecting,1780770902,0.000000,,,,true,,GET,PublicCatalog,HTTP/1.1,default,,200,,,PublicCatalog,,
http_req_tls_handshaking,1780770902,0.000000,,,,true,,GET,PublicCatalog,HTTP/1.1,default,,200,,,PublicCatalog,,
http_req_sending,1780770902,0.000000,,,,true,,GET,PublicCatalog,HTTP/1.1,default,,200,,,PublicCatalog,,
http_req_waiting,1780770902,2638.522600,,,,true,,GET,PublicCatalog,HTTP/1.1,default,,200,,,PublicCatalog,,
http_req_receiving,1780770902,12.618700,,,,true,,GET,PublicCatalog,HTTP/1.1,default,,200,,,PublicCatalog,,
http_req_failed,1780770902,0.000000,,,,true,,GET,PublicCatalog,HTTP/1.1,default,,200,,,PublicCatalog,,
checks,1780770902,1.000000,Catalog page status is 200,,,,,,,,default,,,,,,,
data_sent,1780770902,264.000000,,,,,,,,,default,,,,,,,
data_received,1780770902,111192.000000,,,,,,,,,default,,,,,,,
iteration_duration,1780770902,11802.840300,,,,,,,,,default,,,,,,,
iterations,1780770902,1.000000,,,,,,,,,default,,,,,,,
http_reqs,1780770902,1.000000,,,,true,,GET,PublicCatalog,HTTP/1.1,default,,200,,,PublicCatalog,,
http_req_duration,1780770902,2668.357200,,,,true,,GET,PublicCatalog,HTTP/1.1,default,,200,,,PublicCatalog,,
http_req_blocked,1780770902,0.000000,,,,true,,GET,PublicCatalog,HTTP/1.1,default,,200,,,PublicCatalog,,
http_req_connecting,1780770902,0.000000,,,,true,,GET,PublicCatalog,HTTP/1.1,default,,200,,,PublicCatalog,,
http_req_tls_handshaking,1780770902,0.000000,,,,true,,GET,PublicCatalog,HTTP/1.1,default,,200,,,PublicCatalog,,
http_req_sending,1780770902,0.000000,,,,true,,GET,PublicCatalog,HTTP/1.1,default,,200,,,PublicCatalog,,
http_req_waiting,1780770902,2666.618100,,,,true,,GET,PublicCatalog,HTTP/1.1,default,,200,,,PublicCatalog,,
http_req_receiving,1780770902,1.739100,,,,true,,GET,PublicCatalog,HTTP/1.1,default,,200,,,PublicCatalog,,
http_req_failed,1780770902,0.000000,,,,true,,GET,PublicCatalog,HTTP/1.1,default,,200,,,PublicCatalog,,
checks,1780770902,1.000000,Catalog page status is 200,,,,,,,,default,,,,,,,
data_sent,1780770903,264.000000,,,,,,,,,default,,,,,,,
data_received,1780770903,111012.000000,,,,,,,,,default,,,,,,,
iteration_duration,1780770903,11511.223800,,,,,,,,,default,,,,,,,
iterations,1780770903,1.000000,,,,,,,,,default,,,,,,,
http_reqs,1780770903,1.000000,,,,true,,GET,BookDetailsJoin,HTTP/1.1,default,,200,,,BookDetailsJoin,,
http_req_duration,1780770903,2949.616600,,,,true,,GET,BookDetailsJoin,HTTP/1.1,default,,200,,,BookDetailsJoin,,
http_req_blocked,1780770903,0.000000,,,,true,,GET,BookDetailsJoin,HTTP/1.1,default,,200,,,BookDetailsJoin,,
http_req_connecting,1780770903,0.000000,,,,true,,GET,BookDetailsJoin,HTTP/1.1,default,,200,,,BookDetailsJoin,,
http_req_tls_handshaking,1780770903,0.000000,,,,true,,GET,BookDetailsJoin,HTTP/1.1,default,,200,,,BookDetailsJoin,,
http_req_sending,1780770903,0.000000,,,,true,,GET,BookDetailsJoin,HTTP/1.1,default,,200,,,BookDetailsJoin,,
http_req_waiting,1780770903,2948.531300,,,,true,,GET,BookDetailsJoin,HTTP/1.1,default,,200,,,BookDetailsJoin,,
http_req_receiving,1780770903,1.085300,,,,true,,GET,BookDetailsJoin,HTTP/1.1,default,,200,,,BookDetailsJoin,,
http_req_failed,1780770903,0.000000,,,,true,,GET,BookDetailsJoin,HTTP/1.1,default,,200,,,BookDetailsJoin,,
checks,1780770903,1.000000,Book details status is 200,,,,,,,,default,,,,,,,
vus,1780770903,15.000000,,,,,,,,,,,,,,,,
vus_max,1780770903,50.000000,,,,,,,,,,,,,,,,
http_reqs,1780770903,1.000000,,,,true,,GET,BookDetailsJoin,HTTP/1.1,default,,200,,,BookDetailsJoin,,
http_req_duration,1780770903,2934.640600,,,,true,,GET,BookDetailsJoin,HTTP/1.1,default,,200,,,BookDetailsJoin,,
http_req_blocked,1780770903,0.000000,,,,true,,GET,BookDetailsJoin,HTTP/1.1,default,,200,,,BookDetailsJoin,,
http_req_connecting,1780770903,0.000000,,,,true,,GET,BookDetailsJoin,HTTP/1.1,default,,200,,,BookDetailsJoin,,
http_req_tls_handshaking,1780770903,0.000000,,,,true,,GET,BookDetailsJoin,HTTP/1.1,default,,200,,,BookDetailsJoin,,
http_req_sending,1780770903,0.000000,,,,true,,GET,BookDetailsJoin,HTTP/1.1,default,,200,,,BookDetailsJoin,,
http_req_waiting,1780770903,2932.860800,,,,true,,GET,BookDetailsJoin,HTTP/1.1,default,,200,,,BookDetailsJoin,,
http_req_receiving,1780770903,1.779800,,,,true,,GET,BookDetailsJoin,HTTP/1.1,default,,200,,,BookDetailsJoin,,
http_req_failed,1780770903,0.000000,,,,true,,GET,BookDetailsJoin,HTTP/1.1,default,,200,,,BookDetailsJoin,,
checks,1780770903,1.000000,Book details status is 200,,,,,,,,default,,,,,,,
latency_cold_start,1780770903,1778.000000,,,,,,,,,default,,,,,,,
http_reqs,1780770904,1.000000,,,,true,,GET,LandingPage,HTTP/1.1,default,,200,,,LandingPage,,
http_req_duration,1780770904,1170.416800,,,,true,,GET,LandingPage,HTTP/1.1,default,,200,,,LandingPage,,
http_req_blocked,1780770904,0.000000,,,,true,,GET,LandingPage,HTTP/1.1,default,,200,,,LandingPage,,
http_req_connecting,1780770904,0.000000,,,,true,,GET,LandingPage,HTTP/1.1,default,,200,,,LandingPage,,
http_req_tls_handshaking,1780770904,0.000000,,,,true,,GET,LandingPage,HTTP/1.1,default,,200,,,LandingPage,,
http_req_sending,1780770904,0.000000,,,,true,,GET,LandingPage,HTTP/1.1,default,,200,,,LandingPage,,
http_req_waiting,1780770904,1169.116400,,,,true,,GET,LandingPage,HTTP/1.1,default,,200,,,LandingPage,,
http_req_receiving,1780770904,1.300400,,,,true,,GET,LandingPage,HTTP/1.1,default,,200,,,LandingPage,,
http_req_failed,1780770904,0.000000,,,,true,,GET,LandingPage,HTTP/1.1,default,,200,,,LandingPage,,
checks,1780770904,1.000000,Home page status is 200,,,,,,,,default,,,,,,,
http_reqs,1780770904,1.000000,,,,true,,GET,PublicCatalog,HTTP/1.1,default,,200,,,PublicCatalog,,
http_req_duration,1780770904,1948.669900,,,,true,,GET,PublicCatalog,HTTP/1.1,default,,200,,,PublicCatalog,,
http_req_blocked,1780770904,0.000000,,,,true,,GET,PublicCatalog,HTTP/1.1,default,,200,,,PublicCatalog,,
http_req_connecting,1780770904,0.000000,,,,true,,GET,PublicCatalog,HTTP/1.1,default,,200,,,PublicCatalog,,
http_req_tls_handshaking,1780770904,0.000000,,,,true,,GET,PublicCatalog,HTTP/1.1,default,,200,,,PublicCatalog,,
http_req_sending,1780770904,0.000000,,,,true,,GET,PublicCatalog,HTTP/1.1,default,,200,,,PublicCatalog,,
http_req_waiting,1780770904,1947.784500,,,,true,,GET,PublicCatalog,HTTP/1.1,default,,200,,,PublicCatalog,,
http_req_receiving,1780770904,0.885400,,,,true,,GET,PublicCatalog,HTTP/1.1,default,,200,,,PublicCatalog,,
http_req_failed,1780770904,0.000000,,,,true,,GET,PublicCatalog,HTTP/1.1,default,,200,,,PublicCatalog,,
checks,1780770904,1.000000,Catalog page status is 200,,,,,,,,default,,,,,,,
http_reqs,1780770904,1.000000,,,,true,,GET,PublicCatalog,HTTP/1.1,default,,200,,,PublicCatalog,,
http_req_duration,1780770904,4030.590800,,,,true,,GET,PublicCatalog,HTTP/1.1,default,,200,,,PublicCatalog,,
http_req_blocked,1780770904,0.000000,,,,true,,GET,PublicCatalog,HTTP/1.1,default,,200,,,PublicCatalog,,
http_req_connecting,1780770904,0.000000,,,,true,,GET,PublicCatalog,HTTP/1.1,default,,200,,,PublicCatalog,,
http_req_tls_handshaking,1780770904,0.000000,,,,true,,GET,PublicCatalog,HTTP/1.1,default,,200,,,PublicCatalog,,
http_req_sending,1780770904,0.000000,,,,true,,GET,PublicCatalog,HTTP/1.1,default,,200,,,PublicCatalog,,
http_req_waiting,1780770904,4029.961600,,,,true,,GET,PublicCatalog,HTTP/1.1,default,,200,,,PublicCatalog,,
http_req_receiving,1780770904,0.629200,,,,true,,GET,PublicCatalog,HTTP/1.1,default,,200,,,PublicCatalog,,
http_req_failed,1780770904,0.000000,,,,true,,GET,PublicCatalog,HTTP/1.1,default,,200,,,PublicCatalog,,
checks,1780770904,1.000000,Catalog page status is 200,,,,,,,,default,,,,,,,
vus,1780770904,16.000000,,,,,,,,,,,,,,,,
vus_max,1780770904,50.000000,,,,,,,,,,,,,,,,
http_reqs,1780770904,1.000000,,,,true,,GET,LandingPage,HTTP/1.1,default,,200,,,LandingPage,,
http_req_duration,1780770904,1578.908500,,,,true,,GET,LandingPage,HTTP/1.1,default,,200,,,LandingPage,,
http_req_blocked,1780770904,0.000000,,,,true,,GET,LandingPage,HTTP/1.1,default,,200,,,LandingPage,,
http_req_connecting,1780770904,0.000000,,,,true,,GET,LandingPage,HTTP/1.1,default,,200,,,LandingPage,,
http_req_tls_handshaking,1780770904,0.000000,,,,true,,GET,LandingPage,HTTP/1.1,default,,200,,,LandingPage,,
http_req_sending,1780770904,0.000000,,,,true,,GET,LandingPage,HTTP/1.1,default,,200,,,LandingPage,,
http_req_waiting,1780770904,1577.555900,,,,true,,GET,LandingPage,HTTP/1.1,default,,200,,,LandingPage,,
http_req_receiving,1780770904,1.352600,,,,true,,GET,LandingPage,HTTP/1.1,default,,200,,,LandingPage,,
http_req_failed,1780770904,0.000000,,,,true,,GET,LandingPage,HTTP/1.1,default,,200,,,LandingPage,,
checks,1780770904,1.000000,Home page status is 200,,,,,,,,default,,,,,,,
data_sent,1780770905,264.000000,,,,,,,,,default,,,,,,,
data_received,1780770905,111697.000000,,,,,,,,,default,,,,,,,
iteration_duration,1780770905,10814.228500,,,,,,,,,default,,,,,,,
iterations,1780770905,1.000000,,,,,,,,,default,,,,,,,
http_reqs,1780770905,1.000000,,,,true,,GET,LandingPage,HTTP/1.1,default,,200,,,LandingPage,,
http_req_duration,1780770905,1468.805900,,,,true,,GET,LandingPage,HTTP/1.1,default,,200,,,LandingPage,,
http_req_blocked,1780770905,0.588200,,,,true,,GET,LandingPage,HTTP/1.1,default,,200,,,LandingPage,,
http_req_connecting,1780770905,0.588200,,,,true,,GET,LandingPage,HTTP/1.1,default,,200,,,LandingPage,,
http_req_tls_handshaking,1780770905,0.000000,,,,true,,GET,LandingPage,HTTP/1.1,default,,200,,,LandingPage,,
http_req_sending,1780770905,0.000000,,,,true,,GET,LandingPage,HTTP/1.1,default,,200,,,LandingPage,,
http_req_waiting,1780770905,1464.246300,,,,true,,GET,LandingPage,HTTP/1.1,default,,200,,,LandingPage,,
http_req_receiving,1780770905,4.559600,,,,true,,GET,LandingPage,HTTP/1.1,default,,200,,,LandingPage,,
http_req_failed,1780770905,0.000000,,,,true,,GET,LandingPage,HTTP/1.1,default,,200,,,LandingPage,,
checks,1780770905,1.000000,Home page status is 200,,,,,,,,default,,,,,,,
vus,1780770905,16.000000,,,,,,,,,,,,,,,,
vus_max,1780770905,50.000000,,,,,,,,,,,,,,,,
http_reqs,1780770906,1.000000,,,,true,,GET,PublicCatalog,HTTP/1.1,default,,200,,,PublicCatalog,,
http_req_duration,1780770906,4325.567800,,,,true,,GET,PublicCatalog,HTTP/1.1,default,,200,,,PublicCatalog,,
http_req_blocked,1780770906,0.000000,,,,true,,GET,PublicCatalog,HTTP/1.1,default,,200,,,PublicCatalog,,
http_req_connecting,1780770906,0.000000,,,,true,,GET,PublicCatalog,HTTP/1.1,default,,200,,,PublicCatalog,,
http_req_tls_handshaking,1780770906,0.000000,,,,true,,GET,PublicCatalog,HTTP/1.1,default,,200,,,PublicCatalog,,
http_req_sending,1780770906,0.000000,,,,true,,GET,PublicCatalog,HTTP/1.1,default,,200,,,PublicCatalog,,
http_req_waiting,1780770906,4312.160900,,,,true,,GET,PublicCatalog,HTTP/1.1,default,,200,,,PublicCatalog,,
http_req_receiving,1780770906,13.406900,,,,true,,GET,PublicCatalog,HTTP/1.1,default,,200,,,PublicCatalog,,
http_req_failed,1780770906,0.000000,,,,true,,GET,PublicCatalog,HTTP/1.1,default,,200,,,PublicCatalog,,
checks,1780770906,1.000000,Catalog page status is 200,,,,,,,,default,,,,,,,
http_reqs,1780770906,1.000000,,,,true,,GET,BookDetailsJoin,HTTP/1.1,default,,200,,,BookDetailsJoin,,
http_req_duration,1780770906,3040.919000,,,,true,,GET,BookDetailsJoin,HTTP/1.1,default,,200,,,BookDetailsJoin,,
http_req_blocked,1780770906,0.000000,,,,true,,GET,BookDetailsJoin,HTTP/1.1,default,,200,,,BookDetailsJoin,,
http_req_connecting,1780770906,0.000000,,,,true,,GET,BookDetailsJoin,HTTP/1.1,default,,200,,,BookDetailsJoin,,
http_req_tls_handshaking,1780770906,0.000000,,,,true,,GET,BookDetailsJoin,HTTP/1.1,default,,200,,,BookDetailsJoin,,
http_req_sending,1780770906,0.000000,,,,true,,GET,BookDetailsJoin,HTTP/1.1,default,,200,,,BookDetailsJoin,,
http_req_waiting,1780770906,3037.620000,,,,true,,GET,BookDetailsJoin,HTTP/1.1,default,,200,,,BookDetailsJoin,,
http_req_receiving,1780770906,3.299000,,,,true,,GET,BookDetailsJoin,HTTP/1.1,default,,200,,,BookDetailsJoin,,
http_req_failed,1780770906,0.000000,,,,true,,GET,BookDetailsJoin,HTTP/1.1,default,,200,,,BookDetailsJoin,,
checks,1780770906,1.000000,Book details status is 200,,,,,,,,default,,,,,,,
data_sent,1780770906,264.000000,,,,,,,,,default,,,,,,,
data_received,1780770906,110280.000000,,,,,,,,,default,,,,,,,
iteration_duration,1780770906,11559.543300,,,,,,,,,default,,,,,,,
iterations,1780770906,1.000000,,,,,,,,,default,,,,,,,
http_reqs,1780770906,1.000000,,,,true,,GET,BookDetailsJoin,HTTP/1.1,default,,200,,,BookDetailsJoin,,
http_req_duration,1780770906,3438.402400,,,,true,,GET,BookDetailsJoin,HTTP/1.1,default,,200,,,BookDetailsJoin,,
http_req_blocked,1780770906,0.000000,,,,true,,GET,BookDetailsJoin,HTTP/1.1,default,,200,,,BookDetailsJoin,,
http_req_connecting,1780770906,0.000000,,,,true,,GET,BookDetailsJoin,HTTP/1.1,default,,200,,,BookDetailsJoin,,
http_req_tls_handshaking,1780770906,0.000000,,,,true,,GET,BookDetailsJoin,HTTP/1.1,default,,200,,,BookDetailsJoin,,
http_req_sending,1780770906,0.000000,,,,true,,GET,BookDetailsJoin,HTTP/1.1,default,,200,,,BookDetailsJoin,,
http_req_waiting,1780770906,3435.637200,,,,true,,GET,BookDetailsJoin,HTTP/1.1,default,,200,,,BookDetailsJoin,,
http_req_receiving,1780770906,2.765200,,,,true,,GET,BookDetailsJoin,HTTP/1.1,default,,200,,,BookDetailsJoin,,
http_req_failed,1780770906,0.000000,,,,true,,GET,BookDetailsJoin,HTTP/1.1,default,,200,,,BookDetailsJoin,,
checks,1780770906,1.000000,Book details status is 200,,,,,,,,default,,,,,,,
vus,1780770906,16.000000,,,,,,,,,,,,,,,,
vus_max,1780770906,50.000000,,,,,,,,,,,,,,,,
http_reqs,1780770906,1.000000,,,,true,,GET,PublicCatalog,HTTP/1.1,default,,200,,,PublicCatalog,,
http_req_duration,1780770906,3831.812600,,,,true,,GET,PublicCatalog,HTTP/1.1,default,,200,,,PublicCatalog,,
http_req_blocked,1780770906,0.000000,,,,true,,GET,PublicCatalog,HTTP/1.1,default,,200,,,PublicCatalog,,
http_req_connecting,1780770906,0.000000,,,,true,,GET,PublicCatalog,HTTP/1.1,default,,200,,,PublicCatalog,,
http_req_tls_handshaking,1780770906,0.000000,,,,true,,GET,PublicCatalog,HTTP/1.1,default,,200,,,PublicCatalog,,
http_req_sending,1780770906,0.000000,,,,true,,GET,PublicCatalog,HTTP/1.1,default,,200,,,PublicCatalog,,
http_req_waiting,1780770906,3819.622600,,,,true,,GET,PublicCatalog,HTTP/1.1,default,,200,,,PublicCatalog,,
http_req_receiving,1780770906,12.190000,,,,true,,GET,PublicCatalog,HTTP/1.1,default,,200,,,PublicCatalog,,
http_req_failed,1780770906,0.000000,,,,true,,GET,PublicCatalog,HTTP/1.1,default,,200,,,PublicCatalog,,
checks,1780770906,1.000000,Catalog page status is 200,,,,,,,,default,,,,,,,
data_sent,1780770906,264.000000,,,,,,,,,default,,,,,,,
data_received,1780770906,110441.000000,,,,,,,,,default,,,,,,,
iteration_duration,1780770906,11637.409600,,,,,,,,,default,,,,,,,
iterations,1780770906,1.000000,,,,,,,,,default,,,,,,,
http_reqs,1780770906,1.000000,,,,true,,GET,PublicCatalog,HTTP/1.1,default,,200,,,PublicCatalog,,
http_req_duration,1780770906,4302.898000,,,,true,,GET,PublicCatalog,HTTP/1.1,default,,200,,,PublicCatalog,,
http_req_blocked,1780770906,0.000000,,,,true,,GET,PublicCatalog,HTTP/1.1,default,,200,,,PublicCatalog,,
http_req_connecting,1780770906,0.000000,,,,true,,GET,PublicCatalog,HTTP/1.1,default,,200,,,PublicCatalog,,
http_req_tls_handshaking,1780770906,0.000000,,,,true,,GET,PublicCatalog,HTTP/1.1,default,,200,,,PublicCatalog,,
http_req_sending,1780770906,0.000000,,,,true,,GET,PublicCatalog,HTTP/1.1,default,,200,,,PublicCatalog,,
http_req_waiting,1780770906,4297.773300,,,,true,,GET,PublicCatalog,HTTP/1.1,default,,200,,,PublicCatalog,,
http_req_receiving,1780770906,5.124700,,,,true,,GET,PublicCatalog,HTTP/1.1,default,,200,,,PublicCatalog,,
http_req_failed,1780770906,0.000000,,,,true,,GET,PublicCatalog,HTTP/1.1,default,,200,,,PublicCatalog,,
checks,1780770906,1.000000,Catalog page status is 200,,,,,,,,default,,,,,,,
latency_cold_start,1780770906,1778.000000,,,,,,,,,default,,,,,,,
http_reqs,1780770907,1.000000,,,,true,,GET,PublicCatalog,HTTP/1.1,default,,200,,,PublicCatalog,,
http_req_duration,1780770907,3588.797400,,,,true,,GET,PublicCatalog,HTTP/1.1,default,,200,,,PublicCatalog,,
http_req_blocked,1780770907,0.000000,,,,true,,GET,PublicCatalog,HTTP/1.1,default,,200,,,PublicCatalog,,
http_req_connecting,1780770907,0.000000,,,,true,,GET,PublicCatalog,HTTP/1.1,default,,200,,,PublicCatalog,,
http_req_tls_handshaking,1780770907,0.000000,,,,true,,GET,PublicCatalog,HTTP/1.1,default,,200,,,PublicCatalog,,
http_req_sending,1780770907,0.000000,,,,true,,GET,PublicCatalog,HTTP/1.1,default,,200,,,PublicCatalog,,
http_req_waiting,1780770907,3587.385400,,,,true,,GET,PublicCatalog,HTTP/1.1,default,,200,,,PublicCatalog,,
http_req_receiving,1780770907,1.412000,,,,true,,GET,PublicCatalog,HTTP/1.1,default,,200,,,PublicCatalog,,
http_req_failed,1780770907,0.000000,,,,true,,GET,PublicCatalog,HTTP/1.1,default,,200,,,PublicCatalog,,
checks,1780770907,1.000000,Catalog page status is 200,,,,,,,,default,,,,,,,
http_reqs,1780770907,1.000000,,,,true,,GET,LandingPage,HTTP/1.1,default,,200,,,LandingPage,,
http_req_duration,1780770907,2420.584900,,,,true,,GET,LandingPage,HTTP/1.1,default,,200,,,LandingPage,,
http_req_blocked,1780770907,0.000000,,,,true,,GET,LandingPage,HTTP/1.1,default,,200,,,LandingPage,,
http_req_connecting,1780770907,0.000000,,,,true,,GET,LandingPage,HTTP/1.1,default,,200,,,LandingPage,,
http_req_tls_handshaking,1780770907,0.000000,,,,true,,GET,LandingPage,HTTP/1.1,default,,200,,,LandingPage,,
http_req_sending,1780770907,0.000000,,,,true,,GET,LandingPage,HTTP/1.1,default,,200,,,LandingPage,,
http_req_waiting,1780770907,2419.220500,,,,true,,GET,LandingPage,HTTP/1.1,default,,200,,,LandingPage,,
http_req_receiving,1780770907,1.364400,,,,true,,GET,LandingPage,HTTP/1.1,default,,200,,,LandingPage,,
http_req_failed,1780770907,0.000000,,,,true,,GET,LandingPage,HTTP/1.1,default,,200,,,LandingPage,,
checks,1780770907,1.000000,Home page status is 200,,,,,,,,default,,,,,,,
vus,1780770907,17.000000,,,,,,,,,,,,,,,,
vus_max,1780770907,50.000000,,,,,,,,,,,,,,,,
http_reqs,1780770907,1.000000,,,,true,,GET,BookDetailsJoin,HTTP/1.1,default,,200,,,BookDetailsJoin,,
http_req_duration,1780770907,2778.687700,,,,true,,GET,BookDetailsJoin,HTTP/1.1,default,,200,,,BookDetailsJoin,,
http_req_blocked,1780770907,0.000000,,,,true,,GET,BookDetailsJoin,HTTP/1.1,default,,200,,,BookDetailsJoin,,
http_req_connecting,1780770907,0.000000,,,,true,,GET,BookDetailsJoin,HTTP/1.1,default,,200,,,BookDetailsJoin,,
http_req_tls_handshaking,1780770907,0.000000,,,,true,,GET,BookDetailsJoin,HTTP/1.1,default,,200,,,BookDetailsJoin,,
http_req_sending,1780770907,0.000000,,,,true,,GET,BookDetailsJoin,HTTP/1.1,default,,200,,,BookDetailsJoin,,
http_req_waiting,1780770907,2776.759700,,,,true,,GET,BookDetailsJoin,HTTP/1.1,default,,200,,,BookDetailsJoin,,
http_req_receiving,1780770907,1.928000,,,,true,,GET,BookDetailsJoin,HTTP/1.1,default,,200,,,BookDetailsJoin,,
http_req_failed,1780770907,0.000000,,,,true,,GET,BookDetailsJoin,HTTP/1.1,default,,200,,,BookDetailsJoin,,
checks,1780770907,1.000000,Book details status is 200,,,,,,,,default,,,,,,,
http_reqs,1780770908,1.000000,,,,true,,GET,LandingPage,HTTP/1.1,default,,200,,,LandingPage,,
http_req_duration,1780770908,1692.446800,,,,true,,GET,LandingPage,HTTP/1.1,default,,200,,,LandingPage,,
http_req_blocked,1780770908,0.000000,,,,true,,GET,LandingPage,HTTP/1.1,default,,200,,,LandingPage,,
http_req_connecting,1780770908,0.000000,,,,true,,GET,LandingPage,HTTP/1.1,default,,200,,,LandingPage,,
http_req_tls_handshaking,1780770908,0.000000,,,,true,,GET,LandingPage,HTTP/1.1,default,,200,,,LandingPage,,
http_req_sending,1780770908,0.000000,,,,true,,GET,LandingPage,HTTP/1.1,default,,200,,,LandingPage,,
http_req_waiting,1780770908,1691.543000,,,,true,,GET,LandingPage,HTTP/1.1,default,,200,,,LandingPage,,
http_req_receiving,1780770908,0.903800,,,,true,,GET,LandingPage,HTTP/1.1,default,,200,,,LandingPage,,
http_req_failed,1780770908,0.000000,,,,true,,GET,LandingPage,HTTP/1.1,default,,200,,,LandingPage,,
checks,1780770908,1.000000,Home page status is 200,,,,,,,,default,,,,,,,
http_reqs,1780770908,1.000000,,,,true,,GET,BookDetailsJoin,HTTP/1.1,default,,200,,,BookDetailsJoin,,
http_req_duration,1780770908,3439.555600,,,,true,,GET,BookDetailsJoin,HTTP/1.1,default,,200,,,BookDetailsJoin,,
http_req_blocked,1780770908,0.000000,,,,true,,GET,BookDetailsJoin,HTTP/1.1,default,,200,,,BookDetailsJoin,,
http_req_connecting,1780770908,0.000000,,,,true,,GET,BookDetailsJoin,HTTP/1.1,default,,200,,,BookDetailsJoin,,
http_req_tls_handshaking,1780770908,0.000000,,,,true,,GET,BookDetailsJoin,HTTP/1.1,default,,200,,,BookDetailsJoin,,
http_req_sending,1780770908,0.000000,,,,true,,GET,BookDetailsJoin,HTTP/1.1,default,,200,,,BookDetailsJoin,,
http_req_waiting,1780770908,3431.574200,,,,true,,GET,BookDetailsJoin,HTTP/1.1,default,,200,,,BookDetailsJoin,,
http_req_receiving,1780770908,7.981400,,,,true,,GET,BookDetailsJoin,HTTP/1.1,default,,200,,,BookDetailsJoin,,
http_req_failed,1780770908,0.000000,,,,true,,GET,BookDetailsJoin,HTTP/1.1,default,,200,,,BookDetailsJoin,,
checks,1780770908,1.000000,Book details status is 200,,,,,,,,default,,,,,,,
http_reqs,1780770908,1.000000,,,,true,,GET,PublicCatalog,HTTP/1.1,default,,200,,,PublicCatalog,,
http_req_duration,1780770908,3397.420500,,,,true,,GET,PublicCatalog,HTTP/1.1,default,,200,,,PublicCatalog,,
http_req_blocked,1780770908,0.000000,,,,true,,GET,PublicCatalog,HTTP/1.1,default,,200,,,PublicCatalog,,
http_req_connecting,1780770908,0.000000,,,,true,,GET,PublicCatalog,HTTP/1.1,default,,200,,,PublicCatalog,,
http_req_tls_handshaking,1780770908,0.000000,,,,true,,GET,PublicCatalog,HTTP/1.1,default,,200,,,PublicCatalog,,
http_req_sending,1780770908,0.000000,,,,true,,GET,PublicCatalog,HTTP/1.1,default,,200,,,PublicCatalog,,
http_req_waiting,1780770908,3396.148200,,,,true,,GET,PublicCatalog,HTTP/1.1,default,,200,,,PublicCatalog,,
http_req_receiving,1780770908,1.272300,,,,true,,GET,PublicCatalog,HTTP/1.1,default,,200,,,PublicCatalog,,
http_req_failed,1780770908,0.000000,,,,true,,GET,PublicCatalog,HTTP/1.1,default,,200,,,PublicCatalog,,
checks,1780770908,1.000000,Catalog page status is 200,,,,,,,,default,,,,,,,
vus,1780770908,17.000000,,,,,,,,,,,,,,,,
vus_max,1780770908,50.000000,,,,,,,,,,,,,,,,
http_reqs,1780770908,1.000000,,,,true,,GET,LandingPage,HTTP/1.1,default,,200,,,LandingPage,,
http_req_duration,1780770908,1955.452500,,,,true,,GET,LandingPage,HTTP/1.1,default,,200,,,LandingPage,,
http_req_blocked,1780770908,0.000000,,,,true,,GET,LandingPage,HTTP/1.1,default,,200,,,LandingPage,,
http_req_connecting,1780770908,0.000000,,,,true,,GET,LandingPage,HTTP/1.1,default,,200,,,LandingPage,,
http_req_tls_handshaking,1780770908,0.000000,,,,true,,GET,LandingPage,HTTP/1.1,default,,200,,,LandingPage,,
http_req_sending,1780770908,0.000000,,,,true,,GET,LandingPage,HTTP/1.1,default,,200,,,LandingPage,,
http_req_waiting,1780770908,1951.926000,,,,true,,GET,LandingPage,HTTP/1.1,default,,200,,,LandingPage,,
http_req_receiving,1780770908,3.526500,,,,true,,GET,LandingPage,HTTP/1.1,default,,200,,,LandingPage,,
http_req_failed,1780770908,0.000000,,,,true,,GET,LandingPage,HTTP/1.1,default,,200,,,LandingPage,,
checks,1780770908,1.000000,Home page status is 200,,,,,,,,default,,,,,,,
http_reqs,1780770908,1.000000,,,,true,,GET,LandingPage,HTTP/1.1,default,,200,,,LandingPage,,
http_req_duration,1780770908,1874.543700,,,,true,,GET,LandingPage,HTTP/1.1,default,,200,,,LandingPage,,
http_req_blocked,1780770908,1.320700,,,,true,,GET,LandingPage,HTTP/1.1,default,,200,,,LandingPage,,
http_req_connecting,1780770908,1.320700,,,,true,,GET,LandingPage,HTTP/1.1,default,,200,,,LandingPage,,
http_req_tls_handshaking,1780770908,0.000000,,,,true,,GET,LandingPage,HTTP/1.1,default,,200,,,LandingPage,,
http_req_sending,1780770908,0.000000,,,,true,,GET,LandingPage,HTTP/1.1,default,,200,,,LandingPage,,
http_req_waiting,1780770908,1873.789200,,,,true,,GET,LandingPage,HTTP/1.1,default,,200,,,LandingPage,,
http_req_receiving,1780770908,0.754500,,,,true,,GET,LandingPage,HTTP/1.1,default,,200,,,LandingPage,,
http_req_failed,1780770908,0.000000,,,,true,,GET,LandingPage,HTTP/1.1,default,,200,,,LandingPage,,
checks,1780770908,1.000000,Home page status is 200,,,,,,,,default,,,,,,,
data_sent,1780770909,264.000000,,,,,,,,,default,,,,,,,
data_received,1780770909,110385.000000,,,,,,,,,default,,,,,,,
iteration_duration,1780770909,12560.751000,,,,,,,,,default,,,,,,,
iterations,1780770909,1.000000,,,,,,,,,default,,,,,,,
data_sent,1780770909,264.000000,,,,,,,,,default,,,,,,,
data_received,1780770909,110522.000000,,,,,,,,,default,,,,,,,
iteration_duration,1780770909,13061.278700,,,,,,,,,default,,,,,,,
iterations,1780770909,1.000000,,,,,,,,,default,,,,,,,
vus,1780770909,17.000000,,,,,,,,,,,,,,,,
vus_max,1780770909,50.000000,,,,,,,,,,,,,,,,
http_reqs,1780770909,1.000000,,,,true,,GET,BookDetailsJoin,HTTP/1.1,default,,200,,,BookDetailsJoin,,
http_req_duration,1780770909,878.630100,,,,true,,GET,BookDetailsJoin,HTTP/1.1,default,,200,,,BookDetailsJoin,,
http_req_blocked,1780770909,0.000000,,,,true,,GET,BookDetailsJoin,HTTP/1.1,default,,200,,,BookDetailsJoin,,
http_req_connecting,1780770909,0.000000,,,,true,,GET,BookDetailsJoin,HTTP/1.1,default,,200,,,BookDetailsJoin,,
http_req_tls_handshaking,1780770909,0.000000,,,,true,,GET,BookDetailsJoin,HTTP/1.1,default,,200,,,BookDetailsJoin,,
http_req_sending,1780770909,0.000000,,,,true,,GET,BookDetailsJoin,HTTP/1.1,default,,200,,,BookDetailsJoin,,
http_req_waiting,1780770909,872.524500,,,,true,,GET,BookDetailsJoin,HTTP/1.1,default,,200,,,BookDetailsJoin,,
http_req_receiving,1780770909,6.105600,,,,true,,GET,BookDetailsJoin,HTTP/1.1,default,,200,,,BookDetailsJoin,,
http_req_failed,1780770909,0.000000,,,,true,,GET,BookDetailsJoin,HTTP/1.1,default,,200,,,BookDetailsJoin,,
checks,1780770909,1.000000,Book details status is 200,,,,,,,,default,,,,,,,
http_reqs,1780770909,1.000000,,,,true,,GET,BookDetailsJoin,HTTP/1.1,default,,200,,,BookDetailsJoin,,
http_req_duration,1780770909,3169.651600,,,,true,,GET,BookDetailsJoin,HTTP/1.1,default,,200,,,BookDetailsJoin,,
http_req_blocked,1780770909,0.000000,,,,true,,GET,BookDetailsJoin,HTTP/1.1,default,,200,,,BookDetailsJoin,,
http_req_connecting,1780770909,0.000000,,,,true,,GET,BookDetailsJoin,HTTP/1.1,default,,200,,,BookDetailsJoin,,
http_req_tls_handshaking,1780770909,0.000000,,,,true,,GET,BookDetailsJoin,HTTP/1.1,default,,200,,,BookDetailsJoin,,
http_req_sending,1780770909,0.000000,,,,true,,GET,BookDetailsJoin,HTTP/1.1,default,,200,,,BookDetailsJoin,,
http_req_waiting,1780770909,3155.303600,,,,true,,GET,BookDetailsJoin,HTTP/1.1,default,,200,,,BookDetailsJoin,,
http_req_receiving,1780770909,14.348000,,,,true,,GET,BookDetailsJoin,HTTP/1.1,default,,200,,,BookDetailsJoin,,
http_req_failed,1780770909,0.000000,,,,true,,GET,BookDetailsJoin,HTTP/1.1,default,,200,,,BookDetailsJoin,,
checks,1780770909,1.000000,Book details status is 200,,,,,,,,default,,,,,,,
http_reqs,1780770909,1.000000,,,,true,,GET,BookDetailsJoin,HTTP/1.1,default,,200,,,BookDetailsJoin,,
http_req_duration,1780770909,1802.771300,,,,true,,GET,BookDetailsJoin,HTTP/1.1,default,,200,,,BookDetailsJoin,,
http_req_blocked,1780770909,0.000000,,,,true,,GET,BookDetailsJoin,HTTP/1.1,default,,200,,,BookDetailsJoin,,
http_req_connecting,1780770909,0.000000,,,,true,,GET,BookDetailsJoin,HTTP/1.1,default,,200,,,BookDetailsJoin,,
http_req_tls_handshaking,1780770909,0.000000,,,,true,,GET,BookDetailsJoin,HTTP/1.1,default,,200,,,BookDetailsJoin,,
http_req_sending,1780770909,0.317300,,,,true,,GET,BookDetailsJoin,HTTP/1.1,default,,200,,,BookDetailsJoin,,
http_req_waiting,1780770909,1798.286600,,,,true,,GET,BookDetailsJoin,HTTP/1.1,default,,200,,,BookDetailsJoin,,
http_req_receiving,1780770909,4.167400,,,,true,,GET,BookDetailsJoin,HTTP/1.1,default,,200,,,BookDetailsJoin,,
http_req_failed,1780770909,0.000000,,,,true,,GET,BookDetailsJoin,HTTP/1.1,default,,200,,,BookDetailsJoin,,
checks,1780770909,1.000000,Book details status is 200,,,,,,,,default,,,,,,,
http_reqs,1780770909,1.000000,,,,true,,GET,BookDetailsJoin,HTTP/1.1,default,,200,,,BookDetailsJoin,,
http_req_duration,1780770909,3606.974700,,,,true,,GET,BookDetailsJoin,HTTP/1.1,default,,200,,,BookDetailsJoin,,
http_req_blocked,1780770909,0.000000,,,,true,,GET,BookDetailsJoin,HTTP/1.1,default,,200,,,BookDetailsJoin,,
http_req_connecting,1780770909,0.000000,,,,true,,GET,BookDetailsJoin,HTTP/1.1,default,,200,,,BookDetailsJoin,,
http_req_tls_handshaking,1780770909,0.000000,,,,true,,GET,BookDetailsJoin,HTTP/1.1,default,,200,,,BookDetailsJoin,,
http_req_sending,1780770909,0.000000,,,,true,,GET,BookDetailsJoin,HTTP/1.1,default,,200,,,BookDetailsJoin,,
http_req_waiting,1780770909,3595.076800,,,,true,,GET,BookDetailsJoin,HTTP/1.1,default,,200,,,BookDetailsJoin,,
http_req_receiving,1780770909,11.897900,,,,true,,GET,BookDetailsJoin,HTTP/1.1,default,,200,,,BookDetailsJoin,,
http_req_failed,1780770909,0.000000,,,,true,,GET,BookDetailsJoin,HTTP/1.1,default,,200,,,BookDetailsJoin,,
checks,1780770909,1.000000,Book details status is 200,,,,,,,,default,,,,,,,
latency_cold_start,1780770910,1778.000000,,,,,,,,,default,,,,,,,
http_reqs,1780770910,1.000000,,,,true,,GET,PublicCatalog,HTTP/1.1,default,,200,,,PublicCatalog,,
http_req_duration,1780770910,1787.863800,,,,true,,GET,PublicCatalog,HTTP/1.1,default,,200,,,PublicCatalog,,
http_req_blocked,1780770910,0.000000,,,,true,,GET,PublicCatalog,HTTP/1.1,default,,200,,,PublicCatalog,,
http_req_connecting,1780770910,0.000000,,,,true,,GET,PublicCatalog,HTTP/1.1,default,,200,,,PublicCatalog,,
http_req_tls_handshaking,1780770910,0.000000,,,,true,,GET,PublicCatalog,HTTP/1.1,default,,200,,,PublicCatalog,,
http_req_sending,1780770910,0.000000,,,,true,,GET,PublicCatalog,HTTP/1.1,default,,200,,,PublicCatalog,,
http_req_waiting,1780770910,1786.473400,,,,true,,GET,PublicCatalog,HTTP/1.1,default,,200,,,PublicCatalog,,
http_req_receiving,1780770910,1.390400,,,,true,,GET,PublicCatalog,HTTP/1.1,default,,200,,,PublicCatalog,,
http_req_failed,1780770910,0.000000,,,,true,,GET,PublicCatalog,HTTP/1.1,default,,200,,,PublicCatalog,,
checks,1780770910,1.000000,Catalog page status is 200,,,,,,,,default,,,,,,,
http_reqs,1780770910,1.000000,,,,true,,GET,PublicCatalog,HTTP/1.1,default,,200,,,PublicCatalog,,
http_req_duration,1780770910,4731.014600,,,,true,,GET,PublicCatalog,HTTP/1.1,default,,200,,,PublicCatalog,,
http_req_blocked,1780770910,0.000000,,,,true,,GET,PublicCatalog,HTTP/1.1,default,,200,,,PublicCatalog,,
http_req_connecting,1780770910,0.000000,,,,true,,GET,PublicCatalog,HTTP/1.1,default,,200,,,PublicCatalog,,
http_req_tls_handshaking,1780770910,0.000000,,,,true,,GET,PublicCatalog,HTTP/1.1,default,,200,,,PublicCatalog,,
http_req_sending,1780770910,0.000000,,,,true,,GET,PublicCatalog,HTTP/1.1,default,,200,,,PublicCatalog,,
http_req_waiting,1780770910,4722.591100,,,,true,,GET,PublicCatalog,HTTP/1.1,default,,200,,,PublicCatalog,,
http_req_receiving,1780770910,8.423500,,,,true,,GET,PublicCatalog,HTTP/1.1,default,,200,,,PublicCatalog,,
http_req_failed,1780770910,0.000000,,,,true,,GET,PublicCatalog,HTTP/1.1,default,,200,,,PublicCatalog,,
vus,1780770910,18.000000,,,,,,,,,,,,,,,,
vus_max,1780770910,50.000000,,,,,,,,,,,,,,,,
checks,1780770910,1.000000,Catalog page status is 200,,,,,,,,default,,,,,,,
data_sent,1780770910,264.000000,,,,,,,,,default,,,,,,,
data_received,1780770910,110227.000000,,,,,,,,,default,,,,,,,
iteration_duration,1780770910,13306.005200,,,,,,,,,default,,,,,,,
iterations,1780770910,1.000000,,,,,,,,,default,,,,,,,
http_reqs,1780770910,1.000000,,,,true,,GET,PublicCatalog,HTTP/1.1,default,,200,,,PublicCatalog,,
http_req_duration,1780770910,4559.161100,,,,true,,GET,PublicCatalog,HTTP/1.1,default,,200,,,PublicCatalog,,
http_req_blocked,1780770910,0.000000,,,,true,,GET,PublicCatalog,HTTP/1.1,default,,200,,,PublicCatalog,,
http_req_connecting,1780770910,0.000000,,,,true,,GET,PublicCatalog,HTTP/1.1,default,,200,,,PublicCatalog,,
http_req_tls_handshaking,1780770910,0.000000,,,,true,,GET,PublicCatalog,HTTP/1.1,default,,200,,,PublicCatalog,,
http_req_sending,1780770910,0.000000,,,,true,,GET,PublicCatalog,HTTP/1.1,default,,200,,,PublicCatalog,,
http_req_waiting,1780770910,4557.744600,,,,true,,GET,PublicCatalog,HTTP/1.1,default,,200,,,PublicCatalog,,
http_req_receiving,1780770910,1.416500,,,,true,,GET,PublicCatalog,HTTP/1.1,default,,200,,,PublicCatalog,,
http_req_failed,1780770910,0.000000,,,,true,,GET,PublicCatalog,HTTP/1.1,default,,200,,,PublicCatalog,,
checks,1780770910,1.000000,Catalog page status is 200,,,,,,,,default,,,,,,,
http_reqs,1780770911,1.000000,,,,true,,GET,LandingPage,HTTP/1.1,default,,200,,,LandingPage,,
http_req_duration,1780770911,1952.138300,,,,true,,GET,LandingPage,HTTP/1.1,default,,200,,,LandingPage,,
http_req_blocked,1780770911,0.000000,,,,true,,GET,LandingPage,HTTP/1.1,default,,200,,,LandingPage,,
http_req_connecting,1780770911,0.000000,,,,true,,GET,LandingPage,HTTP/1.1,default,,200,,,LandingPage,,
http_req_tls_handshaking,1780770911,0.000000,,,,true,,GET,LandingPage,HTTP/1.1,default,,200,,,LandingPage,,
http_req_sending,1780770911,0.000000,,,,true,,GET,LandingPage,HTTP/1.1,default,,200,,,LandingPage,,
http_req_waiting,1780770911,1941.474900,,,,true,,GET,LandingPage,HTTP/1.1,default,,200,,,LandingPage,,
http_req_receiving,1780770911,10.663400,,,,true,,GET,LandingPage,HTTP/1.1,default,,200,,,LandingPage,,
http_req_failed,1780770911,0.000000,,,,true,,GET,LandingPage,HTTP/1.1,default,,200,,,LandingPage,,
checks,1780770911,1.000000,Home page status is 200,,,,,,,,default,,,,,,,
data_sent,1780770911,264.000000,,,,,,,,,default,,,,,,,
data_received,1780770911,110431.000000,,,,,,,,,default,,,,,,,
iteration_duration,1780770911,13703.123400,,,,,,,,,default,,,,,,,
iterations,1780770911,1.000000,,,,,,,,,default,,,,,,,
http_reqs,1780770911,1.000000,,,,true,,GET,BookDetailsJoin,HTTP/1.1,default,,200,,,BookDetailsJoin,,
http_req_duration,1780770911,2473.269800,,,,true,,GET,BookDetailsJoin,HTTP/1.1,default,,200,,,BookDetailsJoin,,
http_req_blocked,1780770911,0.000000,,,,true,,GET,BookDetailsJoin,HTTP/1.1,default,,200,,,BookDetailsJoin,,
http_req_connecting,1780770911,0.000000,,,,true,,GET,BookDetailsJoin,HTTP/1.1,default,,200,,,BookDetailsJoin,,
http_req_tls_handshaking,1780770911,0.000000,,,,true,,GET,BookDetailsJoin,HTTP/1.1,default,,200,,,BookDetailsJoin,,
http_req_sending,1780770911,0.000000,,,,true,,GET,BookDetailsJoin,HTTP/1.1,default,,200,,,BookDetailsJoin,,
http_req_waiting,1780770911,2462.829200,,,,true,,GET,BookDetailsJoin,HTTP/1.1,default,,200,,,BookDetailsJoin,,
http_req_receiving,1780770911,10.440600,,,,true,,GET,BookDetailsJoin,HTTP/1.1,default,,200,,,BookDetailsJoin,,
http_req_failed,1780770911,0.000000,,,,true,,GET,BookDetailsJoin,HTTP/1.1,default,,200,,,BookDetailsJoin,,
checks,1780770911,1.000000,Book details status is 200,,,,,,,,default,,,,,,,
vus,1780770911,18.000000,,,,,,,,,,,,,,,,
vus_max,1780770911,50.000000,,,,,,,,,,,,,,,,
http_reqs,1780770911,1.000000,,,,true,,GET,BookDetailsJoin,HTTP/1.1,default,,200,,,BookDetailsJoin,,
http_req_duration,1780770911,2476.447100,,,,true,,GET,BookDetailsJoin,HTTP/1.1,default,,200,,,BookDetailsJoin,,
http_req_blocked,1780770911,0.000000,,,,true,,GET,BookDetailsJoin,HTTP/1.1,default,,200,,,BookDetailsJoin,,
http_req_connecting,1780770911,0.000000,,,,true,,GET,BookDetailsJoin,HTTP/1.1,default,,200,,,BookDetailsJoin,,
http_req_tls_handshaking,1780770911,0.000000,,,,true,,GET,BookDetailsJoin,HTTP/1.1,default,,200,,,BookDetailsJoin,,
http_req_sending,1780770911,0.000000,,,,true,,GET,BookDetailsJoin,HTTP/1.1,default,,200,,,BookDetailsJoin,,
http_req_waiting,1780770911,2475.209400,,,,true,,GET,BookDetailsJoin,HTTP/1.1,default,,200,,,BookDetailsJoin,,
http_req_receiving,1780770911,1.237700,,,,true,,GET,BookDetailsJoin,HTTP/1.1,default,,200,,,BookDetailsJoin,,
http_req_failed,1780770911,0.000000,,,,true,,GET,BookDetailsJoin,HTTP/1.1,default,,200,,,BookDetailsJoin,,
checks,1780770911,1.000000,Book details status is 200,,,,,,,,default,,,,,,,
http_reqs,1780770911,1.000000,,,,true,,GET,LandingPage,HTTP/1.1,default,,200,,,LandingPage,,
http_req_duration,1780770911,2443.154400,,,,true,,GET,LandingPage,HTTP/1.1,default,,200,,,LandingPage,,
http_req_blocked,1780770911,0.000000,,,,true,,GET,LandingPage,HTTP/1.1,default,,200,,,LandingPage,,
http_req_connecting,1780770911,0.000000,,,,true,,GET,LandingPage,HTTP/1.1,default,,200,,,LandingPage,,
http_req_tls_handshaking,1780770911,0.000000,,,,true,,GET,LandingPage,HTTP/1.1,default,,200,,,LandingPage,,
http_req_sending,1780770911,0.000000,,,,true,,GET,LandingPage,HTTP/1.1,default,,200,,,LandingPage,,
http_req_waiting,1780770911,2443.154400,,,,true,,GET,LandingPage,HTTP/1.1,default,,200,,,LandingPage,,
http_req_receiving,1780770911,0.000000,,,,true,,GET,LandingPage,HTTP/1.1,default,,200,,,LandingPage,,
http_req_failed,1780770911,0.000000,,,,true,,GET,LandingPage,HTTP/1.1,default,,200,,,LandingPage,,
checks,1780770911,1.000000,Home page status is 200,,,,,,,,default,,,,,,,
http_reqs,1780770912,1.000000,,,,true,,GET,PublicCatalog,HTTP/1.1,default,,200,,,PublicCatalog,,
http_req_duration,1780770912,2954.433100,,,,true,,GET,PublicCatalog,HTTP/1.1,default,,200,,,PublicCatalog,,
http_req_blocked,1780770912,0.000000,,,,true,,GET,PublicCatalog,HTTP/1.1,default,,200,,,PublicCatalog,,
http_req_connecting,1780770912,0.000000,,,,true,,GET,PublicCatalog,HTTP/1.1,default,,200,,,PublicCatalog,,
http_req_tls_handshaking,1780770912,0.000000,,,,true,,GET,PublicCatalog,HTTP/1.1,default,,200,,,PublicCatalog,,
http_req_sending,1780770912,0.000000,,,,true,,GET,PublicCatalog,HTTP/1.1,default,,200,,,PublicCatalog,,
http_req_waiting,1780770912,2953.428400,,,,true,,GET,PublicCatalog,HTTP/1.1,default,,200,,,PublicCatalog,,
http_req_receiving,1780770912,1.004700,,,,true,,GET,PublicCatalog,HTTP/1.1,default,,200,,,PublicCatalog,,
http_req_failed,1780770912,0.000000,,,,true,,GET,PublicCatalog,HTTP/1.1,default,,200,,,PublicCatalog,,
checks,1780770912,1.000000,Catalog page status is 200,,,,,,,,default,,,,,,,
http_reqs,1780770912,1.000000,,,,true,,GET,LandingPage,HTTP/1.1,default,,200,,,LandingPage,,
http_req_duration,1780770912,1544.483500,,,,true,,GET,LandingPage,HTTP/1.1,default,,200,,,LandingPage,,
http_req_blocked,1780770912,0.000000,,,,true,,GET,LandingPage,HTTP/1.1,default,,200,,,LandingPage,,
http_req_connecting,1780770912,0.000000,,,,true,,GET,LandingPage,HTTP/1.1,default,,200,,,LandingPage,,
http_req_tls_handshaking,1780770912,0.000000,,,,true,,GET,LandingPage,HTTP/1.1,default,,200,,,LandingPage,,
http_req_sending,1780770912,0.000000,,,,true,,GET,LandingPage,HTTP/1.1,default,,200,,,LandingPage,,
http_req_waiting,1780770912,1543.282400,,,,true,,GET,LandingPage,HTTP/1.1,default,,200,,,LandingPage,,
http_req_receiving,1780770912,1.201100,,,,true,,GET,LandingPage,HTTP/1.1,default,,200,,,LandingPage,,
http_req_failed,1780770912,0.000000,,,,true,,GET,LandingPage,HTTP/1.1,default,,200,,,LandingPage,,
checks,1780770912,1.000000,Home page status is 200,,,,,,,,default,,,,,,,
http_reqs,1780770912,1.000000,,,,true,,GET,LandingPage,HTTP/1.1,default,,200,,,LandingPage,,
http_req_duration,1780770912,2370.432700,,,,true,,GET,LandingPage,HTTP/1.1,default,,200,,,LandingPage,,
http_req_blocked,1780770912,1.105200,,,,true,,GET,LandingPage,HTTP/1.1,default,,200,,,LandingPage,,
http_req_connecting,1780770912,1.105200,,,,true,,GET,LandingPage,HTTP/1.1,default,,200,,,LandingPage,,
http_req_tls_handshaking,1780770912,0.000000,,,,true,,GET,LandingPage,HTTP/1.1,default,,200,,,LandingPage,,
http_req_sending,1780770912,0.000000,,,,true,,GET,LandingPage,HTTP/1.1,default,,200,,,LandingPage,,
http_req_waiting,1780770912,2366.812100,,,,true,,GET,LandingPage,HTTP/1.1,default,,200,,,LandingPage,,
http_req_receiving,1780770912,3.620600,,,,true,,GET,LandingPage,HTTP/1.1,default,,200,,,LandingPage,,
http_req_failed,1780770912,0.000000,,,,true,,GET,LandingPage,HTTP/1.1,default,,200,,,LandingPage,,
checks,1780770912,1.000000,Home page status is 200,,,,,,,,default,,,,,,,
vus,1780770912,18.000000,,,,,,,,,,,,,,,,
vus_max,1780770912,50.000000,,,,,,,,,,,,,,,,
data_sent,1780770912,264.000000,,,,,,,,,default,,,,,,,
data_received,1780770912,110694.000000,,,,,,,,,default,,,,,,,
iteration_duration,1780770912,12801.082300,,,,,,,,,default,,,,,,,
iterations,1780770912,1.000000,,,,,,,,,default,,,,,,,
http_reqs,1780770912,1.000000,,,,true,,GET,LandingPage,HTTP/1.1,default,,200,,,LandingPage,,
http_req_duration,1780770912,1355.708400,,,,true,,GET,LandingPage,HTTP/1.1,default,,200,,,LandingPage,,
http_req_blocked,1780770912,0.000000,,,,true,,GET,LandingPage,HTTP/1.1,default,,200,,,LandingPage,,
http_req_connecting,1780770912,0.000000,,,,true,,GET,LandingPage,HTTP/1.1,default,,200,,,LandingPage,,
http_req_tls_handshaking,1780770912,0.000000,,,,true,,GET,LandingPage,HTTP/1.1,default,,200,,,LandingPage,,
http_req_sending,1780770912,0.000000,,,,true,,GET,LandingPage,HTTP/1.1,default,,200,,,LandingPage,,
http_req_waiting,1780770912,1355.312700,,,,true,,GET,LandingPage,HTTP/1.1,default,,200,,,LandingPage,,
http_req_receiving,1780770912,0.395700,,,,true,,GET,LandingPage,HTTP/1.1,default,,200,,,LandingPage,,
http_req_failed,1780770912,0.000000,,,,true,,GET,LandingPage,HTTP/1.1,default,,200,,,LandingPage,,
checks,1780770912,1.000000,Home page status is 200,,,,,,,,default,,,,,,,
data_sent,1780770912,264.000000,,,,,,,,,default,,,,,,,
data_received,1780770912,110430.000000,,,,,,,,,default,,,,,,,
iteration_duration,1780770912,14555.834400,,,,,,,,,default,,,,,,,
iterations,1780770912,1.000000,,,,,,,,,default,,,,,,,
data_sent,1780770912,264.000000,,,,,,,,,default,,,,,,,
data_received,1780770912,110641.000000,,,,,,,,,default,,,,,,,
iteration_duration,1780770912,13385.805100,,,,,,,,,default,,,,,,,
iterations,1780770912,1.000000,,,,,,,,,default,,,,,,,
data_sent,1780770913,264.000000,,,,,,,,,default,,,,,,,
data_received,1780770913,110588.000000,,,,,,,,,default,,,,,,,
iteration_duration,1780770913,13404.398100,,,,,,,,,default,,,,,,,
iterations,1780770913,1.000000,,,,,,,,,default,,,,,,,
latency_cold_start,1780770913,1778.000000,,,,,,,,,default,,,,,,,
http_reqs,1780770913,1.000000,,,,true,,GET,LandingPage,HTTP/1.1,default,,200,,,LandingPage,,
http_req_duration,1780770913,758.557800,,,,true,,GET,LandingPage,HTTP/1.1,default,,200,,,LandingPage,,
http_req_blocked,1780770913,0.000000,,,,true,,GET,LandingPage,HTTP/1.1,default,,200,,,LandingPage,,
http_req_connecting,1780770913,0.000000,,,,true,,GET,LandingPage,HTTP/1.1,default,,200,,,LandingPage,,
http_req_tls_handshaking,1780770913,0.000000,,,,true,,GET,LandingPage,HTTP/1.1,default,,200,,,LandingPage,,
http_req_sending,1780770913,0.322600,,,,true,,GET,LandingPage,HTTP/1.1,default,,200,,,LandingPage,,
http_req_waiting,1780770913,749.353800,,,,true,,GET,LandingPage,HTTP/1.1,default,,200,,,LandingPage,,
http_req_receiving,1780770913,8.881400,,,,true,,GET,LandingPage,HTTP/1.1,default,,200,,,LandingPage,,
http_req_failed,1780770913,0.000000,,,,true,,GET,LandingPage,HTTP/1.1,default,,200,,,LandingPage,,
checks,1780770913,1.000000,Home page status is 200,,,,,,,,default,,,,,,,
http_reqs,1780770913,1.000000,,,,true,,GET,BookDetailsJoin,HTTP/1.1,default,,200,,,BookDetailsJoin,,
http_req_duration,1780770913,1116.540700,,,,true,,GET,BookDetailsJoin,HTTP/1.1,default,,200,,,BookDetailsJoin,,
http_req_blocked,1780770913,0.000000,,,,true,,GET,BookDetailsJoin,HTTP/1.1,default,,200,,,BookDetailsJoin,,
http_req_connecting,1780770913,0.000000,,,,true,,GET,BookDetailsJoin,HTTP/1.1,default,,200,,,BookDetailsJoin,,
http_req_tls_handshaking,1780770913,0.000000,,,,true,,GET,BookDetailsJoin,HTTP/1.1,default,,200,,,BookDetailsJoin,,
http_req_sending,1780770913,0.000000,,,,true,,GET,BookDetailsJoin,HTTP/1.1,default,,200,,,BookDetailsJoin,,
http_req_waiting,1780770913,1105.050300,,,,true,,GET,BookDetailsJoin,HTTP/1.1,default,,200,,,BookDetailsJoin,,
http_req_receiving,1780770913,11.490400,,,,true,,GET,BookDetailsJoin,HTTP/1.1,default,,200,,,BookDetailsJoin,,
http_req_failed,1780770913,0.000000,,,,true,,GET,BookDetailsJoin,HTTP/1.1,default,,200,,,BookDetailsJoin,,
checks,1780770913,1.000000,Book details status is 200,,,,,,,,default,,,,,,,
vus,1780770913,19.000000,,,,,,,,,,,,,,,,
vus_max,1780770913,50.000000,,,,,,,,,,,,,,,,
http_reqs,1780770913,1.000000,,,,true,,GET,BookDetailsJoin,HTTP/1.1,default,,200,,,BookDetailsJoin,,
http_req_duration,1780770913,1025.667300,,,,true,,GET,BookDetailsJoin,HTTP/1.1,default,,200,,,BookDetailsJoin,,
http_req_blocked,1780770913,0.000000,,,,true,,GET,BookDetailsJoin,HTTP/1.1,default,,200,,,BookDetailsJoin,,
http_req_connecting,1780770913,0.000000,,,,true,,GET,BookDetailsJoin,HTTP/1.1,default,,200,,,BookDetailsJoin,,
http_req_tls_handshaking,1780770913,0.000000,,,,true,,GET,BookDetailsJoin,HTTP/1.1,default,,200,,,BookDetailsJoin,,
http_req_sending,1780770913,0.000000,,,,true,,GET,BookDetailsJoin,HTTP/1.1,default,,200,,,BookDetailsJoin,,
http_req_waiting,1780770913,1020.639800,,,,true,,GET,BookDetailsJoin,HTTP/1.1,default,,200,,,BookDetailsJoin,,
http_req_receiving,1780770913,5.027500,,,,true,,GET,BookDetailsJoin,HTTP/1.1,default,,200,,,BookDetailsJoin,,
http_req_failed,1780770913,0.000000,,,,true,,GET,BookDetailsJoin,HTTP/1.1,default,,200,,,BookDetailsJoin,,
checks,1780770913,1.000000,Book details status is 200,,,,,,,,default,,,,,,,
http_reqs,1780770913,1.000000,,,,true,,GET,BookDetailsJoin,HTTP/1.1,default,,200,,,BookDetailsJoin,,
http_req_duration,1780770913,3201.259700,,,,true,,GET,BookDetailsJoin,HTTP/1.1,default,,200,,,BookDetailsJoin,,
http_req_blocked,1780770913,0.000000,,,,true,,GET,BookDetailsJoin,HTTP/1.1,default,,200,,,BookDetailsJoin,,
http_req_connecting,1780770913,0.000000,,,,true,,GET,BookDetailsJoin,HTTP/1.1,default,,200,,,BookDetailsJoin,,
http_req_tls_handshaking,1780770913,0.000000,,,,true,,GET,BookDetailsJoin,HTTP/1.1,default,,200,,,BookDetailsJoin,,
http_req_sending,1780770913,0.000000,,,,true,,GET,BookDetailsJoin,HTTP/1.1,default,,200,,,BookDetailsJoin,,
http_req_waiting,1780770913,3199.847600,,,,true,,GET,BookDetailsJoin,HTTP/1.1,default,,200,,,BookDetailsJoin,,
http_req_receiving,1780770913,1.412100,,,,true,,GET,BookDetailsJoin,HTTP/1.1,default,,200,,,BookDetailsJoin,,
http_req_failed,1780770913,0.000000,,,,true,,GET,BookDetailsJoin,HTTP/1.1,default,,200,,,BookDetailsJoin,,
checks,1780770913,1.000000,Book details status is 200,,,,,,,,default,,,,,,,
http_reqs,1780770914,1.000000,,,,true,,GET,PublicCatalog,HTTP/1.1,default,,200,,,PublicCatalog,,
http_req_duration,1780770914,4424.508700,,,,true,,GET,PublicCatalog,HTTP/1.1,default,,200,,,PublicCatalog,,
http_req_blocked,1780770914,0.000000,,,,true,,GET,PublicCatalog,HTTP/1.1,default,,200,,,PublicCatalog,,
http_req_connecting,1780770914,0.000000,,,,true,,GET,PublicCatalog,HTTP/1.1,default,,200,,,PublicCatalog,,
http_req_tls_handshaking,1780770914,0.000000,,,,true,,GET,PublicCatalog,HTTP/1.1,default,,200,,,PublicCatalog,,
http_req_sending,1780770914,0.000000,,,,true,,GET,PublicCatalog,HTTP/1.1,default,,200,,,PublicCatalog,,
http_req_waiting,1780770914,4422.137500,,,,true,,GET,PublicCatalog,HTTP/1.1,default,,200,,,PublicCatalog,,
http_req_receiving,1780770914,2.371200,,,,true,,GET,PublicCatalog,HTTP/1.1,default,,200,,,PublicCatalog,,
http_req_failed,1780770914,0.000000,,,,true,,GET,PublicCatalog,HTTP/1.1,default,,200,,,PublicCatalog,,
checks,1780770914,1.000000,Catalog page status is 200,,,,,,,,default,,,,,,,
data_sent,1780770914,264.000000,,,,,,,,,default,,,,,,,
data_received,1780770914,110228.000000,,,,,,,,,default,,,,,,,
iteration_duration,1780770914,14700.073600,,,,,,,,,default,,,,,,,
iterations,1780770914,1.000000,,,,,,,,,default,,,,,,,
http_reqs,1780770914,1.000000,,,,true,,GET,PublicCatalog,HTTP/1.1,default,,200,,,PublicCatalog,,
http_req_duration,1780770914,4702.028300,,,,true,,GET,PublicCatalog,HTTP/1.1,default,,200,,,PublicCatalog,,
http_req_blocked,1780770914,0.000000,,,,true,,GET,PublicCatalog,HTTP/1.1,default,,200,,,PublicCatalog,,
http_req_connecting,1780770914,0.000000,,,,true,,GET,PublicCatalog,HTTP/1.1,default,,200,,,PublicCatalog,,
http_req_tls_handshaking,1780770914,0.000000,,,,true,,GET,PublicCatalog,HTTP/1.1,default,,200,,,PublicCatalog,,
http_req_sending,1780770914,0.000000,,,,true,,GET,PublicCatalog,HTTP/1.1,default,,200,,,PublicCatalog,,
http_req_waiting,1780770914,4701.275100,,,,true,,GET,PublicCatalog,HTTP/1.1,default,,200,,,PublicCatalog,,
http_req_receiving,1780770914,0.753200,,,,true,,GET,PublicCatalog,HTTP/1.1,default,,200,,,PublicCatalog,,
http_req_failed,1780770914,0.000000,,,,true,,GET,PublicCatalog,HTTP/1.1,default,,200,,,PublicCatalog,,
checks,1780770914,1.000000,Catalog page status is 200,,,,,,,,default,,,,,,,
vus,1780770914,19.000000,,,,,,,,,,,,,,,,
vus_max,1780770914,50.000000,,,,,,,,,,,,,,,,
data_sent,1780770914,264.000000,,,,,,,,,default,,,,,,,
data_received,1780770914,110858.000000,,,,,,,,,default,,,,,,,
iteration_duration,1780770914,13998.198600,,,,,,,,,default,,,,,,,
iterations,1780770914,1.000000,,,,,,,,,default,,,,,,,
http_reqs,1780770914,1.000000,,,,true,,GET,LandingPage,HTTP/1.1,default,,200,,,LandingPage,,
http_req_duration,1780770914,2141.167200,,,,true,,GET,LandingPage,HTTP/1.1,default,,200,,,LandingPage,,
http_req_blocked,1780770914,0.000000,,,,true,,GET,LandingPage,HTTP/1.1,default,,200,,,LandingPage,,
http_req_connecting,1780770914,0.000000,,,,true,,GET,LandingPage,HTTP/1.1,default,,200,,,LandingPage,,
http_req_tls_handshaking,1780770914,0.000000,,,,true,,GET,LandingPage,HTTP/1.1,default,,200,,,LandingPage,,
http_req_sending,1780770914,0.000000,,,,true,,GET,LandingPage,HTTP/1.1,default,,200,,,LandingPage,,
http_req_waiting,1780770914,2138.640600,,,,true,,GET,LandingPage,HTTP/1.1,default,,200,,,LandingPage,,
http_req_receiving,1780770914,2.526600,,,,true,,GET,LandingPage,HTTP/1.1,default,,200,,,LandingPage,,
http_req_failed,1780770914,0.000000,,,,true,,GET,LandingPage,HTTP/1.1,default,,200,,,LandingPage,,
checks,1780770914,1.000000,Home page status is 200,,,,,,,,default,,,,,,,
http_reqs,1780770915,1.000000,,,,true,,GET,LandingPage,HTTP/1.1,default,,200,,,LandingPage,,
http_req_duration,1780770915,2334.332100,,,,true,,GET,LandingPage,HTTP/1.1,default,,200,,,LandingPage,,
http_req_blocked,1780770915,0.000000,,,,true,,GET,LandingPage,HTTP/1.1,default,,200,,,LandingPage,,
http_req_connecting,1780770915,0.000000,,,,true,,GET,LandingPage,HTTP/1.1,default,,200,,,LandingPage,,
http_req_tls_handshaking,1780770915,0.000000,,,,true,,GET,LandingPage,HTTP/1.1,default,,200,,,LandingPage,,
http_req_sending,1780770915,0.000000,,,,true,,GET,LandingPage,HTTP/1.1,default,,200,,,LandingPage,,
http_req_waiting,1780770915,2325.092500,,,,true,,GET,LandingPage,HTTP/1.1,default,,200,,,LandingPage,,
http_req_receiving,1780770915,9.239600,,,,true,,GET,LandingPage,HTTP/1.1,default,,200,,,LandingPage,,
http_req_failed,1780770915,0.000000,,,,true,,GET,LandingPage,HTTP/1.1,default,,200,,,LandingPage,,
checks,1780770915,1.000000,Home page status is 200,,,,,,,,default,,,,,,,
http_reqs,1780770915,1.000000,,,,true,,GET,LandingPage,HTTP/1.1,default,,200,,,LandingPage,,
http_req_duration,1780770915,2510.827100,,,,true,,GET,LandingPage,HTTP/1.1,default,,200,,,LandingPage,,
http_req_blocked,1780770915,0.000000,,,,true,,GET,LandingPage,HTTP/1.1,default,,200,,,LandingPage,,
http_req_connecting,1780770915,0.000000,,,,true,,GET,LandingPage,HTTP/1.1,default,,200,,,LandingPage,,
http_req_tls_handshaking,1780770915,0.000000,,,,true,,GET,LandingPage,HTTP/1.1,default,,200,,,LandingPage,,
http_req_sending,1780770915,0.000000,,,,true,,GET,LandingPage,HTTP/1.1,default,,200,,,LandingPage,,
http_req_waiting,1780770915,2509.796100,,,,true,,GET,LandingPage,HTTP/1.1,default,,200,,,LandingPage,,
http_req_receiving,1780770915,1.031000,,,,true,,GET,LandingPage,HTTP/1.1,default,,200,,,LandingPage,,
http_req_failed,1780770915,0.000000,,,,true,,GET,LandingPage,HTTP/1.1,default,,200,,,LandingPage,,
checks,1780770915,1.000000,Home page status is 200,,,,,,,,default,,,,,,,
vus,1780770915,19.000000,,,,,,,,,,,,,,,,
vus_max,1780770915,50.000000,,,,,,,,,,,,,,,,
http_reqs,1780770915,1.000000,,,,true,,GET,PublicCatalog,HTTP/1.1,default,,200,,,PublicCatalog,,
http_req_duration,1780770915,3656.983400,,,,true,,GET,PublicCatalog,HTTP/1.1,default,,200,,,PublicCatalog,,
http_req_blocked,1780770915,0.000000,,,,true,,GET,PublicCatalog,HTTP/1.1,default,,200,,,PublicCatalog,,
http_req_connecting,1780770915,0.000000,,,,true,,GET,PublicCatalog,HTTP/1.1,default,,200,,,PublicCatalog,,
http_req_tls_handshaking,1780770915,0.000000,,,,true,,GET,PublicCatalog,HTTP/1.1,default,,200,,,PublicCatalog,,
http_req_sending,1780770915,0.000000,,,,true,,GET,PublicCatalog,HTTP/1.1,default,,200,,,PublicCatalog,,
http_req_waiting,1780770915,3656.437700,,,,true,,GET,PublicCatalog,HTTP/1.1,default,,200,,,PublicCatalog,,
http_req_receiving,1780770915,0.545700,,,,true,,GET,PublicCatalog,HTTP/1.1,default,,200,,,PublicCatalog,,
http_req_failed,1780770915,0.000000,,,,true,,GET,PublicCatalog,HTTP/1.1,default,,200,,,PublicCatalog,,
checks,1780770915,1.000000,Catalog page status is 200,,,,,,,,default,,,,,,,
http_reqs,1780770915,1.000000,,,,true,,GET,BookDetailsJoin,HTTP/1.1,default,,200,,,BookDetailsJoin,,
http_req_duration,1780770915,3098.074100,,,,true,,GET,BookDetailsJoin,HTTP/1.1,default,,200,,,BookDetailsJoin,,
http_req_blocked,1780770915,0.000000,,,,true,,GET,BookDetailsJoin,HTTP/1.1,default,,200,,,BookDetailsJoin,,
http_req_connecting,1780770915,0.000000,,,,true,,GET,BookDetailsJoin,HTTP/1.1,default,,200,,,BookDetailsJoin,,
http_req_tls_handshaking,1780770915,0.000000,,,,true,,GET,BookDetailsJoin,HTTP/1.1,default,,200,,,BookDetailsJoin,,
http_req_sending,1780770915,0.000000,,,,true,,GET,BookDetailsJoin,HTTP/1.1,default,,200,,,BookDetailsJoin,,
http_req_waiting,1780770915,3096.147000,,,,true,,GET,BookDetailsJoin,HTTP/1.1,default,,200,,,BookDetailsJoin,,
http_req_receiving,1780770915,1.927100,,,,true,,GET,BookDetailsJoin,HTTP/1.1,default,,200,,,BookDetailsJoin,,
http_req_failed,1780770915,0.000000,,,,true,,GET,BookDetailsJoin,HTTP/1.1,default,,200,,,BookDetailsJoin,,
checks,1780770915,1.000000,Book details status is 200,,,,,,,,default,,,,,,,
http_reqs,1780770916,1.000000,,,,true,,GET,LandingPage,HTTP/1.1,default,,200,,,LandingPage,,
http_req_duration,1780770916,3071.922800,,,,true,,GET,LandingPage,HTTP/1.1,default,,200,,,LandingPage,,
http_req_blocked,1780770916,0.933000,,,,true,,GET,LandingPage,HTTP/1.1,default,,200,,,LandingPage,,
http_req_connecting,1780770916,0.510900,,,,true,,GET,LandingPage,HTTP/1.1,default,,200,,,LandingPage,,
http_req_tls_handshaking,1780770916,0.000000,,,,true,,GET,LandingPage,HTTP/1.1,default,,200,,,LandingPage,,
http_req_sending,1780770916,0.582700,,,,true,,GET,LandingPage,HTTP/1.1,default,,200,,,LandingPage,,
http_req_waiting,1780770916,3070.294600,,,,true,,GET,LandingPage,HTTP/1.1,default,,200,,,LandingPage,,
http_req_receiving,1780770916,1.045500,,,,true,,GET,LandingPage,HTTP/1.1,default,,200,,,LandingPage,,
http_req_failed,1780770916,0.000000,,,,true,,GET,LandingPage,HTTP/1.1,default,,200,,,LandingPage,,
checks,1780770916,1.000000,Home page status is 200,,,,,,,,default,,,,,,,
latency_cold_start,1780770916,1778.000000,,,,,,,,,default,,,,,,,
data_sent,1780770916,264.000000,,,,,,,,,default,,,,,,,
data_received,1780770916,110466.000000,,,,,,,,,default,,,,,,,
iteration_duration,1780770916,11326.488500,,,,,,,,,default,,,,,,,
iterations,1780770916,1.000000,,,,,,,,,default,,,,,,,
vus,1780770916,20.000000,,,,,,,,,,,,,,,,
vus_max,1780770916,50.000000,,,,,,,,,,,,,,,,
http_reqs,1780770916,1.000000,,,,true,,GET,LandingPage,HTTP/1.1,default,,200,,,LandingPage,,
http_req_duration,1780770916,2185.044800,,,,true,,GET,LandingPage,HTTP/1.1,default,,200,,,LandingPage,,
http_req_blocked,1780770916,0.000000,,,,true,,GET,LandingPage,HTTP/1.1,default,,200,,,LandingPage,,
http_req_connecting,1780770916,0.000000,,,,true,,GET,LandingPage,HTTP/1.1,default,,200,,,LandingPage,,
http_req_tls_handshaking,1780770916,0.000000,,,,true,,GET,LandingPage,HTTP/1.1,default,,200,,,LandingPage,,
http_req_sending,1780770916,0.387800,,,,true,,GET,LandingPage,HTTP/1.1,default,,200,,,LandingPage,,
http_req_waiting,1780770916,2180.263200,,,,true,,GET,LandingPage,HTTP/1.1,default,,200,,,LandingPage,,
http_req_receiving,1780770916,4.393800,,,,true,,GET,LandingPage,HTTP/1.1,default,,200,,,LandingPage,,
http_req_failed,1780770916,0.000000,,,,true,,GET,LandingPage,HTTP/1.1,default,,200,,,LandingPage,,
checks,1780770916,1.000000,Home page status is 200,,,,,,,,default,,,,,,,
data_sent,1780770916,264.000000,,,,,,,,,default,,,,,,,
data_received,1780770916,110819.000000,,,,,,,,,default,,,,,,,
iteration_duration,1780770916,13339.285800,,,,,,,,,default,,,,,,,
iterations,1780770916,1.000000,,,,,,,,,default,,,,,,,
data_sent,1780770916,264.000000,,,,,,,,,default,,,,,,,
data_received,1780770916,110616.000000,,,,,,,,,default,,,,,,,
iteration_duration,1780770916,13771.205800,,,,,,,,,default,,,,,,,
iterations,1780770916,1.000000,,,,,,,,,default,,,,,,,
http_reqs,1780770916,1.000000,,,,true,,GET,LandingPage,HTTP/1.1,default,,200,,,LandingPage,,
http_req_duration,1780770916,2182.257500,,,,true,,GET,LandingPage,HTTP/1.1,default,,200,,,LandingPage,,
http_req_blocked,1780770916,0.000000,,,,true,,GET,LandingPage,HTTP/1.1,default,,200,,,LandingPage,,
http_req_connecting,1780770916,0.000000,,,,true,,GET,LandingPage,HTTP/1.1,default,,200,,,LandingPage,,
http_req_tls_handshaking,1780770916,0.000000,,,,true,,GET,LandingPage,HTTP/1.1,default,,200,,,LandingPage,,
http_req_sending,1780770916,0.000000,,,,true,,GET,LandingPage,HTTP/1.1,default,,200,,,LandingPage,,
http_req_waiting,1780770916,2167.272200,,,,true,,GET,LandingPage,HTTP/1.1,default,,200,,,LandingPage,,
http_req_receiving,1780770916,14.985300,,,,true,,GET,LandingPage,HTTP/1.1,default,,200,,,LandingPage,,
http_req_failed,1780770916,0.000000,,,,true,,GET,LandingPage,HTTP/1.1,default,,200,,,LandingPage,,
checks,1780770916,1.000000,Home page status is 200,,,,,,,,default,,,,,,,
http_reqs,1780770917,1.000000,,,,true,,GET,PublicCatalog,HTTP/1.1,default,,200,,,PublicCatalog,,
http_req_duration,1780770917,4125.454500,,,,true,,GET,PublicCatalog,HTTP/1.1,default,,200,,,PublicCatalog,,
http_req_blocked,1780770917,0.000000,,,,true,,GET,PublicCatalog,HTTP/1.1,default,,200,,,PublicCatalog,,
http_req_connecting,1780770917,0.000000,,,,true,,GET,PublicCatalog,HTTP/1.1,default,,200,,,PublicCatalog,,
http_req_tls_handshaking,1780770917,0.000000,,,,true,,GET,PublicCatalog,HTTP/1.1,default,,200,,,PublicCatalog,,
http_req_sending,1780770917,0.000000,,,,true,,GET,PublicCatalog,HTTP/1.1,default,,200,,,PublicCatalog,,
http_req_waiting,1780770917,4123.979400,,,,true,,GET,PublicCatalog,HTTP/1.1,default,,200,,,PublicCatalog,,
http_req_receiving,1780770917,1.475100,,,,true,,GET,PublicCatalog,HTTP/1.1,default,,200,,,PublicCatalog,,
http_req_failed,1780770917,0.000000,,,,true,,GET,PublicCatalog,HTTP/1.1,default,,200,,,PublicCatalog,,
checks,1780770917,1.000000,Catalog page status is 200,,,,,,,,default,,,,,,,
vus,1780770917,20.000000,,,,,,,,,,,,,,,,
vus_max,1780770917,50.000000,,,,,,,,,,,,,,,,
vus,1780770918,20.000000,,,,,,,,,,,,,,,,
vus_max,1780770918,50.000000,,,,,,,,,,,,,,,,
data_sent,1780770918,264.000000,,,,,,,,,default,,,,,,,
data_received,1780770918,110461.000000,,,,,,,,,default,,,,,,,
iteration_duration,1780770918,15139.820700,,,,,,,,,default,,,,,,,
iterations,1780770918,1.000000,,,,,,,,,default,,,,,,,
http_reqs,1780770919,1.000000,,,,true,,GET,LandingPage,HTTP/1.1,default,,200,,,LandingPage,,
http_req_duration,1780770919,2786.296200,,,,true,,GET,LandingPage,HTTP/1.1,default,,200,,,LandingPage,,
http_req_blocked,1780770919,0.000000,,,,true,,GET,LandingPage,HTTP/1.1,default,,200,,,LandingPage,,
http_req_connecting,1780770919,0.000000,,,,true,,GET,LandingPage,HTTP/1.1,default,,200,,,LandingPage,,
http_req_tls_handshaking,1780770919,0.000000,,,,true,,GET,LandingPage,HTTP/1.1,default,,200,,,LandingPage,,
http_req_sending,1780770919,0.000000,,,,true,,GET,LandingPage,HTTP/1.1,default,,200,,,LandingPage,,
http_req_waiting,1780770919,2785.700100,,,,true,,GET,LandingPage,HTTP/1.1,default,,200,,,LandingPage,,
http_req_receiving,1780770919,0.596100,,,,true,,GET,LandingPage,HTTP/1.1,default,,200,,,LandingPage,,
http_req_failed,1780770919,0.000000,,,,true,,GET,LandingPage,HTTP/1.1,default,,200,,,LandingPage,,
checks,1780770919,1.000000,Home page status is 200,,,,,,,,default,,,,,,,
vus,1780770919,20.000000,,,,,,,,,,,,,,,,
vus_max,1780770919,50.000000,,,,,,,,,,,,,,,,
http_reqs,1780770919,1.000000,,,,true,,GET,LandingPage,HTTP/1.1,default,,200,,,LandingPage,,
http_req_duration,1780770919,3397.875700,,,,true,,GET,LandingPage,HTTP/1.1,default,,200,,,LandingPage,,
http_req_blocked,1780770919,0.924200,,,,true,,GET,LandingPage,HTTP/1.1,default,,200,,,LandingPage,,
http_req_connecting,1780770919,0.924200,,,,true,,GET,LandingPage,HTTP/1.1,default,,200,,,LandingPage,,
http_req_tls_handshaking,1780770919,0.000000,,,,true,,GET,LandingPage,HTTP/1.1,default,,200,,,LandingPage,,
http_req_sending,1780770919,0.000000,,,,true,,GET,LandingPage,HTTP/1.1,default,,200,,,LandingPage,,
http_req_waiting,1780770919,3394.979200,,,,true,,GET,LandingPage,HTTP/1.1,default,,200,,,LandingPage,,
http_req_receiving,1780770919,2.896500,,,,true,,GET,LandingPage,HTTP/1.1,default,,200,,,LandingPage,,
http_req_failed,1780770919,0.000000,,,,true,,GET,LandingPage,HTTP/1.1,default,,200,,,LandingPage,,
checks,1780770919,1.000000,Home page status is 200,,,,,,,,default,,,,,,,
http_reqs,1780770920,1.000000,,,,true,,GET,LandingPage,HTTP/1.1,default,,200,,,LandingPage,,
http_req_duration,1780770920,3651.316900,,,,true,,GET,LandingPage,HTTP/1.1,default,,200,,,LandingPage,,
http_req_blocked,1780770920,0.000000,,,,true,,GET,LandingPage,HTTP/1.1,default,,200,,,LandingPage,,
http_req_connecting,1780770920,0.000000,,,,true,,GET,LandingPage,HTTP/1.1,default,,200,,,LandingPage,,
http_req_tls_handshaking,1780770920,0.000000,,,,true,,GET,LandingPage,HTTP/1.1,default,,200,,,LandingPage,,
http_req_sending,1780770920,0.000000,,,,true,,GET,LandingPage,HTTP/1.1,default,,200,,,LandingPage,,
http_req_waiting,1780770920,3650.691200,,,,true,,GET,LandingPage,HTTP/1.1,default,,200,,,LandingPage,,
http_req_receiving,1780770920,0.625700,,,,true,,GET,LandingPage,HTTP/1.1,default,,200,,,LandingPage,,
http_req_failed,1780770920,0.000000,,,,true,,GET,LandingPage,HTTP/1.1,default,,200,,,LandingPage,,
checks,1780770920,1.000000,Home page status is 200,,,,,,,,default,,,,,,,
http_reqs,1780770920,1.000000,,,,true,,GET,LandingPage,HTTP/1.1,default,,200,,,LandingPage,,
http_req_duration,1780770920,3774.097900,,,,true,,GET,LandingPage,HTTP/1.1,default,,200,,,LandingPage,,
http_req_blocked,1780770920,0.000000,,,,true,,GET,LandingPage,HTTP/1.1,default,,200,,,LandingPage,,
http_req_connecting,1780770920,0.000000,,,,true,,GET,LandingPage,HTTP/1.1,default,,200,,,LandingPage,,
http_req_tls_handshaking,1780770920,0.000000,,,,true,,GET,LandingPage,HTTP/1.1,default,,200,,,LandingPage,,
http_req_sending,1780770920,0.000000,,,,true,,GET,LandingPage,HTTP/1.1,default,,200,,,LandingPage,,
http_req_waiting,1780770920,3765.696000,,,,true,,GET,LandingPage,HTTP/1.1,default,,200,,,LandingPage,,
http_req_receiving,1780770920,8.401900,,,,true,,GET,LandingPage,HTTP/1.1,default,,200,,,LandingPage,,
http_req_failed,1780770920,0.000000,,,,true,,GET,LandingPage,HTTP/1.1,default,,200,,,LandingPage,,
checks,1780770920,1.000000,Home page status is 200,,,,,,,,default,,,,,,,
vus,1780770920,20.000000,,,,,,,,,,,,,,,,
vus_max,1780770920,50.000000,,,,,,,,,,,,,,,,
http_reqs,1780770920,1.000000,,,,true,,GET,PublicCatalog,HTTP/1.1,default,,200,,,PublicCatalog,,
http_req_duration,1780770920,7344.954200,,,,true,,GET,PublicCatalog,HTTP/1.1,default,,200,,,PublicCatalog,,
http_req_blocked,1780770920,0.000000,,,,true,,GET,PublicCatalog,HTTP/1.1,default,,200,,,PublicCatalog,,
http_req_connecting,1780770920,0.000000,,,,true,,GET,PublicCatalog,HTTP/1.1,default,,200,,,PublicCatalog,,
http_req_tls_handshaking,1780770920,0.000000,,,,true,,GET,PublicCatalog,HTTP/1.1,default,,200,,,PublicCatalog,,
http_req_sending,1780770920,0.000000,,,,true,,GET,PublicCatalog,HTTP/1.1,default,,200,,,PublicCatalog,,
http_req_waiting,1780770920,7335.753000,,,,true,,GET,PublicCatalog,HTTP/1.1,default,,200,,,PublicCatalog,,
http_req_receiving,1780770920,9.201200,,,,true,,GET,PublicCatalog,HTTP/1.1,default,,200,,,PublicCatalog,,
http_req_failed,1780770920,0.000000,,,,true,,GET,PublicCatalog,HTTP/1.1,default,,200,,,PublicCatalog,,
checks,1780770920,1.000000,Catalog page status is 200,,,,,,,,default,,,,,,,
http_reqs,1780770920,1.000000,,,,true,,GET,PublicCatalog,HTTP/1.1,default,,200,,,PublicCatalog,,
http_req_duration,1780770920,7182.609800,,,,true,,GET,PublicCatalog,HTTP/1.1,default,,200,,,PublicCatalog,,
http_req_blocked,1780770920,0.000000,,,,true,,GET,PublicCatalog,HTTP/1.1,default,,200,,,PublicCatalog,,
http_req_connecting,1780770920,0.000000,,,,true,,GET,PublicCatalog,HTTP/1.1,default,,200,,,PublicCatalog,,
http_req_tls_handshaking,1780770920,0.000000,,,,true,,GET,PublicCatalog,HTTP/1.1,default,,200,,,PublicCatalog,,
http_req_sending,1780770920,0.000000,,,,true,,GET,PublicCatalog,HTTP/1.1,default,,200,,,PublicCatalog,,
http_req_waiting,1780770920,7178.256000,,,,true,,GET,PublicCatalog,HTTP/1.1,default,,200,,,PublicCatalog,,
http_req_receiving,1780770920,4.353800,,,,true,,GET,PublicCatalog,HTTP/1.1,default,,200,,,PublicCatalog,,
http_req_failed,1780770920,0.000000,,,,true,,GET,PublicCatalog,HTTP/1.1,default,,200,,,PublicCatalog,,
checks,1780770920,1.000000,Catalog page status is 200,,,,,,,,default,,,,,,,
http_reqs,1780770920,1.000000,,,,true,,GET,PublicCatalog,HTTP/1.1,default,,200,,,PublicCatalog,,
http_req_duration,1780770920,7459.920700,,,,true,,GET,PublicCatalog,HTTP/1.1,default,,200,,,PublicCatalog,,
http_req_blocked,1780770920,0.000000,,,,true,,GET,PublicCatalog,HTTP/1.1,default,,200,,,PublicCatalog,,
http_req_connecting,1780770920,0.000000,,,,true,,GET,PublicCatalog,HTTP/1.1,default,,200,,,PublicCatalog,,
http_req_tls_handshaking,1780770920,0.000000,,,,true,,GET,PublicCatalog,HTTP/1.1,default,,200,,,PublicCatalog,,
http_req_sending,1780770920,0.000000,,,,true,,GET,PublicCatalog,HTTP/1.1,default,,200,,,PublicCatalog,,
http_req_waiting,1780770920,7458.878400,,,,true,,GET,PublicCatalog,HTTP/1.1,default,,200,,,PublicCatalog,,
http_req_receiving,1780770920,1.042300,,,,true,,GET,PublicCatalog,HTTP/1.1,default,,200,,,PublicCatalog,,
http_req_failed,1780770920,0.000000,,,,true,,GET,PublicCatalog,HTTP/1.1,default,,200,,,PublicCatalog,,
checks,1780770920,1.000000,Catalog page status is 200,,,,,,,,default,,,,,,,
http_reqs,1780770921,1.000000,,,,true,,GET,BookDetailsJoin,HTTP/1.1,default,,200,,,BookDetailsJoin,,
http_req_duration,1780770921,4926.426700,,,,true,,GET,BookDetailsJoin,HTTP/1.1,default,,200,,,BookDetailsJoin,,
http_req_blocked,1780770921,0.000000,,,,true,,GET,BookDetailsJoin,HTTP/1.1,default,,200,,,BookDetailsJoin,,
http_req_connecting,1780770921,0.000000,,,,true,,GET,BookDetailsJoin,HTTP/1.1,default,,200,,,BookDetailsJoin,,
http_req_tls_handshaking,1780770921,0.000000,,,,true,,GET,BookDetailsJoin,HTTP/1.1,default,,200,,,BookDetailsJoin,,
http_req_sending,1780770921,0.000000,,,,true,,GET,BookDetailsJoin,HTTP/1.1,default,,200,,,BookDetailsJoin,,
http_req_waiting,1780770921,4926.426700,,,,true,,GET,BookDetailsJoin,HTTP/1.1,default,,200,,,BookDetailsJoin,,
http_req_receiving,1780770921,0.000000,,,,true,,GET,BookDetailsJoin,HTTP/1.1,default,,200,,,BookDetailsJoin,,
http_req_failed,1780770921,0.000000,,,,true,,GET,BookDetailsJoin,HTTP/1.1,default,,200,,,BookDetailsJoin,,
checks,1780770921,1.000000,Book details status is 200,,,,,,,,default,,,,,,,
http_reqs,1780770921,1.000000,,,,true,,GET,BookDetailsJoin,HTTP/1.1,default,,200,,,BookDetailsJoin,,
http_req_duration,1780770921,7075.100300,,,,true,,GET,BookDetailsJoin,HTTP/1.1,default,,200,,,BookDetailsJoin,,
http_req_blocked,1780770921,0.000000,,,,true,,GET,BookDetailsJoin,HTTP/1.1,default,,200,,,BookDetailsJoin,,
http_req_connecting,1780770921,0.000000,,,,true,,GET,BookDetailsJoin,HTTP/1.1,default,,200,,,BookDetailsJoin,,
http_req_tls_handshaking,1780770921,0.000000,,,,true,,GET,BookDetailsJoin,HTTP/1.1,default,,200,,,BookDetailsJoin,,
http_req_sending,1780770921,0.000000,,,,true,,GET,BookDetailsJoin,HTTP/1.1,default,,200,,,BookDetailsJoin,,
http_req_waiting,1780770921,7066.408600,,,,true,,GET,BookDetailsJoin,HTTP/1.1,default,,200,,,BookDetailsJoin,,
http_req_receiving,1780770921,8.691700,,,,true,,GET,BookDetailsJoin,HTTP/1.1,default,,200,,,BookDetailsJoin,,
http_req_failed,1780770921,0.000000,,,,true,,GET,BookDetailsJoin,HTTP/1.1,default,,200,,,BookDetailsJoin,,
checks,1780770921,1.000000,Book details status is 200,,,,,,,,default,,,,,,,
http_reqs,1780770921,1.000000,,,,true,,GET,BookDetailsJoin,HTTP/1.1,default,,200,,,BookDetailsJoin,,
http_req_duration,1780770921,4820.020800,,,,true,,GET,BookDetailsJoin,HTTP/1.1,default,,200,,,BookDetailsJoin,,
http_req_blocked,1780770921,0.000000,,,,true,,GET,BookDetailsJoin,HTTP/1.1,default,,200,,,BookDetailsJoin,,
http_req_connecting,1780770921,0.000000,,,,true,,GET,BookDetailsJoin,HTTP/1.1,default,,200,,,BookDetailsJoin,,
http_req_tls_handshaking,1780770921,0.000000,,,,true,,GET,BookDetailsJoin,HTTP/1.1,default,,200,,,BookDetailsJoin,,
http_req_sending,1780770921,0.000000,,,,true,,GET,BookDetailsJoin,HTTP/1.1,default,,200,,,BookDetailsJoin,,
http_req_waiting,1780770921,4818.564500,,,,true,,GET,BookDetailsJoin,HTTP/1.1,default,,200,,,BookDetailsJoin,,
http_req_receiving,1780770921,1.456300,,,,true,,GET,BookDetailsJoin,HTTP/1.1,default,,200,,,BookDetailsJoin,,
http_req_failed,1780770921,0.000000,,,,true,,GET,BookDetailsJoin,HTTP/1.1,default,,200,,,BookDetailsJoin,,
checks,1780770921,1.000000,Book details status is 200,,,,,,,,default,,,,,,,
vus,1780770921,20.000000,,,,,,,,,,,,,,,,
vus_max,1780770921,50.000000,,,,,,,,,,,,,,,,
http_reqs,1780770921,1.000000,,,,true,,GET,LandingPage,HTTP/1.1,default,,200,,,LandingPage,,
http_req_duration,1780770921,2987.029500,,,,true,,GET,LandingPage,HTTP/1.1,default,,200,,,LandingPage,,
http_req_blocked,1780770921,0.000000,,,,true,,GET,LandingPage,HTTP/1.1,default,,200,,,LandingPage,,
http_req_connecting,1780770921,0.000000,,,,true,,GET,LandingPage,HTTP/1.1,default,,200,,,LandingPage,,
http_req_tls_handshaking,1780770921,0.000000,,,,true,,GET,LandingPage,HTTP/1.1,default,,200,,,LandingPage,,
http_req_sending,1780770921,0.000000,,,,true,,GET,LandingPage,HTTP/1.1,default,,200,,,LandingPage,,
http_req_waiting,1780770921,2986.021600,,,,true,,GET,LandingPage,HTTP/1.1,default,,200,,,LandingPage,,
http_req_receiving,1780770921,1.007900,,,,true,,GET,LandingPage,HTTP/1.1,default,,200,,,LandingPage,,
http_req_failed,1780770921,0.000000,,,,true,,GET,LandingPage,HTTP/1.1,default,,200,,,LandingPage,,
checks,1780770921,1.000000,Home page status is 200,,,,,,,,default,,,,,,,
latency_cold_start,1780770922,1778.000000,,,,,,,,,default,,,,,,,
vus,1780770922,21.000000,,,,,,,,,,,,,,,,
vus_max,1780770922,50.000000,,,,,,,,,,,,,,,,
http_reqs,1780770923,1.000000,,,,true,,GET,PublicCatalog,HTTP/1.1,default,,200,,,PublicCatalog,,
http_req_duration,1780770923,6812.129300,,,,true,,GET,PublicCatalog,HTTP/1.1,default,,200,,,PublicCatalog,,
http_req_blocked,1780770923,0.000000,,,,true,,GET,PublicCatalog,HTTP/1.1,default,,200,,,PublicCatalog,,
http_req_connecting,1780770923,0.000000,,,,true,,GET,PublicCatalog,HTTP/1.1,default,,200,,,PublicCatalog,,
http_req_tls_handshaking,1780770923,0.000000,,,,true,,GET,PublicCatalog,HTTP/1.1,default,,200,,,PublicCatalog,,
http_req_sending,1780770923,0.000000,,,,true,,GET,PublicCatalog,HTTP/1.1,default,,200,,,PublicCatalog,,
http_req_waiting,1780770923,6810.636200,,,,true,,GET,PublicCatalog,HTTP/1.1,default,,200,,,PublicCatalog,,
http_req_receiving,1780770923,1.493100,,,,true,,GET,PublicCatalog,HTTP/1.1,default,,200,,,PublicCatalog,,
http_req_failed,1780770923,0.000000,,,,true,,GET,PublicCatalog,HTTP/1.1,default,,200,,,PublicCatalog,,
checks,1780770923,1.000000,Catalog page status is 200,,,,,,,,default,,,,,,,
vus,1780770923,21.000000,,,,,,,,,,,,,,,,
vus_max,1780770923,50.000000,,,,,,,,,,,,,,,,
http_reqs,1780770923,1.000000,,,,true,,GET,PublicCatalog,HTTP/1.1,default,,200,,,PublicCatalog,,
http_req_duration,1780770923,7829.561900,,,,true,,GET,PublicCatalog,HTTP/1.1,default,,200,,,PublicCatalog,,
http_req_blocked,1780770923,0.000000,,,,true,,GET,PublicCatalog,HTTP/1.1,default,,200,,,PublicCatalog,,
http_req_connecting,1780770923,0.000000,,,,true,,GET,PublicCatalog,HTTP/1.1,default,,200,,,PublicCatalog,,
http_req_tls_handshaking,1780770923,0.000000,,,,true,,GET,PublicCatalog,HTTP/1.1,default,,200,,,PublicCatalog,,
http_req_sending,1780770923,0.000000,,,,true,,GET,PublicCatalog,HTTP/1.1,default,,200,,,PublicCatalog,,
http_req_waiting,1780770923,7828.999000,,,,true,,GET,PublicCatalog,HTTP/1.1,default,,200,,,PublicCatalog,,
http_req_receiving,1780770923,0.562900,,,,true,,GET,PublicCatalog,HTTP/1.1,default,,200,,,PublicCatalog,,
http_req_failed,1780770923,0.000000,,,,true,,GET,PublicCatalog,HTTP/1.1,default,,200,,,PublicCatalog,,
checks,1780770923,1.000000,Catalog page status is 200,,,,,,,,default,,,,,,,
data_sent,1780770924,264.000000,,,,,,,,,default,,,,,,,
data_received,1780770924,110331.000000,,,,,,,,,default,,,,,,,
iteration_duration,1780770924,17310.959100,,,,,,,,,default,,,,,,,
iterations,1780770924,1.000000,,,,,,,,,default,,,,,,,
http_reqs,1780770924,1.000000,,,,true,,GET,PublicCatalog,HTTP/1.1,default,,200,,,PublicCatalog,,
http_req_duration,1780770924,9754.339400,,,,true,,GET,PublicCatalog,HTTP/1.1,default,,200,,,PublicCatalog,,
http_req_blocked,1780770924,0.000000,,,,true,,GET,PublicCatalog,HTTP/1.1,default,,200,,,PublicCatalog,,
http_req_connecting,1780770924,0.000000,,,,true,,GET,PublicCatalog,HTTP/1.1,default,,200,,,PublicCatalog,,
http_req_tls_handshaking,1780770924,0.000000,,,,true,,GET,PublicCatalog,HTTP/1.1,default,,200,,,PublicCatalog,,
http_req_sending,1780770924,0.000000,,,,true,,GET,PublicCatalog,HTTP/1.1,default,,200,,,PublicCatalog,,
http_req_waiting,1780770924,9749.869800,,,,true,,GET,PublicCatalog,HTTP/1.1,default,,200,,,PublicCatalog,,
http_req_receiving,1780770924,4.469600,,,,true,,GET,PublicCatalog,HTTP/1.1,default,,200,,,PublicCatalog,,
http_req_failed,1780770924,0.000000,,,,true,,GET,PublicCatalog,HTTP/1.1,default,,200,,,PublicCatalog,,
checks,1780770924,1.000000,Catalog page status is 200,,,,,,,,default,,,,,,,
data_sent,1780770924,264.000000,,,,,,,,,default,,,,,,,
data_received,1780770924,110140.000000,,,,,,,,,default,,,,,,,
iteration_duration,1780770924,17723.435200,,,,,,,,,default,,,,,,,
iterations,1780770924,1.000000,,,,,,,,,default,,,,,,,
data_sent,1780770924,264.000000,,,,,,,,,default,,,,,,,
data_received,1780770924,110331.000000,,,,,,,,,default,,,,,,,
iteration_duration,1780770924,17399.042200,,,,,,,,,default,,,,,,,
iterations,1780770924,1.000000,,,,,,,,,default,,,,,,,
http_reqs,1780770924,1.000000,,,,true,,GET,PublicCatalog,HTTP/1.1,default,,200,,,PublicCatalog,,
http_req_duration,1780770924,8257.782200,,,,true,,GET,PublicCatalog,HTTP/1.1,default,,200,,,PublicCatalog,,
http_req_blocked,1780770924,0.000000,,,,true,,GET,PublicCatalog,HTTP/1.1,default,,200,,,PublicCatalog,,
http_req_connecting,1780770924,0.000000,,,,true,,GET,PublicCatalog,HTTP/1.1,default,,200,,,PublicCatalog,,
http_req_tls_handshaking,1780770924,0.000000,,,,true,,GET,PublicCatalog,HTTP/1.1,default,,200,,,PublicCatalog,,
http_req_sending,1780770924,0.000000,,,,true,,GET,PublicCatalog,HTTP/1.1,default,,200,,,PublicCatalog,,
http_req_waiting,1780770924,8252.801300,,,,true,,GET,PublicCatalog,HTTP/1.1,default,,200,,,PublicCatalog,,
http_req_receiving,1780770924,4.980900,,,,true,,GET,PublicCatalog,HTTP/1.1,default,,200,,,PublicCatalog,,
http_req_failed,1780770924,0.000000,,,,true,,GET,PublicCatalog,HTTP/1.1,default,,200,,,PublicCatalog,,
checks,1780770924,1.000000,Catalog page status is 200,,,,,,,,default,,,,,,,
vus,1780770924,21.000000,,,,,,,,,,,,,,,,
vus_max,1780770924,50.000000,,,,,,,,,,,,,,,,
http_reqs,1780770924,1.000000,,,,true,,GET,BookDetailsJoin,HTTP/1.1,default,,200,,,BookDetailsJoin,,
http_req_duration,1780770924,6905.579000,,,,true,,GET,BookDetailsJoin,HTTP/1.1,default,,200,,,BookDetailsJoin,,
http_req_blocked,1780770924,0.000000,,,,true,,GET,BookDetailsJoin,HTTP/1.1,default,,200,,,BookDetailsJoin,,
http_req_connecting,1780770924,0.000000,,,,true,,GET,BookDetailsJoin,HTTP/1.1,default,,200,,,BookDetailsJoin,,
http_req_tls_handshaking,1780770924,0.000000,,,,true,,GET,BookDetailsJoin,HTTP/1.1,default,,200,,,BookDetailsJoin,,
http_req_sending,1780770924,0.000000,,,,true,,GET,BookDetailsJoin,HTTP/1.1,default,,200,,,BookDetailsJoin,,
http_req_waiting,1780770924,6904.523500,,,,true,,GET,BookDetailsJoin,HTTP/1.1,default,,200,,,BookDetailsJoin,,
http_req_receiving,1780770924,1.055500,,,,true,,GET,BookDetailsJoin,HTTP/1.1,default,,200,,,BookDetailsJoin,,
http_req_failed,1780770924,0.000000,,,,true,,GET,BookDetailsJoin,HTTP/1.1,default,,200,,,BookDetailsJoin,,
checks,1780770924,1.000000,Book details status is 200,,,,,,,,default,,,,,,,
http_reqs,1780770925,1.000000,,,,true,,GET,PublicCatalog,HTTP/1.1,default,,200,,,PublicCatalog,,
http_req_duration,1780770925,7752.398500,,,,true,,GET,PublicCatalog,HTTP/1.1,default,,200,,,PublicCatalog,,
http_req_blocked,1780770925,0.000000,,,,true,,GET,PublicCatalog,HTTP/1.1,default,,200,,,PublicCatalog,,
http_req_connecting,1780770925,0.000000,,,,true,,GET,PublicCatalog,HTTP/1.1,default,,200,,,PublicCatalog,,
http_req_tls_handshaking,1780770925,0.000000,,,,true,,GET,PublicCatalog,HTTP/1.1,default,,200,,,PublicCatalog,,
http_req_sending,1780770925,0.000000,,,,true,,GET,PublicCatalog,HTTP/1.1,default,,200,,,PublicCatalog,,
http_req_waiting,1780770925,7751.004000,,,,true,,GET,PublicCatalog,HTTP/1.1,default,,200,,,PublicCatalog,,
http_req_receiving,1780770925,1.394500,,,,true,,GET,PublicCatalog,HTTP/1.1,default,,200,,,PublicCatalog,,
http_req_failed,1780770925,0.000000,,,,true,,GET,PublicCatalog,HTTP/1.1,default,,200,,,PublicCatalog,,
checks,1780770925,1.000000,Catalog page status is 200,,,,,,,,default,,,,,,,
http_reqs,1780770925,1.000000,,,,true,,GET,PublicCatalog,HTTP/1.1,default,,200,,,PublicCatalog,,
http_req_duration,1780770925,7840.002900,,,,true,,GET,PublicCatalog,HTTP/1.1,default,,200,,,PublicCatalog,,
http_req_blocked,1780770925,0.000000,,,,true,,GET,PublicCatalog,HTTP/1.1,default,,200,,,PublicCatalog,,
http_req_connecting,1780770925,0.000000,,,,true,,GET,PublicCatalog,HTTP/1.1,default,,200,,,PublicCatalog,,
http_req_tls_handshaking,1780770925,0.000000,,,,true,,GET,PublicCatalog,HTTP/1.1,default,,200,,,PublicCatalog,,
http_req_sending,1780770925,0.000000,,,,true,,GET,PublicCatalog,HTTP/1.1,default,,200,,,PublicCatalog,,
http_req_waiting,1780770925,7839.271000,,,,true,,GET,PublicCatalog,HTTP/1.1,default,,200,,,PublicCatalog,,
http_req_receiving,1780770925,0.731900,,,,true,,GET,PublicCatalog,HTTP/1.1,default,,200,,,PublicCatalog,,
http_req_failed,1780770925,0.000000,,,,true,,GET,PublicCatalog,HTTP/1.1,default,,200,,,PublicCatalog,,
checks,1780770925,1.000000,Catalog page status is 200,,,,,,,,default,,,,,,,
vus,1780770925,21.000000,,,,,,,,,,,,,,,,
vus_max,1780770925,50.000000,,,,,,,,,,,,,,,,
http_reqs,1780770925,1.000000,,,,true,,GET,PublicCatalog,HTTP/1.1,default,,200,,,PublicCatalog,,
http_req_duration,1780770925,8040.425100,,,,true,,GET,PublicCatalog,HTTP/1.1,default,,200,,,PublicCatalog,,
http_req_blocked,1780770925,0.000000,,,,true,,GET,PublicCatalog,HTTP/1.1,default,,200,,,PublicCatalog,,
http_req_connecting,1780770925,0.000000,,,,true,,GET,PublicCatalog,HTTP/1.1,default,,200,,,PublicCatalog,,
http_req_tls_handshaking,1780770925,0.000000,,,,true,,GET,PublicCatalog,HTTP/1.1,default,,200,,,PublicCatalog,,
http_req_sending,1780770925,0.000000,,,,true,,GET,PublicCatalog,HTTP/1.1,default,,200,,,PublicCatalog,,
http_req_waiting,1780770925,8032.854800,,,,true,,GET,PublicCatalog,HTTP/1.1,default,,200,,,PublicCatalog,,
http_req_receiving,1780770925,7.570300,,,,true,,GET,PublicCatalog,HTTP/1.1,default,,200,,,PublicCatalog,,
http_req_failed,1780770925,0.000000,,,,true,,GET,PublicCatalog,HTTP/1.1,default,,200,,,PublicCatalog,,
checks,1780770925,1.000000,Catalog page status is 200,,,,,,,,default,,,,,,,
vus,1780770926,21.000000,,,,,,,,,,,,,,,,
vus_max,1780770926,50.000000,,,,,,,,,,,,,,,,
http_reqs,1780770926,1.000000,,,,true,,GET,LandingPage,HTTP/1.1,default,,200,,,LandingPage,,
http_req_duration,1780770926,4384.818800,,,,true,,GET,LandingPage,HTTP/1.1,default,,200,,,LandingPage,,
http_req_blocked,1780770926,2.758700,,,,true,,GET,LandingPage,HTTP/1.1,default,,200,,,LandingPage,,
http_req_connecting,1780770926,2.758700,,,,true,,GET,LandingPage,HTTP/1.1,default,,200,,,LandingPage,,
http_req_tls_handshaking,1780770926,0.000000,,,,true,,GET,LandingPage,HTTP/1.1,default,,200,,,LandingPage,,
http_req_sending,1780770926,0.722300,,,,true,,GET,LandingPage,HTTP/1.1,default,,200,,,LandingPage,,
http_req_waiting,1780770926,4382.405100,,,,true,,GET,LandingPage,HTTP/1.1,default,,200,,,LandingPage,,
http_req_receiving,1780770926,1.691400,,,,true,,GET,LandingPage,HTTP/1.1,default,,200,,,LandingPage,,
http_req_failed,1780770926,0.000000,,,,true,,GET,LandingPage,HTTP/1.1,default,,200,,,LandingPage,,
checks,1780770926,1.000000,Home page status is 200,,,,,,,,default,,,,,,,
http_reqs,1780770927,1.000000,,,,true,,GET,LandingPage,HTTP/1.1,default,,200,,,LandingPage,,
http_req_duration,1780770927,3528.663700,,,,true,,GET,LandingPage,HTTP/1.1,default,,200,,,LandingPage,,
http_req_blocked,1780770927,0.000000,,,,true,,GET,LandingPage,HTTP/1.1,default,,200,,,LandingPage,,
http_req_connecting,1780770927,0.000000,,,,true,,GET,LandingPage,HTTP/1.1,default,,200,,,LandingPage,,
http_req_tls_handshaking,1780770927,0.000000,,,,true,,GET,LandingPage,HTTP/1.1,default,,200,,,LandingPage,,
http_req_sending,1780770927,0.000000,,,,true,,GET,LandingPage,HTTP/1.1,default,,200,,,LandingPage,,
http_req_waiting,1780770927,3520.953800,,,,true,,GET,LandingPage,HTTP/1.1,default,,200,,,LandingPage,,
http_req_receiving,1780770927,7.709900,,,,true,,GET,LandingPage,HTTP/1.1,default,,200,,,LandingPage,,
http_req_failed,1780770927,0.000000,,,,true,,GET,LandingPage,HTTP/1.1,default,,200,,,LandingPage,,
checks,1780770927,1.000000,Home page status is 200,,,,,,,,default,,,,,,,
vus,1780770927,21.000000,,,,,,,,,,,,,,,,
vus_max,1780770927,50.000000,,,,,,,,,,,,,,,,
data_sent,1780770927,264.000000,,,,,,,,,default,,,,,,,
data_received,1780770927,110617.000000,,,,,,,,,default,,,,,,,
iteration_duration,1780770927,18553.581800,,,,,,,,,default,,,,,,,
iterations,1780770927,1.000000,,,,,,,,,default,,,,,,,
http_reqs,1780770927,1.000000,,,,true,,GET,LandingPage,HTTP/1.1,default,,200,,,LandingPage,,
http_req_duration,1780770927,3829.716500,,,,true,,GET,LandingPage,HTTP/1.1,default,,200,,,LandingPage,,
http_req_blocked,1780770927,0.000000,,,,true,,GET,LandingPage,HTTP/1.1,default,,200,,,LandingPage,,
http_req_connecting,1780770927,0.000000,,,,true,,GET,LandingPage,HTTP/1.1,default,,200,,,LandingPage,,
http_req_tls_handshaking,1780770927,0.000000,,,,true,,GET,LandingPage,HTTP/1.1,default,,200,,,LandingPage,,
http_req_sending,1780770927,0.000000,,,,true,,GET,LandingPage,HTTP/1.1,default,,200,,,LandingPage,,
http_req_waiting,1780770927,3818.015400,,,,true,,GET,LandingPage,HTTP/1.1,default,,200,,,LandingPage,,
http_req_receiving,1780770927,11.701100,,,,true,,GET,LandingPage,HTTP/1.1,default,,200,,,LandingPage,,
http_req_failed,1780770927,0.000000,,,,true,,GET,LandingPage,HTTP/1.1,default,,200,,,LandingPage,,
checks,1780770927,1.000000,Home page status is 200,,,,,,,,default,,,,,,,
http_reqs,1780770928,1.000000,,,,true,,GET,PublicCatalog,HTTP/1.1,default,,200,,,PublicCatalog,,
http_req_duration,1780770928,7392.537200,,,,true,,GET,PublicCatalog,HTTP/1.1,default,,200,,,PublicCatalog,,
http_req_blocked,1780770928,0.000000,,,,true,,GET,PublicCatalog,HTTP/1.1,default,,200,,,PublicCatalog,,
http_req_connecting,1780770928,0.000000,,,,true,,GET,PublicCatalog,HTTP/1.1,default,,200,,,PublicCatalog,,
http_req_tls_handshaking,1780770928,0.000000,,,,true,,GET,PublicCatalog,HTTP/1.1,default,,200,,,PublicCatalog,,
http_req_sending,1780770928,0.000000,,,,true,,GET,PublicCatalog,HTTP/1.1,default,,200,,,PublicCatalog,,
http_req_waiting,1780770928,7384.727400,,,,true,,GET,PublicCatalog,HTTP/1.1,default,,200,,,PublicCatalog,,
http_req_receiving,1780770928,7.809800,,,,true,,GET,PublicCatalog,HTTP/1.1,default,,200,,,PublicCatalog,,
http_req_failed,1780770928,0.000000,,,,true,,GET,PublicCatalog,HTTP/1.1,default,,200,,,PublicCatalog,,
checks,1780770928,1.000000,Catalog page status is 200,,,,,,,,default,,,,,,,
latency_cold_start,1780770928,1778.000000,,,,,,,,,default,,,,,,,
vus,1780770928,22.000000,,,,,,,,,,,,,,,,
vus_max,1780770928,50.000000,,,,,,,,,,,,,,,,
http_reqs,1780770928,1.000000,,,,true,,GET,PublicCatalog,HTTP/1.1,default,,200,,,PublicCatalog,,
http_req_duration,1780770928,7157.970400,,,,true,,GET,PublicCatalog,HTTP/1.1,default,,200,,,PublicCatalog,,
http_req_blocked,1780770928,0.000000,,,,true,,GET,PublicCatalog,HTTP/1.1,default,,200,,,PublicCatalog,,
http_req_connecting,1780770928,0.000000,,,,true,,GET,PublicCatalog,HTTP/1.1,default,,200,,,PublicCatalog,,
http_req_tls_handshaking,1780770928,0.000000,,,,true,,GET,PublicCatalog,HTTP/1.1,default,,200,,,PublicCatalog,,
http_req_sending,1780770928,0.000000,,,,true,,GET,PublicCatalog,HTTP/1.1,default,,200,,,PublicCatalog,,
http_req_waiting,1780770928,7157.970400,,,,true,,GET,PublicCatalog,HTTP/1.1,default,,200,,,PublicCatalog,,
http_req_receiving,1780770928,0.000000,,,,true,,GET,PublicCatalog,HTTP/1.1,default,,200,,,PublicCatalog,,
http_req_failed,1780770928,0.000000,,,,true,,GET,PublicCatalog,HTTP/1.1,default,,200,,,PublicCatalog,,
checks,1780770928,1.000000,Catalog page status is 200,,,,,,,,default,,,,,,,
http_reqs,1780770929,1.000000,,,,true,,GET,LandingPage,HTTP/1.1,default,,200,,,LandingPage,,
http_req_duration,1780770929,4716.527500,,,,true,,GET,LandingPage,HTTP/1.1,default,,200,,,LandingPage,,
http_req_blocked,1780770929,0.000000,,,,true,,GET,LandingPage,HTTP/1.1,default,,200,,,LandingPage,,
http_req_connecting,1780770929,0.000000,,,,true,,GET,LandingPage,HTTP/1.1,default,,200,,,LandingPage,,
http_req_tls_handshaking,1780770929,0.000000,,,,true,,GET,LandingPage,HTTP/1.1,default,,200,,,LandingPage,,
http_req_sending,1780770929,0.000000,,,,true,,GET,LandingPage,HTTP/1.1,default,,200,,,LandingPage,,
http_req_waiting,1780770929,4716.527500,,,,true,,GET,LandingPage,HTTP/1.1,default,,200,,,LandingPage,,
http_req_receiving,1780770929,0.000000,,,,true,,GET,LandingPage,HTTP/1.1,default,,200,,,LandingPage,,
http_req_failed,1780770929,0.000000,,,,true,,GET,LandingPage,HTTP/1.1,default,,200,,,LandingPage,,
checks,1780770929,1.000000,Home page status is 200,,,,,,,,default,,,,,,,
http_reqs,1780770929,1.000000,,,,true,,GET,BookDetailsJoin,HTTP/1.1,default,,200,,,BookDetailsJoin,,
http_req_duration,1780770929,10205.009400,,,,true,,GET,BookDetailsJoin,HTTP/1.1,default,,200,,,BookDetailsJoin,,
http_req_blocked,1780770929,0.000000,,,,true,,GET,BookDetailsJoin,HTTP/1.1,default,,200,,,BookDetailsJoin,,
http_req_connecting,1780770929,0.000000,,,,true,,GET,BookDetailsJoin,HTTP/1.1,default,,200,,,BookDetailsJoin,,
http_req_tls_handshaking,1780770929,0.000000,,,,true,,GET,BookDetailsJoin,HTTP/1.1,default,,200,,,BookDetailsJoin,,
http_req_sending,1780770929,0.000000,,,,true,,GET,BookDetailsJoin,HTTP/1.1,default,,200,,,BookDetailsJoin,,
http_req_waiting,1780770929,10203.925000,,,,true,,GET,BookDetailsJoin,HTTP/1.1,default,,200,,,BookDetailsJoin,,
http_req_receiving,1780770929,1.084400,,,,true,,GET,BookDetailsJoin,HTTP/1.1,default,,200,,,BookDetailsJoin,,
http_req_failed,1780770929,0.000000,,,,true,,GET,BookDetailsJoin,HTTP/1.1,default,,200,,,BookDetailsJoin,,
checks,1780770929,1.000000,Book details status is 200,,,,,,,,default,,,,,,,
http_reqs,1780770929,1.000000,,,,true,,GET,BookDetailsJoin,HTTP/1.1,default,,200,,,BookDetailsJoin,,
http_req_duration,1780770929,6792.567600,,,,true,,GET,BookDetailsJoin,HTTP/1.1,default,,200,,,BookDetailsJoin,,
http_req_blocked,1780770929,0.000000,,,,true,,GET,BookDetailsJoin,HTTP/1.1,default,,200,,,BookDetailsJoin,,
http_req_connecting,1780770929,0.000000,,,,true,,GET,BookDetailsJoin,HTTP/1.1,default,,200,,,BookDetailsJoin,,
http_req_tls_handshaking,1780770929,0.000000,,,,true,,GET,BookDetailsJoin,HTTP/1.1,default,,200,,,BookDetailsJoin,,
http_req_sending,1780770929,0.000000,,,,true,,GET,BookDetailsJoin,HTTP/1.1,default,,200,,,BookDetailsJoin,,
http_req_waiting,1780770929,6784.345300,,,,true,,GET,BookDetailsJoin,HTTP/1.1,default,,200,,,BookDetailsJoin,,
http_req_receiving,1780770929,8.222300,,,,true,,GET,BookDetailsJoin,HTTP/1.1,default,,200,,,BookDetailsJoin,,
http_req_failed,1780770929,0.000000,,,,true,,GET,BookDetailsJoin,HTTP/1.1,default,,200,,,BookDetailsJoin,,
checks,1780770929,1.000000,Book details status is 200,,,,,,,,default,,,,,,,
vus,1780770929,22.000000,,,,,,,,,,,,,,,,
vus_max,1780770929,50.000000,,,,,,,,,,,,,,,,
http_reqs,1780770929,1.000000,,,,true,,GET,PublicCatalog,HTTP/1.1,default,,200,,,PublicCatalog,,
http_req_duration,1780770929,9482.188200,,,,true,,GET,PublicCatalog,HTTP/1.1,default,,200,,,PublicCatalog,,
http_req_blocked,1780770929,0.000000,,,,true,,GET,PublicCatalog,HTTP/1.1,default,,200,,,PublicCatalog,,
http_req_connecting,1780770929,0.000000,,,,true,,GET,PublicCatalog,HTTP/1.1,default,,200,,,PublicCatalog,,
http_req_tls_handshaking,1780770929,0.000000,,,,true,,GET,PublicCatalog,HTTP/1.1,default,,200,,,PublicCatalog,,
http_req_sending,1780770929,0.000000,,,,true,,GET,PublicCatalog,HTTP/1.1,default,,200,,,PublicCatalog,,
http_req_waiting,1780770929,9477.877500,,,,true,,GET,PublicCatalog,HTTP/1.1,default,,200,,,PublicCatalog,,
http_req_receiving,1780770929,4.310700,,,,true,,GET,PublicCatalog,HTTP/1.1,default,,200,,,PublicCatalog,,
http_req_failed,1780770929,0.000000,,,,true,,GET,PublicCatalog,HTTP/1.1,default,,200,,,PublicCatalog,,
checks,1780770929,1.000000,Catalog page status is 200,,,,,,,,default,,,,,,,
http_reqs,1780770930,1.000000,,,,true,,GET,PublicCatalog,HTTP/1.1,default,,200,,,PublicCatalog,,
http_req_duration,1780770930,8817.804000,,,,true,,GET,PublicCatalog,HTTP/1.1,default,,200,,,PublicCatalog,,
http_req_blocked,1780770930,0.000000,,,,true,,GET,PublicCatalog,HTTP/1.1,default,,200,,,PublicCatalog,,
http_req_connecting,1780770930,0.000000,,,,true,,GET,PublicCatalog,HTTP/1.1,default,,200,,,PublicCatalog,,
http_req_tls_handshaking,1780770930,0.000000,,,,true,,GET,PublicCatalog,HTTP/1.1,default,,200,,,PublicCatalog,,
http_req_sending,1780770930,0.000000,,,,true,,GET,PublicCatalog,HTTP/1.1,default,,200,,,PublicCatalog,,
http_req_waiting,1780770930,8815.564000,,,,true,,GET,PublicCatalog,HTTP/1.1,default,,200,,,PublicCatalog,,
http_req_receiving,1780770930,2.240000,,,,true,,GET,PublicCatalog,HTTP/1.1,default,,200,,,PublicCatalog,,
http_req_failed,1780770930,0.000000,,,,true,,GET,PublicCatalog,HTTP/1.1,default,,200,,,PublicCatalog,,
checks,1780770930,1.000000,Catalog page status is 200,,,,,,,,default,,,,,,,
http_reqs,1780770930,1.000000,,,,true,,GET,BookDetailsJoin,HTTP/1.1,default,,200,,,BookDetailsJoin,,
http_req_duration,1780770930,7553.710200,,,,true,,GET,BookDetailsJoin,HTTP/1.1,default,,200,,,BookDetailsJoin,,
http_req_blocked,1780770930,0.000000,,,,true,,GET,BookDetailsJoin,HTTP/1.1,default,,200,,,BookDetailsJoin,,
http_req_connecting,1780770930,0.000000,,,,true,,GET,BookDetailsJoin,HTTP/1.1,default,,200,,,BookDetailsJoin,,
http_req_tls_handshaking,1780770930,0.000000,,,,true,,GET,BookDetailsJoin,HTTP/1.1,default,,200,,,BookDetailsJoin,,
http_req_sending,1780770930,0.000000,,,,true,,GET,BookDetailsJoin,HTTP/1.1,default,,200,,,BookDetailsJoin,,
http_req_waiting,1780770930,7548.800700,,,,true,,GET,BookDetailsJoin,HTTP/1.1,default,,200,,,BookDetailsJoin,,
http_req_receiving,1780770930,4.909500,,,,true,,GET,BookDetailsJoin,HTTP/1.1,default,,200,,,BookDetailsJoin,,
http_req_failed,1780770930,0.000000,,,,true,,GET,BookDetailsJoin,HTTP/1.1,default,,200,,,BookDetailsJoin,,
checks,1780770930,1.000000,Book details status is 200,,,,,,,,default,,,,,,,
vus,1780770930,22.000000,,,,,,,,,,,,,,,,
vus_max,1780770930,50.000000,,,,,,,,,,,,,,,,
http_reqs,1780770930,1.000000,,,,true,,GET,BookDetailsJoin,HTTP/1.1,default,,200,,,BookDetailsJoin,,
http_req_duration,1780770930,5130.826900,,,,true,,GET,BookDetailsJoin,HTTP/1.1,default,,200,,,BookDetailsJoin,,
http_req_blocked,1780770930,0.000000,,,,true,,GET,BookDetailsJoin,HTTP/1.1,default,,200,,,BookDetailsJoin,,
http_req_connecting,1780770930,0.000000,,,,true,,GET,BookDetailsJoin,HTTP/1.1,default,,200,,,BookDetailsJoin,,
http_req_tls_handshaking,1780770930,0.000000,,,,true,,GET,BookDetailsJoin,HTTP/1.1,default,,200,,,BookDetailsJoin,,
http_req_sending,1780770930,1.015600,,,,true,,GET,BookDetailsJoin,HTTP/1.1,default,,200,,,BookDetailsJoin,,
http_req_waiting,1780770930,5129.371000,,,,true,,GET,BookDetailsJoin,HTTP/1.1,default,,200,,,BookDetailsJoin,,
http_req_receiving,1780770930,0.440300,,,,true,,GET,BookDetailsJoin,HTTP/1.1,default,,200,,,BookDetailsJoin,,
http_req_failed,1780770930,0.000000,,,,true,,GET,BookDetailsJoin,HTTP/1.1,default,,200,,,BookDetailsJoin,,
checks,1780770930,1.000000,Book details status is 200,,,,,,,,default,,,,,,,
http_reqs,1780770931,1.000000,,,,true,,GET,BookDetailsJoin,HTTP/1.1,default,,200,,,BookDetailsJoin,,
http_req_duration,1780770931,4683.784600,,,,true,,GET,BookDetailsJoin,HTTP/1.1,default,,200,,,BookDetailsJoin,,
http_req_blocked,1780770931,0.000000,,,,true,,GET,BookDetailsJoin,HTTP/1.1,default,,200,,,BookDetailsJoin,,
http_req_connecting,1780770931,0.000000,,,,true,,GET,BookDetailsJoin,HTTP/1.1,default,,200,,,BookDetailsJoin,,
http_req_tls_handshaking,1780770931,0.000000,,,,true,,GET,BookDetailsJoin,HTTP/1.1,default,,200,,,BookDetailsJoin,,
http_req_sending,1780770931,0.000000,,,,true,,GET,BookDetailsJoin,HTTP/1.1,default,,200,,,BookDetailsJoin,,
http_req_waiting,1780770931,4682.504900,,,,true,,GET,BookDetailsJoin,HTTP/1.1,default,,200,,,BookDetailsJoin,,
http_req_receiving,1780770931,1.279700,,,,true,,GET,BookDetailsJoin,HTTP/1.1,default,,200,,,BookDetailsJoin,,
http_req_failed,1780770931,0.000000,,,,true,,GET,BookDetailsJoin,HTTP/1.1,default,,200,,,BookDetailsJoin,,
checks,1780770931,1.000000,Book details status is 200,,,,,,,,default,,,,,,,
http_reqs,1780770931,1.000000,,,,true,,GET,BookDetailsJoin,HTTP/1.1,default,,200,,,BookDetailsJoin,,
http_req_duration,1780770931,8413.529600,,,,true,,GET,BookDetailsJoin,HTTP/1.1,default,,200,,,BookDetailsJoin,,
http_req_blocked,1780770931,0.000000,,,,true,,GET,BookDetailsJoin,HTTP/1.1,default,,200,,,BookDetailsJoin,,
http_req_connecting,1780770931,0.000000,,,,true,,GET,BookDetailsJoin,HTTP/1.1,default,,200,,,BookDetailsJoin,,
http_req_tls_handshaking,1780770931,0.000000,,,,true,,GET,BookDetailsJoin,HTTP/1.1,default,,200,,,BookDetailsJoin,,
http_req_sending,1780770931,0.000000,,,,true,,GET,BookDetailsJoin,HTTP/1.1,default,,200,,,BookDetailsJoin,,
http_req_waiting,1780770931,8412.425800,,,,true,,GET,BookDetailsJoin,HTTP/1.1,default,,200,,,BookDetailsJoin,,
http_req_receiving,1780770931,1.103800,,,,true,,GET,BookDetailsJoin,HTTP/1.1,default,,200,,,BookDetailsJoin,,
http_req_failed,1780770931,0.000000,,,,true,,GET,BookDetailsJoin,HTTP/1.1,default,,200,,,BookDetailsJoin,,
checks,1780770931,1.000000,Book details status is 200,,,,,,,,default,,,,,,,
http_reqs,1780770931,1.000000,,,,true,,GET,BookDetailsJoin,HTTP/1.1,default,,200,,,BookDetailsJoin,,
http_req_duration,1780770931,6135.759400,,,,true,,GET,BookDetailsJoin,HTTP/1.1,default,,200,,,BookDetailsJoin,,
http_req_blocked,1780770931,0.000000,,,,true,,GET,BookDetailsJoin,HTTP/1.1,default,,200,,,BookDetailsJoin,,
http_req_connecting,1780770931,0.000000,,,,true,,GET,BookDetailsJoin,HTTP/1.1,default,,200,,,BookDetailsJoin,,
http_req_tls_handshaking,1780770931,0.000000,,,,true,,GET,BookDetailsJoin,HTTP/1.1,default,,200,,,BookDetailsJoin,,
http_req_sending,1780770931,0.000000,,,,true,,GET,BookDetailsJoin,HTTP/1.1,default,,200,,,BookDetailsJoin,,
http_req_waiting,1780770931,6134.759500,,,,true,,GET,BookDetailsJoin,HTTP/1.1,default,,200,,,BookDetailsJoin,,
http_req_receiving,1780770931,0.999900,,,,true,,GET,BookDetailsJoin,HTTP/1.1,default,,200,,,BookDetailsJoin,,
http_req_failed,1780770931,0.000000,,,,true,,GET,BookDetailsJoin,HTTP/1.1,default,,200,,,BookDetailsJoin,,
checks,1780770931,1.000000,Book details status is 200,,,,,,,,default,,,,,,,
vus,1780770931,22.000000,,,,,,,,,,,,,,,,
vus_max,1780770931,50.000000,,,,,,,,,,,,,,,,
http_reqs,1780770931,1.000000,,,,true,,GET,BookDetailsJoin,HTTP/1.1,default,,200,,,BookDetailsJoin,,
http_req_duration,1780770931,5519.107600,,,,true,,GET,BookDetailsJoin,HTTP/1.1,default,,200,,,BookDetailsJoin,,
http_req_blocked,1780770931,0.000000,,,,true,,GET,BookDetailsJoin,HTTP/1.1,default,,200,,,BookDetailsJoin,,
http_req_connecting,1780770931,0.000000,,,,true,,GET,BookDetailsJoin,HTTP/1.1,default,,200,,,BookDetailsJoin,,
http_req_tls_handshaking,1780770931,0.000000,,,,true,,GET,BookDetailsJoin,HTTP/1.1,default,,200,,,BookDetailsJoin,,
http_req_sending,1780770931,0.000000,,,,true,,GET,BookDetailsJoin,HTTP/1.1,default,,200,,,BookDetailsJoin,,
http_req_waiting,1780770931,5517.895000,,,,true,,GET,BookDetailsJoin,HTTP/1.1,default,,200,,,BookDetailsJoin,,
http_req_receiving,1780770931,1.212600,,,,true,,GET,BookDetailsJoin,HTTP/1.1,default,,200,,,BookDetailsJoin,,
http_req_failed,1780770931,0.000000,,,,true,,GET,BookDetailsJoin,HTTP/1.1,default,,200,,,BookDetailsJoin,,
checks,1780770931,1.000000,Book details status is 200,,,,,,,,default,,,,,,,
http_reqs,1780770931,1.000000,,,,true,,GET,BookDetailsJoin,HTTP/1.1,default,,200,,,BookDetailsJoin,,
http_req_duration,1780770931,4678.661600,,,,true,,GET,BookDetailsJoin,HTTP/1.1,default,,200,,,BookDetailsJoin,,
http_req_blocked,1780770931,0.000000,,,,true,,GET,BookDetailsJoin,HTTP/1.1,default,,200,,,BookDetailsJoin,,
http_req_connecting,1780770931,0.000000,,,,true,,GET,BookDetailsJoin,HTTP/1.1,default,,200,,,BookDetailsJoin,,
http_req_tls_handshaking,1780770931,0.000000,,,,true,,GET,BookDetailsJoin,HTTP/1.1,default,,200,,,BookDetailsJoin,,
http_req_sending,1780770931,0.000000,,,,true,,GET,BookDetailsJoin,HTTP/1.1,default,,200,,,BookDetailsJoin,,
http_req_waiting,1780770931,4677.699200,,,,true,,GET,BookDetailsJoin,HTTP/1.1,default,,200,,,BookDetailsJoin,,
http_req_receiving,1780770931,0.962400,,,,true,,GET,BookDetailsJoin,HTTP/1.1,default,,200,,,BookDetailsJoin,,
http_req_failed,1780770931,0.000000,,,,true,,GET,BookDetailsJoin,HTTP/1.1,default,,200,,,BookDetailsJoin,,
checks,1780770931,1.000000,Book details status is 200,,,,,,,,default,,,,,,,
http_reqs,1780770931,1.000000,,,,true,,GET,LandingPage,HTTP/1.1,default,,200,,,LandingPage,,
http_req_duration,1780770931,3558.915000,,,,true,,GET,LandingPage,HTTP/1.1,default,,200,,,LandingPage,,
http_req_blocked,1780770931,0.574600,,,,true,,GET,LandingPage,HTTP/1.1,default,,200,,,LandingPage,,
http_req_connecting,1780770931,0.574600,,,,true,,GET,LandingPage,HTTP/1.1,default,,200,,,LandingPage,,
http_req_tls_handshaking,1780770931,0.000000,,,,true,,GET,LandingPage,HTTP/1.1,default,,200,,,LandingPage,,
http_req_sending,1780770931,0.000000,,,,true,,GET,LandingPage,HTTP/1.1,default,,200,,,LandingPage,,
http_req_waiting,1780770931,3557.509200,,,,true,,GET,LandingPage,HTTP/1.1,default,,200,,,LandingPage,,
http_req_receiving,1780770931,1.405800,,,,true,,GET,LandingPage,HTTP/1.1,default,,200,,,LandingPage,,
http_req_failed,1780770931,0.000000,,,,true,,GET,LandingPage,HTTP/1.1,default,,200,,,LandingPage,,
checks,1780770931,1.000000,Home page status is 200,,,,,,,,default,,,,,,,
data_sent,1780770932,264.000000,,,,,,,,,default,,,,,,,
data_received,1780770932,110691.000000,,,,,,,,,default,,,,,,,
iteration_duration,1780770932,22775.595300,,,,,,,,,default,,,,,,,
iterations,1780770932,1.000000,,,,,,,,,default,,,,,,,
http_reqs,1780770932,1.000000,,,,true,,GET,LandingPage,HTTP/1.1,default,,200,,,LandingPage,,
http_req_duration,1780770932,4499.631800,,,,true,,GET,LandingPage,HTTP/1.1,default,,200,,,LandingPage,,
http_req_blocked,1780770932,0.000000,,,,true,,GET,LandingPage,HTTP/1.1,default,,200,,,LandingPage,,
http_req_connecting,1780770932,0.000000,,,,true,,GET,LandingPage,HTTP/1.1,default,,200,,,LandingPage,,
http_req_tls_handshaking,1780770932,0.000000,,,,true,,GET,LandingPage,HTTP/1.1,default,,200,,,LandingPage,,
http_req_sending,1780770932,1.534200,,,,true,,GET,LandingPage,HTTP/1.1,default,,200,,,LandingPage,,
http_req_waiting,1780770932,4488.062500,,,,true,,GET,LandingPage,HTTP/1.1,default,,200,,,LandingPage,,
http_req_receiving,1780770932,10.035100,,,,true,,GET,LandingPage,HTTP/1.1,default,,200,,,LandingPage,,
http_req_failed,1780770932,0.000000,,,,true,,GET,LandingPage,HTTP/1.1,default,,200,,,LandingPage,,
checks,1780770932,1.000000,Home page status is 200,,,,,,,,default,,,,,,,
http_reqs,1780770932,1.000000,,,,true,,GET,PublicCatalog,HTTP/1.1,default,,200,,,PublicCatalog,,
http_req_duration,1780770932,9520.083400,,,,true,,GET,PublicCatalog,HTTP/1.1,default,,200,,,PublicCatalog,,
http_req_blocked,1780770932,0.000000,,,,true,,GET,PublicCatalog,HTTP/1.1,default,,200,,,PublicCatalog,,
http_req_connecting,1780770932,0.000000,,,,true,,GET,PublicCatalog,HTTP/1.1,default,,200,,,PublicCatalog,,
http_req_tls_handshaking,1780770932,0.000000,,,,true,,GET,PublicCatalog,HTTP/1.1,default,,200,,,PublicCatalog,,
http_req_sending,1780770932,0.000000,,,,true,,GET,PublicCatalog,HTTP/1.1,default,,200,,,PublicCatalog,,
http_req_waiting,1780770932,9518.626400,,,,true,,GET,PublicCatalog,HTTP/1.1,default,,200,,,PublicCatalog,,
http_req_receiving,1780770932,1.457000,,,,true,,GET,PublicCatalog,HTTP/1.1,default,,200,,,PublicCatalog,,
http_req_failed,1780770932,0.000000,,,,true,,GET,PublicCatalog,HTTP/1.1,default,,200,,,PublicCatalog,,
checks,1780770932,1.000000,Catalog page status is 200,,,,,,,,default,,,,,,,
data_sent,1780770932,264.000000,,,,,,,,,default,,,,,,,
data_received,1780770932,110385.000000,,,,,,,,,default,,,,,,,
iteration_duration,1780770932,21683.522100,,,,,,,,,default,,,,,,,
iterations,1780770932,1.000000,,,,,,,,,default,,,,,,,
vus,1780770932,22.000000,,,,,,,,,,,,,,,,
vus_max,1780770932,50.000000,,,,,,,,,,,,,,,,
http_reqs,1780770933,1.000000,,,,true,,GET,BookDetailsJoin,HTTP/1.1,default,,200,,,BookDetailsJoin,,
http_req_duration,1780770933,5205.785900,,,,true,,GET,BookDetailsJoin,HTTP/1.1,default,,200,,,BookDetailsJoin,,
http_req_blocked,1780770933,0.000000,,,,true,,GET,BookDetailsJoin,HTTP/1.1,default,,200,,,BookDetailsJoin,,
http_req_connecting,1780770933,0.000000,,,,true,,GET,BookDetailsJoin,HTTP/1.1,default,,200,,,BookDetailsJoin,,
http_req_tls_handshaking,1780770933,0.000000,,,,true,,GET,BookDetailsJoin,HTTP/1.1,default,,200,,,BookDetailsJoin,,
http_req_sending,1780770933,0.000000,,,,true,,GET,BookDetailsJoin,HTTP/1.1,default,,200,,,BookDetailsJoin,,
http_req_waiting,1780770933,5205.785900,,,,true,,GET,BookDetailsJoin,HTTP/1.1,default,,200,,,BookDetailsJoin,,
http_req_receiving,1780770933,0.000000,,,,true,,GET,BookDetailsJoin,HTTP/1.1,default,,200,,,BookDetailsJoin,,
http_req_failed,1780770933,0.000000,,,,true,,GET,BookDetailsJoin,HTTP/1.1,default,,200,,,BookDetailsJoin,,
checks,1780770933,1.000000,Book details status is 200,,,,,,,,default,,,,,,,
http_reqs,1780770933,1.000000,,,,true,,GET,BookDetailsJoin,HTTP/1.1,default,,200,,,BookDetailsJoin,,
http_req_duration,1780770933,3093.086500,,,,true,,GET,BookDetailsJoin,HTTP/1.1,default,,200,,,BookDetailsJoin,,
http_req_blocked,1780770933,0.000000,,,,true,,GET,BookDetailsJoin,HTTP/1.1,default,,200,,,BookDetailsJoin,,
http_req_connecting,1780770933,0.000000,,,,true,,GET,BookDetailsJoin,HTTP/1.1,default,,200,,,BookDetailsJoin,,
http_req_tls_handshaking,1780770933,0.000000,,,,true,,GET,BookDetailsJoin,HTTP/1.1,default,,200,,,BookDetailsJoin,,
http_req_sending,1780770933,0.000000,,,,true,,GET,BookDetailsJoin,HTTP/1.1,default,,200,,,BookDetailsJoin,,
http_req_waiting,1780770933,3087.312600,,,,true,,GET,BookDetailsJoin,HTTP/1.1,default,,200,,,BookDetailsJoin,,
http_req_receiving,1780770933,5.773900,,,,true,,GET,BookDetailsJoin,HTTP/1.1,default,,200,,,BookDetailsJoin,,
http_req_failed,1780770933,0.000000,,,,true,,GET,BookDetailsJoin,HTTP/1.1,default,,200,,,BookDetailsJoin,,
checks,1780770933,1.000000,Book details status is 200,,,,,,,,default,,,,,,,
data_sent,1780770933,264.000000,,,,,,,,,default,,,,,,,
data_received,1780770933,110440.000000,,,,,,,,,default,,,,,,,
iteration_duration,1780770933,22095.374700,,,,,,,,,default,,,,,,,
iterations,1780770933,1.000000,,,,,,,,,default,,,,,,,
http_reqs,1780770933,1.000000,,,,true,,GET,BookDetailsJoin,HTTP/1.1,default,,200,,,BookDetailsJoin,,
http_req_duration,1780770933,1795.769900,,,,true,,GET,BookDetailsJoin,HTTP/1.1,default,,200,,,BookDetailsJoin,,
http_req_blocked,1780770933,0.000000,,,,true,,GET,BookDetailsJoin,HTTP/1.1,default,,200,,,BookDetailsJoin,,
http_req_connecting,1780770933,0.000000,,,,true,,GET,BookDetailsJoin,HTTP/1.1,default,,200,,,BookDetailsJoin,,
http_req_tls_handshaking,1780770933,0.000000,,,,true,,GET,BookDetailsJoin,HTTP/1.1,default,,200,,,BookDetailsJoin,,
http_req_sending,1780770933,0.000000,,,,true,,GET,BookDetailsJoin,HTTP/1.1,default,,200,,,BookDetailsJoin,,
http_req_waiting,1780770933,1794.436000,,,,true,,GET,BookDetailsJoin,HTTP/1.1,default,,200,,,BookDetailsJoin,,
http_req_receiving,1780770933,1.333900,,,,true,,GET,BookDetailsJoin,HTTP/1.1,default,,200,,,BookDetailsJoin,,
http_req_failed,1780770933,0.000000,,,,true,,GET,BookDetailsJoin,HTTP/1.1,default,,200,,,BookDetailsJoin,,
checks,1780770933,1.000000,Book details status is 200,,,,,,,,default,,,,,,,
vus,1780770933,22.000000,,,,,,,,,,,,,,,,
vus_max,1780770933,50.000000,,,,,,,,,,,,,,,,
data_sent,1780770933,264.000000,,,,,,,,,default,,,,,,,
data_received,1780770933,110062.000000,,,,,,,,,default,,,,,,,
iteration_duration,1780770933,21116.086800,,,,,,,,,default,,,,,,,
iterations,1780770933,1.000000,,,,,,,,,default,,,,,,,
http_reqs,1780770933,1.000000,,,,true,,GET,BookDetailsJoin,HTTP/1.1,default,,200,,,BookDetailsJoin,,
http_req_duration,1780770933,1785.439100,,,,true,,GET,BookDetailsJoin,HTTP/1.1,default,,200,,,BookDetailsJoin,,
http_req_blocked,1780770933,0.000000,,,,true,,GET,BookDetailsJoin,HTTP/1.1,default,,200,,,BookDetailsJoin,,
http_req_connecting,1780770933,0.000000,,,,true,,GET,BookDetailsJoin,HTTP/1.1,default,,200,,,BookDetailsJoin,,
http_req_tls_handshaking,1780770933,0.000000,,,,true,,GET,BookDetailsJoin,HTTP/1.1,default,,200,,,BookDetailsJoin,,
http_req_sending,1780770933,0.000000,,,,true,,GET,BookDetailsJoin,HTTP/1.1,default,,200,,,BookDetailsJoin,,
http_req_waiting,1780770933,1776.134000,,,,true,,GET,BookDetailsJoin,HTTP/1.1,default,,200,,,BookDetailsJoin,,
http_req_receiving,1780770933,9.305100,,,,true,,GET,BookDetailsJoin,HTTP/1.1,default,,200,,,BookDetailsJoin,,
http_req_failed,1780770933,0.000000,,,,true,,GET,BookDetailsJoin,HTTP/1.1,default,,200,,,BookDetailsJoin,,
checks,1780770933,1.000000,Book details status is 200,,,,,,,,default,,,,,,,
http_reqs,1780770934,1.000000,,,,true,,GET,BookDetailsJoin,HTTP/1.1,default,,200,,,BookDetailsJoin,,
http_req_duration,1780770934,6664.675900,,,,true,,GET,BookDetailsJoin,HTTP/1.1,default,,200,,,BookDetailsJoin,,
http_req_blocked,1780770934,0.000000,,,,true,,GET,BookDetailsJoin,HTTP/1.1,default,,200,,,BookDetailsJoin,,
http_req_connecting,1780770934,0.000000,,,,true,,GET,BookDetailsJoin,HTTP/1.1,default,,200,,,BookDetailsJoin,,
http_req_tls_handshaking,1780770934,0.000000,,,,true,,GET,BookDetailsJoin,HTTP/1.1,default,,200,,,BookDetailsJoin,,
http_req_sending,1780770934,0.000000,,,,true,,GET,BookDetailsJoin,HTTP/1.1,default,,200,,,BookDetailsJoin,,
http_req_waiting,1780770934,6661.104700,,,,true,,GET,BookDetailsJoin,HTTP/1.1,default,,200,,,BookDetailsJoin,,
http_req_receiving,1780770934,3.571200,,,,true,,GET,BookDetailsJoin,HTTP/1.1,default,,200,,,BookDetailsJoin,,
http_req_failed,1780770934,0.000000,,,,true,,GET,BookDetailsJoin,HTTP/1.1,default,,200,,,BookDetailsJoin,,
checks,1780770934,1.000000,Book details status is 200,,,,,,,,default,,,,,,,
data_sent,1780770934,264.000000,,,,,,,,,default,,,,,,,
data_received,1780770934,110413.000000,,,,,,,,,default,,,,,,,
iteration_duration,1780770934,21278.256600,,,,,,,,,default,,,,,,,
iterations,1780770934,1.000000,,,,,,,,,default,,,,,,,
data_sent,1780770934,264.000000,,,,,,,,,default,,,,,,,
data_received,1780770934,109958.000000,,,,,,,,,default,,,,,,,
iteration_duration,1780770934,24248.750500,,,,,,,,,default,,,,,,,
iterations,1780770934,1.000000,,,,,,,,,default,,,,,,,
latency_cold_start,1780770934,1778.000000,,,,,,,,,default,,,,,,,
http_reqs,1780770934,1.000000,,,,true,,GET,BookDetailsJoin,HTTP/1.1,default,,200,,,BookDetailsJoin,,
http_req_duration,1780770934,3769.191100,,,,true,,GET,BookDetailsJoin,HTTP/1.1,default,,200,,,BookDetailsJoin,,
http_req_blocked,1780770934,0.000000,,,,true,,GET,BookDetailsJoin,HTTP/1.1,default,,200,,,BookDetailsJoin,,
http_req_connecting,1780770934,0.000000,,,,true,,GET,BookDetailsJoin,HTTP/1.1,default,,200,,,BookDetailsJoin,,
http_req_tls_handshaking,1780770934,0.000000,,,,true,,GET,BookDetailsJoin,HTTP/1.1,default,,200,,,BookDetailsJoin,,
http_req_sending,1780770934,0.000000,,,,true,,GET,BookDetailsJoin,HTTP/1.1,default,,200,,,BookDetailsJoin,,
http_req_waiting,1780770934,3768.573400,,,,true,,GET,BookDetailsJoin,HTTP/1.1,default,,200,,,BookDetailsJoin,,
http_req_receiving,1780770934,0.617700,,,,true,,GET,BookDetailsJoin,HTTP/1.1,default,,200,,,BookDetailsJoin,,
http_req_failed,1780770934,0.000000,,,,true,,GET,BookDetailsJoin,HTTP/1.1,default,,200,,,BookDetailsJoin,,
checks,1780770934,1.000000,Book details status is 200,,,,,,,,default,,,,,,,
data_sent,1780770934,264.000000,,,,,,,,,default,,,,,,,
data_received,1780770934,110152.000000,,,,,,,,,default,,,,,,,
iteration_duration,1780770934,21475.218900,,,,,,,,,default,,,,,,,
iterations,1780770934,1.000000,,,,,,,,,default,,,,,,,
vus,1780770934,23.000000,,,,,,,,,,,,,,,,
vus_max,1780770934,50.000000,,,,,,,,,,,,,,,,
data_sent,1780770934,264.000000,,,,,,,,,default,,,,,,,
data_received,1780770934,110826.000000,,,,,,,,,default,,,,,,,
iteration_duration,1780770934,22035.427300,,,,,,,,,default,,,,,,,
iterations,1780770934,1.000000,,,,,,,,,default,,,,,,,
data_sent,1780770934,264.000000,,,,,,,,,default,,,,,,,
data_received,1780770934,110259.000000,,,,,,,,,default,,,,,,,
iteration_duration,1780770934,21512.556400,,,,,,,,,default,,,,,,,
iterations,1780770934,1.000000,,,,,,,,,default,,,,,,,
http_reqs,1780770934,1.000000,,,,true,,GET,LandingPage,HTTP/1.1,default,,200,,,LandingPage,,
http_req_duration,1780770934,2741.400400,,,,true,,GET,LandingPage,HTTP/1.1,default,,200,,,LandingPage,,
http_req_blocked,1780770934,0.000000,,,,true,,GET,LandingPage,HTTP/1.1,default,,200,,,LandingPage,,
http_req_connecting,1780770934,0.000000,,,,true,,GET,LandingPage,HTTP/1.1,default,,200,,,LandingPage,,
http_req_tls_handshaking,1780770934,0.000000,,,,true,,GET,LandingPage,HTTP/1.1,default,,200,,,LandingPage,,
http_req_sending,1780770934,0.000000,,,,true,,GET,LandingPage,HTTP/1.1,default,,200,,,LandingPage,,
http_req_waiting,1780770934,2740.692100,,,,true,,GET,LandingPage,HTTP/1.1,default,,200,,,LandingPage,,
http_req_receiving,1780770934,0.708300,,,,true,,GET,LandingPage,HTTP/1.1,default,,200,,,LandingPage,,
http_req_failed,1780770934,0.000000,,,,true,,GET,LandingPage,HTTP/1.1,default,,200,,,LandingPage,,
checks,1780770934,1.000000,Home page status is 200,,,,,,,,default,,,,,,,
http_reqs,1780770935,1.000000,,,,true,,GET,LandingPage,HTTP/1.1,default,,200,,,LandingPage,,
http_req_duration,1780770935,3072.691300,,,,true,,GET,LandingPage,HTTP/1.1,default,,200,,,LandingPage,,
http_req_blocked,1780770935,0.000000,,,,true,,GET,LandingPage,HTTP/1.1,default,,200,,,LandingPage,,
http_req_connecting,1780770935,0.000000,,,,true,,GET,LandingPage,HTTP/1.1,default,,200,,,LandingPage,,
http_req_tls_handshaking,1780770935,0.000000,,,,true,,GET,LandingPage,HTTP/1.1,default,,200,,,LandingPage,,
http_req_sending,1780770935,0.000000,,,,true,,GET,LandingPage,HTTP/1.1,default,,200,,,LandingPage,,
http_req_waiting,1780770935,3071.659200,,,,true,,GET,LandingPage,HTTP/1.1,default,,200,,,LandingPage,,
http_req_receiving,1780770935,1.032100,,,,true,,GET,LandingPage,HTTP/1.1,default,,200,,,LandingPage,,
http_req_failed,1780770935,0.000000,,,,true,,GET,LandingPage,HTTP/1.1,default,,200,,,LandingPage,,
checks,1780770935,1.000000,Home page status is 200,,,,,,,,default,,,,,,,
vus,1780770935,23.000000,,,,,,,,,,,,,,,,
vus_max,1780770935,50.000000,,,,,,,,,,,,,,,,
http_reqs,1780770935,1.000000,,,,true,,GET,PublicCatalog,HTTP/1.1,default,,200,,,PublicCatalog,,
http_req_duration,1780770935,7403.659300,,,,true,,GET,PublicCatalog,HTTP/1.1,default,,200,,,PublicCatalog,,
http_req_blocked,1780770935,0.000000,,,,true,,GET,PublicCatalog,HTTP/1.1,default,,200,,,PublicCatalog,,
http_req_connecting,1780770935,0.000000,,,,true,,GET,PublicCatalog,HTTP/1.1,default,,200,,,PublicCatalog,,
http_req_tls_handshaking,1780770935,0.000000,,,,true,,GET,PublicCatalog,HTTP/1.1,default,,200,,,PublicCatalog,,
http_req_sending,1780770935,0.000000,,,,true,,GET,PublicCatalog,HTTP/1.1,default,,200,,,PublicCatalog,,
http_req_waiting,1780770935,7401.932900,,,,true,,GET,PublicCatalog,HTTP/1.1,default,,200,,,PublicCatalog,,
http_req_receiving,1780770935,1.726400,,,,true,,GET,PublicCatalog,HTTP/1.1,default,,200,,,PublicCatalog,,
http_req_failed,1780770935,0.000000,,,,true,,GET,PublicCatalog,HTTP/1.1,default,,200,,,PublicCatalog,,
checks,1780770935,1.000000,Catalog page status is 200,,,,,,,,default,,,,,,,
data_sent,1780770936,264.000000,,,,,,,,,default,,,,,,,
data_received,1780770936,110032.000000,,,,,,,,,default,,,,,,,
iteration_duration,1780770936,21472.681000,,,,,,,,,default,,,,,,,
iterations,1780770936,1.000000,,,,,,,,,default,,,,,,,
data_sent,1780770936,264.000000,,,,,,,,,default,,,,,,,
data_received,1780770936,110421.000000,,,,,,,,,default,,,,,,,
iteration_duration,1780770936,19886.512900,,,,,,,,,default,,,,,,,
iterations,1780770936,1.000000,,,,,,,,,default,,,,,,,
data_sent,1780770936,264.000000,,,,,,,,,default,,,,,,,
data_received,1780770936,110525.000000,,,,,,,,,default,,,,,,,
iteration_duration,1780770936,20069.599300,,,,,,,,,default,,,,,,,
iterations,1780770936,1.000000,,,,,,,,,default,,,,,,,
vus,1780770936,23.000000,,,,,,,,,,,,,,,,
vus_max,1780770936,50.000000,,,,,,,,,,,,,,,,
http_reqs,1780770936,1.000000,,,,true,,GET,PublicCatalog,HTTP/1.1,default,,200,,,PublicCatalog,,
http_req_duration,1780770936,7653.019200,,,,true,,GET,PublicCatalog,HTTP/1.1,default,,200,,,PublicCatalog,,
http_req_blocked,1780770936,0.000000,,,,true,,GET,PublicCatalog,HTTP/1.1,default,,200,,,PublicCatalog,,
http_req_connecting,1780770936,0.000000,,,,true,,GET,PublicCatalog,HTTP/1.1,default,,200,,,PublicCatalog,,
http_req_tls_handshaking,1780770936,0.000000,,,,true,,GET,PublicCatalog,HTTP/1.1,default,,200,,,PublicCatalog,,
http_req_sending,1780770936,1.022600,,,,true,,GET,PublicCatalog,HTTP/1.1,default,,200,,,PublicCatalog,,
http_req_waiting,1780770936,7650.372300,,,,true,,GET,PublicCatalog,HTTP/1.1,default,,200,,,PublicCatalog,,
http_req_receiving,1780770936,1.624300,,,,true,,GET,PublicCatalog,HTTP/1.1,default,,200,,,PublicCatalog,,
http_req_failed,1780770936,0.000000,,,,true,,GET,PublicCatalog,HTTP/1.1,default,,200,,,PublicCatalog,,
checks,1780770936,1.000000,Catalog page status is 200,,,,,,,,default,,,,,,,
data_sent,1780770936,264.000000,,,,,,,,,default,,,,,,,
data_received,1780770936,110716.000000,,,,,,,,,default,,,,,,,
iteration_duration,1780770936,20315.492500,,,,,,,,,default,,,,,,,
iterations,1780770936,1.000000,,,,,,,,,default,,,,,,,
data_sent,1780770937,264.000000,,,,,,,,,default,,,,,,,
data_received,1780770937,110089.000000,,,,,,,,,default,,,,,,,
iteration_duration,1780770937,22704.029100,,,,,,,,,default,,,,,,,
iterations,1780770937,1.000000,,,,,,,,,default,,,,,,,
data_sent,1780770937,264.000000,,,,,,,,,default,,,,,,,
data_received,1780770937,111000.000000,,,,,,,,,default,,,,,,,
iteration_duration,1780770937,20727.129100,,,,,,,,,default,,,,,,,
iterations,1780770937,1.000000,,,,,,,,,default,,,,,,,
vus,1780770937,23.000000,,,,,,,,,,,,,,,,
vus_max,1780770937,50.000000,,,,,,,,,,,,,,,,
http_reqs,1780770937,1.000000,,,,true,,GET,PublicCatalog,HTTP/1.1,default,,200,,,PublicCatalog,,
http_req_duration,1780770937,9952.356300,,,,true,,GET,PublicCatalog,HTTP/1.1,default,,200,,,PublicCatalog,,
http_req_blocked,1780770937,0.000000,,,,true,,GET,PublicCatalog,HTTP/1.1,default,,200,,,PublicCatalog,,
http_req_connecting,1780770937,0.000000,,,,true,,GET,PublicCatalog,HTTP/1.1,default,,200,,,PublicCatalog,,
http_req_tls_handshaking,1780770937,0.000000,,,,true,,GET,PublicCatalog,HTTP/1.1,default,,200,,,PublicCatalog,,
http_req_sending,1780770937,0.000000,,,,true,,GET,PublicCatalog,HTTP/1.1,default,,200,,,PublicCatalog,,
http_req_waiting,1780770937,9951.356500,,,,true,,GET,PublicCatalog,HTTP/1.1,default,,200,,,PublicCatalog,,
http_req_receiving,1780770937,0.999800,,,,true,,GET,PublicCatalog,HTTP/1.1,default,,200,,,PublicCatalog,,
http_req_failed,1780770937,0.000000,,,,true,,GET,PublicCatalog,HTTP/1.1,default,,200,,,PublicCatalog,,
checks,1780770937,1.000000,Catalog page status is 200,,,,,,,,default,,,,,,,
vus,1780770938,23.000000,,,,,,,,,,,,,,,,
vus_max,1780770938,50.000000,,,,,,,,,,,,,,,,
http_reqs,1780770939,1.000000,,,,true,,GET,LandingPage,HTTP/1.1,default,,200,,,LandingPage,,
http_req_duration,1780770939,5729.804200,,,,true,,GET,LandingPage,HTTP/1.1,default,,200,,,LandingPage,,
http_req_blocked,1780770939,0.000000,,,,true,,GET,LandingPage,HTTP/1.1,default,,200,,,LandingPage,,
http_req_connecting,1780770939,0.000000,,,,true,,GET,LandingPage,HTTP/1.1,default,,200,,,LandingPage,,
http_req_tls_handshaking,1780770939,0.000000,,,,true,,GET,LandingPage,HTTP/1.1,default,,200,,,LandingPage,,
http_req_sending,1780770939,0.000000,,,,true,,GET,LandingPage,HTTP/1.1,default,,200,,,LandingPage,,
http_req_waiting,1780770939,5714.133100,,,,true,,GET,LandingPage,HTTP/1.1,default,,200,,,LandingPage,,
http_req_receiving,1780770939,15.671100,,,,true,,GET,LandingPage,HTTP/1.1,default,,200,,,LandingPage,,
http_req_failed,1780770939,0.000000,,,,true,,GET,LandingPage,HTTP/1.1,default,,200,,,LandingPage,,
checks,1780770939,1.000000,Home page status is 200,,,,,,,,default,,,,,,,
vus,1780770939,23.000000,,,,,,,,,,,,,,,,
vus_max,1780770939,50.000000,,,,,,,,,,,,,,,,
http_reqs,1780770939,1.000000,,,,true,,GET,PublicCatalog,HTTP/1.1,default,,200,,,PublicCatalog,,
http_req_duration,1780770939,9875.030400,,,,true,,GET,PublicCatalog,HTTP/1.1,default,,200,,,PublicCatalog,,
http_req_blocked,1780770939,0.000000,,,,true,,GET,PublicCatalog,HTTP/1.1,default,,200,,,PublicCatalog,,
http_req_connecting,1780770939,0.000000,,,,true,,GET,PublicCatalog,HTTP/1.1,default,,200,,,PublicCatalog,,
http_req_tls_handshaking,1780770939,0.000000,,,,true,,GET,PublicCatalog,HTTP/1.1,default,,200,,,PublicCatalog,,
http_req_sending,1780770939,0.000000,,,,true,,GET,PublicCatalog,HTTP/1.1,default,,200,,,PublicCatalog,,
http_req_waiting,1780770939,9867.727400,,,,true,,GET,PublicCatalog,HTTP/1.1,default,,200,,,PublicCatalog,,
http_req_receiving,1780770939,7.303000,,,,true,,GET,PublicCatalog,HTTP/1.1,default,,200,,,PublicCatalog,,
http_req_failed,1780770939,0.000000,,,,true,,GET,PublicCatalog,HTTP/1.1,default,,200,,,PublicCatalog,,
checks,1780770939,1.000000,Catalog page status is 200,,,,,,,,default,,,,,,,
latency_cold_start,1780770940,1778.000000,,,,,,,,,default,,,,,,,
vus,1780770940,24.000000,,,,,,,,,,,,,,,,
vus_max,1780770940,50.000000,,,,,,,,,,,,,,,,
http_reqs,1780770940,1.000000,,,,true,,GET,LandingPage,HTTP/1.1,default,,200,,,LandingPage,,
http_req_duration,1780770940,6989.775300,,,,true,,GET,LandingPage,HTTP/1.1,default,,200,,,LandingPage,,
http_req_blocked,1780770940,0.000000,,,,true,,GET,LandingPage,HTTP/1.1,default,,200,,,LandingPage,,
http_req_connecting,1780770940,0.000000,,,,true,,GET,LandingPage,HTTP/1.1,default,,200,,,LandingPage,,
http_req_tls_handshaking,1780770940,0.000000,,,,true,,GET,LandingPage,HTTP/1.1,default,,200,,,LandingPage,,
http_req_sending,1780770940,0.000000,,,,true,,GET,LandingPage,HTTP/1.1,default,,200,,,LandingPage,,
http_req_waiting,1780770940,6989.051300,,,,true,,GET,LandingPage,HTTP/1.1,default,,200,,,LandingPage,,
http_req_receiving,1780770940,0.724000,,,,true,,GET,LandingPage,HTTP/1.1,default,,200,,,LandingPage,,
http_req_failed,1780770940,0.000000,,,,true,,GET,LandingPage,HTTP/1.1,default,,200,,,LandingPage,,
checks,1780770940,1.000000,Home page status is 200,,,,,,,,default,,,,,,,
vus,1780770941,24.000000,,,,,,,,,,,,,,,,
vus_max,1780770941,50.000000,,,,,,,,,,,,,,,,
http_reqs,1780770942,1.000000,,,,true,,GET,LandingPage,HTTP/1.1,default,,200,,,LandingPage,,
http_req_duration,1780770942,8260.155700,,,,true,,GET,LandingPage,HTTP/1.1,default,,200,,,LandingPage,,
http_req_blocked,1780770942,0.000000,,,,true,,GET,LandingPage,HTTP/1.1,default,,200,,,LandingPage,,
http_req_connecting,1780770942,0.000000,,,,true,,GET,LandingPage,HTTP/1.1,default,,200,,,LandingPage,,
http_req_tls_handshaking,1780770942,0.000000,,,,true,,GET,LandingPage,HTTP/1.1,default,,200,,,LandingPage,,
http_req_sending,1780770942,0.000000,,,,true,,GET,LandingPage,HTTP/1.1,default,,200,,,LandingPage,,
http_req_waiting,1780770942,8257.732100,,,,true,,GET,LandingPage,HTTP/1.1,default,,200,,,LandingPage,,
http_req_receiving,1780770942,2.423600,,,,true,,GET,LandingPage,HTTP/1.1,default,,200,,,LandingPage,,
http_req_failed,1780770942,0.000000,,,,true,,GET,LandingPage,HTTP/1.1,default,,200,,,LandingPage,,
checks,1780770942,1.000000,Home page status is 200,,,,,,,,default,,,,,,,
vus,1780770942,24.000000,,,,,,,,,,,,,,,,
vus_max,1780770942,50.000000,,,,,,,,,,,,,,,,
http_reqs,1780770942,1.000000,,,,true,,GET,LandingPage,HTTP/1.1,default,,200,,,LandingPage,,
http_req_duration,1780770942,8629.676900,,,,true,,GET,LandingPage,HTTP/1.1,default,,200,,,LandingPage,,
http_req_blocked,1780770942,0.000000,,,,true,,GET,LandingPage,HTTP/1.1,default,,200,,,LandingPage,,
http_req_connecting,1780770942,0.000000,,,,true,,GET,LandingPage,HTTP/1.1,default,,200,,,LandingPage,,
http_req_tls_handshaking,1780770942,0.000000,,,,true,,GET,LandingPage,HTTP/1.1,default,,200,,,LandingPage,,
http_req_sending,1780770942,0.000000,,,,true,,GET,LandingPage,HTTP/1.1,default,,200,,,LandingPage,,
http_req_waiting,1780770942,8628.160100,,,,true,,GET,LandingPage,HTTP/1.1,default,,200,,,LandingPage,,
http_req_receiving,1780770942,1.516800,,,,true,,GET,LandingPage,HTTP/1.1,default,,200,,,LandingPage,,
http_req_failed,1780770942,0.000000,,,,true,,GET,LandingPage,HTTP/1.1,default,,200,,,LandingPage,,
checks,1780770942,1.000000,Home page status is 200,,,,,,,,default,,,,,,,
http_reqs,1780770943,1.000000,,,,true,,GET,LandingPage,HTTP/1.1,default,,200,,,LandingPage,,
http_req_duration,1780770943,9046.522600,,,,true,,GET,LandingPage,HTTP/1.1,default,,200,,,LandingPage,,
http_req_blocked,1780770943,0.000000,,,,true,,GET,LandingPage,HTTP/1.1,default,,200,,,LandingPage,,
http_req_connecting,1780770943,0.000000,,,,true,,GET,LandingPage,HTTP/1.1,default,,200,,,LandingPage,,
http_req_tls_handshaking,1780770943,0.000000,,,,true,,GET,LandingPage,HTTP/1.1,default,,200,,,LandingPage,,
http_req_sending,1780770943,0.000000,,,,true,,GET,LandingPage,HTTP/1.1,default,,200,,,LandingPage,,
http_req_waiting,1780770943,9043.657600,,,,true,,GET,LandingPage,HTTP/1.1,default,,200,,,LandingPage,,
http_req_receiving,1780770943,2.865000,,,,true,,GET,LandingPage,HTTP/1.1,default,,200,,,LandingPage,,
http_req_failed,1780770943,0.000000,,,,true,,GET,LandingPage,HTTP/1.1,default,,200,,,LandingPage,,
checks,1780770943,1.000000,Home page status is 200,,,,,,,,default,,,,,,,
vus,1780770943,24.000000,,,,,,,,,,,,,,,,
vus_max,1780770943,50.000000,,,,,,,,,,,,,,,,
http_reqs,1780770944,1.000000,,,,true,,GET,LandingPage,HTTP/1.1,default,,200,,,LandingPage,,
http_req_duration,1780770944,9680.013700,,,,true,,GET,LandingPage,HTTP/1.1,default,,200,,,LandingPage,,
http_req_blocked,1780770944,0.000000,,,,true,,GET,LandingPage,HTTP/1.1,default,,200,,,LandingPage,,
http_req_connecting,1780770944,0.000000,,,,true,,GET,LandingPage,HTTP/1.1,default,,200,,,LandingPage,,
http_req_tls_handshaking,1780770944,0.000000,,,,true,,GET,LandingPage,HTTP/1.1,default,,200,,,LandingPage,,
http_req_sending,1780770944,0.000000,,,,true,,GET,LandingPage,HTTP/1.1,default,,200,,,LandingPage,,
http_req_waiting,1780770944,9679.212900,,,,true,,GET,LandingPage,HTTP/1.1,default,,200,,,LandingPage,,
http_req_receiving,1780770944,0.800800,,,,true,,GET,LandingPage,HTTP/1.1,default,,200,,,LandingPage,,
http_req_failed,1780770944,0.000000,,,,true,,GET,LandingPage,HTTP/1.1,default,,200,,,LandingPage,,
checks,1780770944,1.000000,Home page status is 200,,,,,,,,default,,,,,,,
vus,1780770944,24.000000,,,,,,,,,,,,,,,,
vus_max,1780770944,50.000000,,,,,,,,,,,,,,,,
http_reqs,1780770945,1.000000,,,,true,,GET,LandingPage,HTTP/1.1,default,,200,,,LandingPage,,
http_req_duration,1780770945,10543.562400,,,,true,,GET,LandingPage,HTTP/1.1,default,,200,,,LandingPage,,
http_req_blocked,1780770945,0.000000,,,,true,,GET,LandingPage,HTTP/1.1,default,,200,,,LandingPage,,
http_req_connecting,1780770945,0.000000,,,,true,,GET,LandingPage,HTTP/1.1,default,,200,,,LandingPage,,
http_req_tls_handshaking,1780770945,0.000000,,,,true,,GET,LandingPage,HTTP/1.1,default,,200,,,LandingPage,,
http_req_sending,1780770945,0.000000,,,,true,,GET,LandingPage,HTTP/1.1,default,,200,,,LandingPage,,
http_req_waiting,1780770945,10541.679000,,,,true,,GET,LandingPage,HTTP/1.1,default,,200,,,LandingPage,,
http_req_receiving,1780770945,1.883400,,,,true,,GET,LandingPage,HTTP/1.1,default,,200,,,LandingPage,,
http_req_failed,1780770945,0.000000,,,,true,,GET,LandingPage,HTTP/1.1,default,,200,,,LandingPage,,
checks,1780770945,1.000000,Home page status is 200,,,,,,,,default,,,,,,,
vus,1780770945,24.000000,,,,,,,,,,,,,,,,
vus_max,1780770945,50.000000,,,,,,,,,,,,,,,,
http_reqs,1780770945,1.000000,,,,true,,GET,LandingPage,HTTP/1.1,default,,200,,,LandingPage,,
http_req_duration,1780770945,9834.485300,,,,true,,GET,LandingPage,HTTP/1.1,default,,200,,,LandingPage,,
http_req_blocked,1780770945,0.000000,,,,true,,GET,LandingPage,HTTP/1.1,default,,200,,,LandingPage,,
http_req_connecting,1780770945,0.000000,,,,true,,GET,LandingPage,HTTP/1.1,default,,200,,,LandingPage,,
http_req_tls_handshaking,1780770945,0.000000,,,,true,,GET,LandingPage,HTTP/1.1,default,,200,,,LandingPage,,
http_req_sending,1780770945,0.000000,,,,true,,GET,LandingPage,HTTP/1.1,default,,200,,,LandingPage,,
http_req_waiting,1780770945,9832.919000,,,,true,,GET,LandingPage,HTTP/1.1,default,,200,,,LandingPage,,
http_req_receiving,1780770945,1.566300,,,,true,,GET,LandingPage,HTTP/1.1,default,,200,,,LandingPage,,
http_req_failed,1780770945,0.000000,,,,true,,GET,LandingPage,HTTP/1.1,default,,200,,,LandingPage,,
checks,1780770945,1.000000,Home page status is 200,,,,,,,,default,,,,,,,
latency_cold_start,1780770946,1778.000000,,,,,,,,,default,,,,,,,
vus,1780770946,25.000000,,,,,,,,,,,,,,,,
vus_max,1780770946,50.000000,,,,,,,,,,,,,,,,
http_reqs,1780770946,1.000000,,,,true,,GET,LandingPage,HTTP/1.1,default,,200,,,LandingPage,,
http_req_duration,1780770946,10346.888700,,,,true,,GET,LandingPage,HTTP/1.1,default,,200,,,LandingPage,,
http_req_blocked,1780770946,0.000000,,,,true,,GET,LandingPage,HTTP/1.1,default,,200,,,LandingPage,,
http_req_connecting,1780770946,0.000000,,,,true,,GET,LandingPage,HTTP/1.1,default,,200,,,LandingPage,,
http_req_tls_handshaking,1780770946,0.000000,,,,true,,GET,LandingPage,HTTP/1.1,default,,200,,,LandingPage,,
http_req_sending,1780770946,0.000000,,,,true,,GET,LandingPage,HTTP/1.1,default,,200,,,LandingPage,,
http_req_waiting,1780770946,10345.728400,,,,true,,GET,LandingPage,HTTP/1.1,default,,200,,,LandingPage,,
http_req_receiving,1780770946,1.160300,,,,true,,GET,LandingPage,HTTP/1.1,default,,200,,,LandingPage,,
http_req_failed,1780770946,0.000000,,,,true,,GET,LandingPage,HTTP/1.1,default,,200,,,LandingPage,,
checks,1780770946,1.000000,Home page status is 200,,,,,,,,default,,,,,,,
http_reqs,1780770947,1.000000,,,,true,,GET,LandingPage,HTTP/1.1,default,,200,,,LandingPage,,
http_req_duration,1780770947,10539.356800,,,,true,,GET,LandingPage,HTTP/1.1,default,,200,,,LandingPage,,
http_req_blocked,1780770947,0.000000,,,,true,,GET,LandingPage,HTTP/1.1,default,,200,,,LandingPage,,
http_req_connecting,1780770947,0.000000,,,,true,,GET,LandingPage,HTTP/1.1,default,,200,,,LandingPage,,
http_req_tls_handshaking,1780770947,0.000000,,,,true,,GET,LandingPage,HTTP/1.1,default,,200,,,LandingPage,,
http_req_sending,1780770947,0.514600,,,,true,,GET,LandingPage,HTTP/1.1,default,,200,,,LandingPage,,
http_req_waiting,1780770947,10536.748700,,,,true,,GET,LandingPage,HTTP/1.1,default,,200,,,LandingPage,,
http_req_receiving,1780770947,2.093500,,,,true,,GET,LandingPage,HTTP/1.1,default,,200,,,LandingPage,,
http_req_failed,1780770947,0.000000,,,,true,,GET,LandingPage,HTTP/1.1,default,,200,,,LandingPage,,
checks,1780770947,1.000000,Home page status is 200,,,,,,,,default,,,,,,,
http_reqs,1780770947,1.000000,,,,true,,GET,LandingPage,HTTP/1.1,default,,200,,,LandingPage,,
http_req_duration,1780770947,13092.929100,,,,true,,GET,LandingPage,HTTP/1.1,default,,200,,,LandingPage,,
http_req_blocked,1780770947,1.395400,,,,true,,GET,LandingPage,HTTP/1.1,default,,200,,,LandingPage,,
http_req_connecting,1780770947,0.881200,,,,true,,GET,LandingPage,HTTP/1.1,default,,200,,,LandingPage,,
http_req_tls_handshaking,1780770947,0.000000,,,,true,,GET,LandingPage,HTTP/1.1,default,,200,,,LandingPage,,
http_req_sending,1780770947,0.000000,,,,true,,GET,LandingPage,HTTP/1.1,default,,200,,,LandingPage,,
http_req_waiting,1780770947,13091.408200,,,,true,,GET,LandingPage,HTTP/1.1,default,,200,,,LandingPage,,
http_req_receiving,1780770947,1.520900,,,,true,,GET,LandingPage,HTTP/1.1,default,,200,,,LandingPage,,
http_req_failed,1780770947,0.000000,,,,true,,GET,LandingPage,HTTP/1.1,default,,200,,,LandingPage,,
checks,1780770947,1.000000,Home page status is 200,,,,,,,,default,,,,,,,
vus,1780770947,25.000000,,,,,,,,,,,,,,,,
vus_max,1780770947,50.000000,,,,,,,,,,,,,,,,
http_reqs,1780770947,1.000000,,,,true,,GET,LandingPage,HTTP/1.1,default,,200,,,LandingPage,,
http_req_duration,1780770947,11033.242700,,,,true,,GET,LandingPage,HTTP/1.1,default,,200,,,LandingPage,,
http_req_blocked,1780770947,0.000000,,,,true,,GET,LandingPage,HTTP/1.1,default,,200,,,LandingPage,,
http_req_connecting,1780770947,0.000000,,,,true,,GET,LandingPage,HTTP/1.1,default,,200,,,LandingPage,,
http_req_tls_handshaking,1780770947,0.000000,,,,true,,GET,LandingPage,HTTP/1.1,default,,200,,,LandingPage,,
http_req_sending,1780770947,0.000000,,,,true,,GET,LandingPage,HTTP/1.1,default,,200,,,LandingPage,,
http_req_waiting,1780770947,11030.331400,,,,true,,GET,LandingPage,HTTP/1.1,default,,200,,,LandingPage,,
http_req_receiving,1780770947,2.911300,,,,true,,GET,LandingPage,HTTP/1.1,default,,200,,,LandingPage,,
http_req_failed,1780770947,0.000000,,,,true,,GET,LandingPage,HTTP/1.1,default,,200,,,LandingPage,,
checks,1780770947,1.000000,Home page status is 200,,,,,,,,default,,,,,,,
http_reqs,1780770948,1.000000,,,,true,,GET,LandingPage,HTTP/1.1,default,,200,,,LandingPage,,
http_req_duration,1780770948,11354.274300,,,,true,,GET,LandingPage,HTTP/1.1,default,,200,,,LandingPage,,
http_req_blocked,1780770948,0.000000,,,,true,,GET,LandingPage,HTTP/1.1,default,,200,,,LandingPage,,
http_req_connecting,1780770948,0.000000,,,,true,,GET,LandingPage,HTTP/1.1,default,,200,,,LandingPage,,
http_req_tls_handshaking,1780770948,0.000000,,,,true,,GET,LandingPage,HTTP/1.1,default,,200,,,LandingPage,,
http_req_sending,1780770948,0.000000,,,,true,,GET,LandingPage,HTTP/1.1,default,,200,,,LandingPage,,
http_req_waiting,1780770948,11352.319500,,,,true,,GET,LandingPage,HTTP/1.1,default,,200,,,LandingPage,,
http_req_receiving,1780770948,1.954800,,,,true,,GET,LandingPage,HTTP/1.1,default,,200,,,LandingPage,,
http_req_failed,1780770948,0.000000,,,,true,,GET,LandingPage,HTTP/1.1,default,,200,,,LandingPage,,
checks,1780770948,1.000000,Home page status is 200,,,,,,,,default,,,,,,,
vus,1780770948,25.000000,,,,,,,,,,,,,,,,
vus_max,1780770948,50.000000,,,,,,,,,,,,,,,,
http_reqs,1780770949,1.000000,,,,true,,GET,LandingPage,HTTP/1.1,default,,200,,,LandingPage,,
http_req_duration,1780770949,11639.598100,,,,true,,GET,LandingPage,HTTP/1.1,default,,200,,,LandingPage,,
http_req_blocked,1780770949,0.000000,,,,true,,GET,LandingPage,HTTP/1.1,default,,200,,,LandingPage,,
http_req_connecting,1780770949,0.000000,,,,true,,GET,LandingPage,HTTP/1.1,default,,200,,,LandingPage,,
http_req_tls_handshaking,1780770949,0.000000,,,,true,,GET,LandingPage,HTTP/1.1,default,,200,,,LandingPage,,
http_req_sending,1780770949,0.000000,,,,true,,GET,LandingPage,HTTP/1.1,default,,200,,,LandingPage,,
http_req_waiting,1780770949,11636.402500,,,,true,,GET,LandingPage,HTTP/1.1,default,,200,,,LandingPage,,
http_req_receiving,1780770949,3.195600,,,,true,,GET,LandingPage,HTTP/1.1,default,,200,,,LandingPage,,
http_req_failed,1780770949,0.000000,,,,true,,GET,LandingPage,HTTP/1.1,default,,200,,,LandingPage,,
checks,1780770949,1.000000,Home page status is 200,,,,,,,,default,,,,,,,
http_reqs,1780770949,1.000000,,,,true,,GET,LandingPage,HTTP/1.1,default,,200,,,LandingPage,,
http_req_duration,1780770949,9010.318800,,,,true,,GET,LandingPage,HTTP/1.1,default,,200,,,LandingPage,,
http_req_blocked,1780770949,1.629300,,,,true,,GET,LandingPage,HTTP/1.1,default,,200,,,LandingPage,,
http_req_connecting,1780770949,1.629300,,,,true,,GET,LandingPage,HTTP/1.1,default,,200,,,LandingPage,,
http_req_tls_handshaking,1780770949,0.000000,,,,true,,GET,LandingPage,HTTP/1.1,default,,200,,,LandingPage,,
http_req_sending,1780770949,0.500700,,,,true,,GET,LandingPage,HTTP/1.1,default,,200,,,LandingPage,,
http_req_waiting,1780770949,9008.264100,,,,true,,GET,LandingPage,HTTP/1.1,default,,200,,,LandingPage,,
http_req_receiving,1780770949,1.554000,,,,true,,GET,LandingPage,HTTP/1.1,default,,200,,,LandingPage,,
http_req_failed,1780770949,0.000000,,,,true,,GET,LandingPage,HTTP/1.1,default,,200,,,LandingPage,,
checks,1780770949,1.000000,Home page status is 200,,,,,,,,default,,,,,,,
vus,1780770949,25.000000,,,,,,,,,,,,,,,,
vus_max,1780770949,50.000000,,,,,,,,,,,,,,,,
http_reqs,1780770949,1.000000,,,,true,,GET,LandingPage,HTTP/1.1,default,,200,,,LandingPage,,
http_req_duration,1780770949,3424.481600,,,,true,,GET,LandingPage,HTTP/1.1,default,,200,,,LandingPage,,
http_req_blocked,1780770949,1.591700,,,,true,,GET,LandingPage,HTTP/1.1,default,,200,,,LandingPage,,
http_req_connecting,1780770949,1.591700,,,,true,,GET,LandingPage,HTTP/1.1,default,,200,,,LandingPage,,
http_req_tls_handshaking,1780770949,0.000000,,,,true,,GET,LandingPage,HTTP/1.1,default,,200,,,LandingPage,,
http_req_sending,1780770949,0.000000,,,,true,,GET,LandingPage,HTTP/1.1,default,,200,,,LandingPage,,
http_req_waiting,1780770949,3423.266400,,,,true,,GET,LandingPage,HTTP/1.1,default,,200,,,LandingPage,,
http_req_receiving,1780770949,1.215200,,,,true,,GET,LandingPage,HTTP/1.1,default,,200,,,LandingPage,,
http_req_failed,1780770949,0.000000,,,,true,,GET,LandingPage,HTTP/1.1,default,,200,,,LandingPage,,
checks,1780770949,1.000000,Home page status is 200,,,,,,,,default,,,,,,,
vus,1780770950,25.000000,,,,,,,,,,,,,,,,
vus_max,1780770950,50.000000,,,,,,,,,,,,,,,,
vus,1780770951,25.000000,,,,,,,,,,,,,,,,
vus_max,1780770951,50.000000,,,,,,,,,,,,,,,,
latency_cold_start,1780770952,1778.000000,,,,,,,,,default,,,,,,,
http_reqs,1780770952,1.000000,,,,true,,GET,PublicCatalog,HTTP/1.1,default,,200,,,PublicCatalog,,
http_req_duration,1780770952,15926.847700,,,,true,,GET,PublicCatalog,HTTP/1.1,default,,200,,,PublicCatalog,,
http_req_blocked,1780770952,0.000000,,,,true,,GET,PublicCatalog,HTTP/1.1,default,,200,,,PublicCatalog,,
http_req_connecting,1780770952,0.000000,,,,true,,GET,PublicCatalog,HTTP/1.1,default,,200,,,PublicCatalog,,
http_req_tls_handshaking,1780770952,0.000000,,,,true,,GET,PublicCatalog,HTTP/1.1,default,,200,,,PublicCatalog,,
http_req_sending,1780770952,0.000000,,,,true,,GET,PublicCatalog,HTTP/1.1,default,,200,,,PublicCatalog,,
http_req_waiting,1780770952,15923.756100,,,,true,,GET,PublicCatalog,HTTP/1.1,default,,200,,,PublicCatalog,,
http_req_receiving,1780770952,3.091600,,,,true,,GET,PublicCatalog,HTTP/1.1,default,,200,,,PublicCatalog,,
http_req_failed,1780770952,0.000000,,,,true,,GET,PublicCatalog,HTTP/1.1,default,,200,,,PublicCatalog,,
checks,1780770952,1.000000,Catalog page status is 200,,,,,,,,default,,,,,,,
vus,1780770952,26.000000,,,,,,,,,,,,,,,,
vus_max,1780770952,50.000000,,,,,,,,,,,,,,,,
http_reqs,1780770953,1.000000,,,,true,,GET,PublicCatalog,HTTP/1.1,default,,200,,,PublicCatalog,,
http_req_duration,1780770953,13020.716600,,,,true,,GET,PublicCatalog,HTTP/1.1,default,,200,,,PublicCatalog,,
http_req_blocked,1780770953,0.000000,,,,true,,GET,PublicCatalog,HTTP/1.1,default,,200,,,PublicCatalog,,
http_req_connecting,1780770953,0.000000,,,,true,,GET,PublicCatalog,HTTP/1.1,default,,200,,,PublicCatalog,,
http_req_tls_handshaking,1780770953,0.000000,,,,true,,GET,PublicCatalog,HTTP/1.1,default,,200,,,PublicCatalog,,
http_req_sending,1780770953,0.000000,,,,true,,GET,PublicCatalog,HTTP/1.1,default,,200,,,PublicCatalog,,
http_req_waiting,1780770953,13018.826500,,,,true,,GET,PublicCatalog,HTTP/1.1,default,,200,,,PublicCatalog,,
http_req_receiving,1780770953,1.890100,,,,true,,GET,PublicCatalog,HTTP/1.1,default,,200,,,PublicCatalog,,
http_req_failed,1780770953,0.000000,,,,true,,GET,PublicCatalog,HTTP/1.1,default,,200,,,PublicCatalog,,
checks,1780770953,1.000000,Catalog page status is 200,,,,,,,,default,,,,,,,
vus,1780770953,26.000000,,,,,,,,,,,,,,,,
vus_max,1780770953,50.000000,,,,,,,,,,,,,,,,
http_reqs,1780770953,1.000000,,,,true,,GET,PublicCatalog,HTTP/1.1,default,,200,,,PublicCatalog,,
http_req_duration,1780770953,20840.640900,,,,true,,GET,PublicCatalog,HTTP/1.1,default,,200,,,PublicCatalog,,
http_req_blocked,1780770953,0.000000,,,,true,,GET,PublicCatalog,HTTP/1.1,default,,200,,,PublicCatalog,,
http_req_connecting,1780770953,0.000000,,,,true,,GET,PublicCatalog,HTTP/1.1,default,,200,,,PublicCatalog,,
http_req_tls_handshaking,1780770953,0.000000,,,,true,,GET,PublicCatalog,HTTP/1.1,default,,200,,,PublicCatalog,,
http_req_sending,1780770953,0.949100,,,,true,,GET,PublicCatalog,HTTP/1.1,default,,200,,,PublicCatalog,,
http_req_waiting,1780770953,20839.179300,,,,true,,GET,PublicCatalog,HTTP/1.1,default,,200,,,PublicCatalog,,
http_req_receiving,1780770953,0.512500,,,,true,,GET,PublicCatalog,HTTP/1.1,default,,200,,,PublicCatalog,,
http_req_failed,1780770953,0.000000,,,,true,,GET,PublicCatalog,HTTP/1.1,default,,200,,,PublicCatalog,,
checks,1780770953,1.000000,Catalog page status is 200,,,,,,,,default,,,,,,,
http_reqs,1780770954,1.000000,,,,true,,GET,PublicCatalog,HTTP/1.1,default,,200,,,PublicCatalog,,
http_req_duration,1780770954,12439.803800,,,,true,,GET,PublicCatalog,HTTP/1.1,default,,200,,,PublicCatalog,,
http_req_blocked,1780770954,0.000000,,,,true,,GET,PublicCatalog,HTTP/1.1,default,,200,,,PublicCatalog,,
http_req_connecting,1780770954,0.000000,,,,true,,GET,PublicCatalog,HTTP/1.1,default,,200,,,PublicCatalog,,
http_req_tls_handshaking,1780770954,0.000000,,,,true,,GET,PublicCatalog,HTTP/1.1,default,,200,,,PublicCatalog,,
http_req_sending,1780770954,0.000000,,,,true,,GET,PublicCatalog,HTTP/1.1,default,,200,,,PublicCatalog,,
http_req_waiting,1780770954,12439.138300,,,,true,,GET,PublicCatalog,HTTP/1.1,default,,200,,,PublicCatalog,,
http_req_receiving,1780770954,0.665500,,,,true,,GET,PublicCatalog,HTTP/1.1,default,,200,,,PublicCatalog,,
http_req_failed,1780770954,0.000000,,,,true,,GET,PublicCatalog,HTTP/1.1,default,,200,,,PublicCatalog,,
checks,1780770954,1.000000,Catalog page status is 200,,,,,,,,default,,,,,,,
http_reqs,1780770954,1.000000,,,,true,,GET,PublicCatalog,HTTP/1.1,default,,200,,,PublicCatalog,,
http_req_duration,1780770954,9227.326300,,,,true,,GET,PublicCatalog,HTTP/1.1,default,,200,,,PublicCatalog,,
http_req_blocked,1780770954,0.000000,,,,true,,GET,PublicCatalog,HTTP/1.1,default,,200,,,PublicCatalog,,
http_req_connecting,1780770954,0.000000,,,,true,,GET,PublicCatalog,HTTP/1.1,default,,200,,,PublicCatalog,,
http_req_tls_handshaking,1780770954,0.000000,,,,true,,GET,PublicCatalog,HTTP/1.1,default,,200,,,PublicCatalog,,
http_req_sending,1780770954,0.000000,,,,true,,GET,PublicCatalog,HTTP/1.1,default,,200,,,PublicCatalog,,
http_req_waiting,1780770954,9226.703800,,,,true,,GET,PublicCatalog,HTTP/1.1,default,,200,,,PublicCatalog,,
http_req_receiving,1780770954,0.622500,,,,true,,GET,PublicCatalog,HTTP/1.1,default,,200,,,PublicCatalog,,
http_req_failed,1780770954,0.000000,,,,true,,GET,PublicCatalog,HTTP/1.1,default,,200,,,PublicCatalog,,
checks,1780770954,1.000000,Catalog page status is 200,,,,,,,,default,,,,,,,
vus,1780770954,26.000000,,,,,,,,,,,,,,,,
vus_max,1780770954,50.000000,,,,,,,,,,,,,,,,
http_reqs,1780770954,1.000000,,,,true,,GET,BookDetailsJoin,HTTP/1.1,default,,200,,,BookDetailsJoin,,
http_req_duration,1780770954,16732.915300,,,,true,,GET,BookDetailsJoin,HTTP/1.1,default,,200,,,BookDetailsJoin,,
http_req_blocked,1780770954,0.000000,,,,true,,GET,BookDetailsJoin,HTTP/1.1,default,,200,,,BookDetailsJoin,,
http_req_connecting,1780770954,0.000000,,,,true,,GET,BookDetailsJoin,HTTP/1.1,default,,200,,,BookDetailsJoin,,
http_req_tls_handshaking,1780770954,0.000000,,,,true,,GET,BookDetailsJoin,HTTP/1.1,default,,200,,,BookDetailsJoin,,
http_req_sending,1780770954,0.000000,,,,true,,GET,BookDetailsJoin,HTTP/1.1,default,,200,,,BookDetailsJoin,,
http_req_waiting,1780770954,16731.837400,,,,true,,GET,BookDetailsJoin,HTTP/1.1,default,,200,,,BookDetailsJoin,,
http_req_receiving,1780770954,1.077900,,,,true,,GET,BookDetailsJoin,HTTP/1.1,default,,200,,,BookDetailsJoin,,
http_req_failed,1780770954,0.000000,,,,true,,GET,BookDetailsJoin,HTTP/1.1,default,,200,,,BookDetailsJoin,,
checks,1780770954,1.000000,Book details status is 200,,,,,,,,default,,,,,,,
http_reqs,1780770954,1.000000,,,,true,,GET,BookDetailsJoin,HTTP/1.1,default,,200,,,BookDetailsJoin,,
http_req_duration,1780770954,12962.024800,,,,true,,GET,BookDetailsJoin,HTTP/1.1,default,,200,,,BookDetailsJoin,,
http_req_blocked,1780770954,0.000000,,,,true,,GET,BookDetailsJoin,HTTP/1.1,default,,200,,,BookDetailsJoin,,
http_req_connecting,1780770954,0.000000,,,,true,,GET,BookDetailsJoin,HTTP/1.1,default,,200,,,BookDetailsJoin,,
http_req_tls_handshaking,1780770954,0.000000,,,,true,,GET,BookDetailsJoin,HTTP/1.1,default,,200,,,BookDetailsJoin,,
http_req_sending,1780770954,0.000000,,,,true,,GET,BookDetailsJoin,HTTP/1.1,default,,200,,,BookDetailsJoin,,
http_req_waiting,1780770954,12960.419000,,,,true,,GET,BookDetailsJoin,HTTP/1.1,default,,200,,,BookDetailsJoin,,
http_req_receiving,1780770954,1.605800,,,,true,,GET,BookDetailsJoin,HTTP/1.1,default,,200,,,BookDetailsJoin,,
http_req_failed,1780770954,0.000000,,,,true,,GET,BookDetailsJoin,HTTP/1.1,default,,200,,,BookDetailsJoin,,
checks,1780770954,1.000000,Book details status is 200,,,,,,,,default,,,,,,,
http_reqs,1780770955,1.000000,,,,true,,GET,BookDetailsJoin,HTTP/1.1,default,,200,,,BookDetailsJoin,,
http_req_duration,1780770955,20785.548000,,,,true,,GET,BookDetailsJoin,HTTP/1.1,default,,200,,,BookDetailsJoin,,
http_req_blocked,1780770955,0.000000,,,,true,,GET,BookDetailsJoin,HTTP/1.1,default,,200,,,BookDetailsJoin,,
http_req_connecting,1780770955,0.000000,,,,true,,GET,BookDetailsJoin,HTTP/1.1,default,,200,,,BookDetailsJoin,,
http_req_tls_handshaking,1780770955,0.000000,,,,true,,GET,BookDetailsJoin,HTTP/1.1,default,,200,,,BookDetailsJoin,,
http_req_sending,1780770955,0.000000,,,,true,,GET,BookDetailsJoin,HTTP/1.1,default,,200,,,BookDetailsJoin,,
http_req_waiting,1780770955,20784.503400,,,,true,,GET,BookDetailsJoin,HTTP/1.1,default,,200,,,BookDetailsJoin,,
http_req_receiving,1780770955,1.044600,,,,true,,GET,BookDetailsJoin,HTTP/1.1,default,,200,,,BookDetailsJoin,,
http_req_failed,1780770955,0.000000,,,,true,,GET,BookDetailsJoin,HTTP/1.1,default,,200,,,BookDetailsJoin,,
checks,1780770955,1.000000,Book details status is 200,,,,,,,,default,,,,,,,
vus,1780770955,26.000000,,,,,,,,,,,,,,,,
vus_max,1780770955,50.000000,,,,,,,,,,,,,,,,
http_reqs,1780770955,1.000000,,,,true,,GET,PublicCatalog,HTTP/1.1,default,,200,,,PublicCatalog,,
http_req_duration,1780770955,8041.799000,,,,true,,GET,PublicCatalog,HTTP/1.1,default,,200,,,PublicCatalog,,
http_req_blocked,1780770955,0.000000,,,,true,,GET,PublicCatalog,HTTP/1.1,default,,200,,,PublicCatalog,,
http_req_connecting,1780770955,0.000000,,,,true,,GET,PublicCatalog,HTTP/1.1,default,,200,,,PublicCatalog,,
http_req_tls_handshaking,1780770955,0.000000,,,,true,,GET,PublicCatalog,HTTP/1.1,default,,200,,,PublicCatalog,,
http_req_sending,1780770955,0.000000,,,,true,,GET,PublicCatalog,HTTP/1.1,default,,200,,,PublicCatalog,,
http_req_waiting,1780770955,8040.544300,,,,true,,GET,PublicCatalog,HTTP/1.1,default,,200,,,PublicCatalog,,
http_req_receiving,1780770955,1.254700,,,,true,,GET,PublicCatalog,HTTP/1.1,default,,200,,,PublicCatalog,,
http_req_failed,1780770955,0.000000,,,,true,,GET,PublicCatalog,HTTP/1.1,default,,200,,,PublicCatalog,,
checks,1780770955,1.000000,Catalog page status is 200,,,,,,,,default,,,,,,,
http_reqs,1780770956,1.000000,,,,true,,GET,PublicCatalog,HTTP/1.1,default,,200,,,PublicCatalog,,
http_req_duration,1780770956,22916.465000,,,,true,,GET,PublicCatalog,HTTP/1.1,default,,200,,,PublicCatalog,,
http_req_blocked,1780770956,0.000000,,,,true,,GET,PublicCatalog,HTTP/1.1,default,,200,,,PublicCatalog,,
http_req_connecting,1780770956,0.000000,,,,true,,GET,PublicCatalog,HTTP/1.1,default,,200,,,PublicCatalog,,
http_req_tls_handshaking,1780770956,0.000000,,,,true,,GET,PublicCatalog,HTTP/1.1,default,,200,,,PublicCatalog,,
http_req_sending,1780770956,0.000000,,,,true,,GET,PublicCatalog,HTTP/1.1,default,,200,,,PublicCatalog,,
http_req_waiting,1780770956,22915.936200,,,,true,,GET,PublicCatalog,HTTP/1.1,default,,200,,,PublicCatalog,,
http_req_receiving,1780770956,0.528800,,,,true,,GET,PublicCatalog,HTTP/1.1,default,,200,,,PublicCatalog,,
http_req_failed,1780770956,0.000000,,,,true,,GET,PublicCatalog,HTTP/1.1,default,,200,,,PublicCatalog,,
checks,1780770956,1.000000,Catalog page status is 200,,,,,,,,default,,,,,,,
vus,1780770956,26.000000,,,,,,,,,,,,,,,,
vus_max,1780770956,50.000000,,,,,,,,,,,,,,,,
http_reqs,1780770956,1.000000,,,,true,,GET,BookDetailsJoin,HTTP/1.1,default,,200,,,BookDetailsJoin,,
http_req_duration,1780770956,18019.190500,,,,true,,GET,BookDetailsJoin,HTTP/1.1,default,,200,,,BookDetailsJoin,,
http_req_blocked,1780770956,0.000000,,,,true,,GET,BookDetailsJoin,HTTP/1.1,default,,200,,,BookDetailsJoin,,
http_req_connecting,1780770956,0.000000,,,,true,,GET,BookDetailsJoin,HTTP/1.1,default,,200,,,BookDetailsJoin,,
http_req_tls_handshaking,1780770956,0.000000,,,,true,,GET,BookDetailsJoin,HTTP/1.1,default,,200,,,BookDetailsJoin,,
http_req_sending,1780770956,0.514300,,,,true,,GET,BookDetailsJoin,HTTP/1.1,default,,200,,,BookDetailsJoin,,
http_req_waiting,1780770956,18017.180700,,,,true,,GET,BookDetailsJoin,HTTP/1.1,default,,200,,,BookDetailsJoin,,
http_req_receiving,1780770956,1.495500,,,,true,,GET,BookDetailsJoin,HTTP/1.1,default,,200,,,BookDetailsJoin,,
http_req_failed,1780770956,0.000000,,,,true,,GET,BookDetailsJoin,HTTP/1.1,default,,200,,,BookDetailsJoin,,
checks,1780770956,1.000000,Book details status is 200,,,,,,,,default,,,,,,,
http_reqs,1780770956,1.000000,,,,true,,GET,BookDetailsJoin,HTTP/1.1,default,,200,,,BookDetailsJoin,,
http_req_duration,1780770956,17148.852300,,,,true,,GET,BookDetailsJoin,HTTP/1.1,default,,200,,,BookDetailsJoin,,
http_req_blocked,1780770956,0.000000,,,,true,,GET,BookDetailsJoin,HTTP/1.1,default,,200,,,BookDetailsJoin,,
http_req_connecting,1780770956,0.000000,,,,true,,GET,BookDetailsJoin,HTTP/1.1,default,,200,,,BookDetailsJoin,,
http_req_tls_handshaking,1780770956,0.000000,,,,true,,GET,BookDetailsJoin,HTTP/1.1,default,,200,,,BookDetailsJoin,,
http_req_sending,1780770956,0.000000,,,,true,,GET,BookDetailsJoin,HTTP/1.1,default,,200,,,BookDetailsJoin,,
http_req_waiting,1780770956,17148.852300,,,,true,,GET,BookDetailsJoin,HTTP/1.1,default,,200,,,BookDetailsJoin,,
http_req_receiving,1780770956,0.000000,,,,true,,GET,BookDetailsJoin,HTTP/1.1,default,,200,,,BookDetailsJoin,,
http_req_failed,1780770956,0.000000,,,,true,,GET,BookDetailsJoin,HTTP/1.1,default,,200,,,BookDetailsJoin,,
checks,1780770956,1.000000,Book details status is 200,,,,,,,,default,,,,,,,
http_reqs,1780770957,1.000000,,,,true,,GET,PublicCatalog,HTTP/1.1,default,,200,,,PublicCatalog,,
http_req_duration,1780770957,11141.524700,,,,true,,GET,PublicCatalog,HTTP/1.1,default,,200,,,PublicCatalog,,
http_req_blocked,1780770957,1.024100,,,,true,,GET,PublicCatalog,HTTP/1.1,default,,200,,,PublicCatalog,,
http_req_connecting,1780770957,0.000000,,,,true,,GET,PublicCatalog,HTTP/1.1,default,,200,,,PublicCatalog,,
http_req_tls_handshaking,1780770957,0.000000,,,,true,,GET,PublicCatalog,HTTP/1.1,default,,200,,,PublicCatalog,,
http_req_sending,1780770957,0.000000,,,,true,,GET,PublicCatalog,HTTP/1.1,default,,200,,,PublicCatalog,,
http_req_waiting,1780770957,11140.725000,,,,true,,GET,PublicCatalog,HTTP/1.1,default,,200,,,PublicCatalog,,
http_req_receiving,1780770957,0.799700,,,,true,,GET,PublicCatalog,HTTP/1.1,default,,200,,,PublicCatalog,,
http_req_failed,1780770957,0.000000,,,,true,,GET,PublicCatalog,HTTP/1.1,default,,200,,,PublicCatalog,,
checks,1780770957,1.000000,Catalog page status is 200,,,,,,,,default,,,,,,,
vus,1780770957,26.000000,,,,,,,,,,,,,,,,
vus_max,1780770957,50.000000,,,,,,,,,,,,,,,,
data_sent,1780770957,264.000000,,,,,,,,,default,,,,,,,
data_received,1780770957,110271.000000,,,,,,,,,default,,,,,,,
iteration_duration,1780770957,33682.712800,,,,,,,,,default,,,,,,,
iterations,1780770957,1.000000,,,,,,,,,default,,,,,,,
data_sent,1780770957,264.000000,,,,,,,,,default,,,,,,,
data_received,1780770957,110090.000000,,,,,,,,,default,,,,,,,
iteration_duration,1780770957,33558.391000,,,,,,,,,default,,,,,,,
iterations,1780770957,1.000000,,,,,,,,,default,,,,,,,
http_reqs,1780770957,1.000000,,,,true,,GET,PublicCatalog,HTTP/1.1,default,,200,,,PublicCatalog,,
http_req_duration,1780770957,9495.119100,,,,true,,GET,PublicCatalog,HTTP/1.1,default,,200,,,PublicCatalog,,
http_req_blocked,1780770957,0.000000,,,,true,,GET,PublicCatalog,HTTP/1.1,default,,200,,,PublicCatalog,,
http_req_connecting,1780770957,0.000000,,,,true,,GET,PublicCatalog,HTTP/1.1,default,,200,,,PublicCatalog,,
http_req_tls_handshaking,1780770957,0.000000,,,,true,,GET,PublicCatalog,HTTP/1.1,default,,200,,,PublicCatalog,,
http_req_sending,1780770957,2.909500,,,,true,,GET,PublicCatalog,HTTP/1.1,default,,200,,,PublicCatalog,,
http_req_waiting,1780770957,9491.205800,,,,true,,GET,PublicCatalog,HTTP/1.1,default,,200,,,PublicCatalog,,
http_req_receiving,1780770957,1.003800,,,,true,,GET,PublicCatalog,HTTP/1.1,default,,200,,,PublicCatalog,,
http_req_failed,1780770957,0.000000,,,,true,,GET,PublicCatalog,HTTP/1.1,default,,200,,,PublicCatalog,,
checks,1780770957,1.000000,Catalog page status is 200,,,,,,,,default,,,,,,,
data_sent,1780770958,264.000000,,,,,,,,,default,,,,,,,
data_received,1780770958,110157.000000,,,,,,,,,default,,,,,,,
iteration_duration,1780770958,39296.061900,,,,,,,,,default,,,,,,,
iterations,1780770958,1.000000,,,,,,,,,default,,,,,,,
latency_cold_start,1780770958,1778.000000,,,,,,,,,default,,,,,,,
http_reqs,1780770958,1.000000,,,,true,,GET,PublicCatalog,HTTP/1.1,default,,200,,,PublicCatalog,,
http_req_duration,1780770958,14022.930200,,,,true,,GET,PublicCatalog,HTTP/1.1,default,,200,,,PublicCatalog,,
http_req_blocked,1780770958,0.000000,,,,true,,GET,PublicCatalog,HTTP/1.1,default,,200,,,PublicCatalog,,
http_req_connecting,1780770958,0.000000,,,,true,,GET,PublicCatalog,HTTP/1.1,default,,200,,,PublicCatalog,,
http_req_tls_handshaking,1780770958,0.000000,,,,true,,GET,PublicCatalog,HTTP/1.1,default,,200,,,PublicCatalog,,
http_req_sending,1780770958,0.000000,,,,true,,GET,PublicCatalog,HTTP/1.1,default,,200,,,PublicCatalog,,
http_req_waiting,1780770958,14022.930200,,,,true,,GET,PublicCatalog,HTTP/1.1,default,,200,,,PublicCatalog,,
http_req_receiving,1780770958,0.000000,,,,true,,GET,PublicCatalog,HTTP/1.1,default,,200,,,PublicCatalog,,
http_req_failed,1780770958,0.000000,,,,true,,GET,PublicCatalog,HTTP/1.1,default,,200,,,PublicCatalog,,
checks,1780770958,1.000000,Catalog page status is 200,,,,,,,,default,,,,,,,
vus,1780770958,27.000000,,,,,,,,,,,,,,,,
vus_max,1780770958,50.000000,,,,,,,,,,,,,,,,
http_reqs,1780770959,1.000000,,,,true,,GET,PublicCatalog,HTTP/1.1,default,,200,,,PublicCatalog,,
http_req_duration,1780770959,10272.201400,,,,true,,GET,PublicCatalog,HTTP/1.1,default,,200,,,PublicCatalog,,
http_req_blocked,1780770959,0.000000,,,,true,,GET,PublicCatalog,HTTP/1.1,default,,200,,,PublicCatalog,,
http_req_connecting,1780770959,0.000000,,,,true,,GET,PublicCatalog,HTTP/1.1,default,,200,,,PublicCatalog,,
http_req_tls_handshaking,1780770959,0.000000,,,,true,,GET,PublicCatalog,HTTP/1.1,default,,200,,,PublicCatalog,,
http_req_sending,1780770959,0.000000,,,,true,,GET,PublicCatalog,HTTP/1.1,default,,200,,,PublicCatalog,,
http_req_waiting,1780770959,10272.201400,,,,true,,GET,PublicCatalog,HTTP/1.1,default,,200,,,PublicCatalog,,
http_req_receiving,1780770959,0.000000,,,,true,,GET,PublicCatalog,HTTP/1.1,default,,200,,,PublicCatalog,,
http_req_failed,1780770959,0.000000,,,,true,,GET,PublicCatalog,HTTP/1.1,default,,200,,,PublicCatalog,,
checks,1780770959,1.000000,Catalog page status is 200,,,,,,,,default,,,,,,,
vus,1780770959,27.000000,,,,,,,,,,,,,,,,
vus_max,1780770959,50.000000,,,,,,,,,,,,,,,,
data_sent,1780770959,264.000000,,,,,,,,,default,,,,,,,
data_received,1780770959,110696.000000,,,,,,,,,default,,,,,,,
iteration_duration,1780770959,35531.714000,,,,,,,,,default,,,,,,,
iterations,1780770959,1.000000,,,,,,,,,default,,,,,,,
data_sent,1780770959,264.000000,,,,,,,,,default,,,,,,,
data_received,1780770959,110537.000000,,,,,,,,,default,,,,,,,
iteration_duration,1780770959,37511.314800,,,,,,,,,default,,,,,,,
iterations,1780770959,1.000000,,,,,,,,,default,,,,,,,
http_reqs,1780770960,1.000000,,,,true,,GET,PublicCatalog,HTTP/1.1,default,,200,,,PublicCatalog,,
http_req_duration,1780770960,24084.765900,,,,true,,GET,PublicCatalog,HTTP/1.1,default,,200,,,PublicCatalog,,
http_req_blocked,1780770960,0.000000,,,,true,,GET,PublicCatalog,HTTP/1.1,default,,200,,,PublicCatalog,,
http_req_connecting,1780770960,0.000000,,,,true,,GET,PublicCatalog,HTTP/1.1,default,,200,,,PublicCatalog,,
http_req_tls_handshaking,1780770960,0.000000,,,,true,,GET,PublicCatalog,HTTP/1.1,default,,200,,,PublicCatalog,,
http_req_sending,1780770960,0.000000,,,,true,,GET,PublicCatalog,HTTP/1.1,default,,200,,,PublicCatalog,,
http_req_waiting,1780770960,24068.200100,,,,true,,GET,PublicCatalog,HTTP/1.1,default,,200,,,PublicCatalog,,
http_req_receiving,1780770960,16.565800,,,,true,,GET,PublicCatalog,HTTP/1.1,default,,200,,,PublicCatalog,,
http_req_failed,1780770960,0.000000,,,,true,,GET,PublicCatalog,HTTP/1.1,default,,200,,,PublicCatalog,,
checks,1780770960,1.000000,Catalog page status is 200,,,,,,,,default,,,,,,,
vus,1780770960,27.000000,,,,,,,,,,,,,,,,
vus_max,1780770960,50.000000,,,,,,,,,,,,,,,,
http_reqs,1780770960,1.000000,,,,true,,GET,PublicCatalog,HTTP/1.1,default,,200,,,PublicCatalog,,
http_req_duration,1780770960,14045.579900,,,,true,,GET,PublicCatalog,HTTP/1.1,default,,200,,,PublicCatalog,,
http_req_blocked,1780770960,0.000000,,,,true,,GET,PublicCatalog,HTTP/1.1,default,,200,,,PublicCatalog,,
http_req_connecting,1780770960,0.000000,,,,true,,GET,PublicCatalog,HTTP/1.1,default,,200,,,PublicCatalog,,
http_req_tls_handshaking,1780770960,0.000000,,,,true,,GET,PublicCatalog,HTTP/1.1,default,,200,,,PublicCatalog,,
http_req_sending,1780770960,0.000000,,,,true,,GET,PublicCatalog,HTTP/1.1,default,,200,,,PublicCatalog,,
http_req_waiting,1780770960,14037.236000,,,,true,,GET,PublicCatalog,HTTP/1.1,default,,200,,,PublicCatalog,,
http_req_receiving,1780770960,8.343900,,,,true,,GET,PublicCatalog,HTTP/1.1,default,,200,,,PublicCatalog,,
http_req_failed,1780770960,0.000000,,,,true,,GET,PublicCatalog,HTTP/1.1,default,,200,,,PublicCatalog,,
checks,1780770960,1.000000,Catalog page status is 200,,,,,,,,default,,,,,,,
vus,1780770961,27.000000,,,,,,,,,,,,,,,,
vus_max,1780770961,50.000000,,,,,,,,,,,,,,,,
vus,1780770962,27.000000,,,,,,,,,,,,,,,,
vus_max,1780770962,50.000000,,,,,,,,,,,,,,,,
http_reqs,1780770962,1.000000,,,,true,,GET,PublicCatalog,HTTP/1.1,default,,200,,,PublicCatalog,,
http_req_duration,1780770962,14740.013400,,,,true,,GET,PublicCatalog,HTTP/1.1,default,,200,,,PublicCatalog,,
http_req_blocked,1780770962,0.000000,,,,true,,GET,PublicCatalog,HTTP/1.1,default,,200,,,PublicCatalog,,
http_req_connecting,1780770962,0.000000,,,,true,,GET,PublicCatalog,HTTP/1.1,default,,200,,,PublicCatalog,,
http_req_tls_handshaking,1780770962,0.000000,,,,true,,GET,PublicCatalog,HTTP/1.1,default,,200,,,PublicCatalog,,
http_req_sending,1780770962,0.000000,,,,true,,GET,PublicCatalog,HTTP/1.1,default,,200,,,PublicCatalog,,
http_req_waiting,1780770962,14738.307900,,,,true,,GET,PublicCatalog,HTTP/1.1,default,,200,,,PublicCatalog,,
http_req_receiving,1780770962,1.705500,,,,true,,GET,PublicCatalog,HTTP/1.1,default,,200,,,PublicCatalog,,
http_req_failed,1780770962,0.000000,,,,true,,GET,PublicCatalog,HTTP/1.1,default,,200,,,PublicCatalog,,
checks,1780770962,1.000000,Catalog page status is 200,,,,,,,,default,,,,,,,
http_reqs,1780770963,1.000000,,,,true,,GET,PublicCatalog,HTTP/1.1,default,,200,,,PublicCatalog,,
http_req_duration,1780770963,13942.503800,,,,true,,GET,PublicCatalog,HTTP/1.1,default,,200,,,PublicCatalog,,
http_req_blocked,1780770963,0.000000,,,,true,,GET,PublicCatalog,HTTP/1.1,default,,200,,,PublicCatalog,,
http_req_connecting,1780770963,0.000000,,,,true,,GET,PublicCatalog,HTTP/1.1,default,,200,,,PublicCatalog,,
http_req_tls_handshaking,1780770963,0.000000,,,,true,,GET,PublicCatalog,HTTP/1.1,default,,200,,,PublicCatalog,,
http_req_sending,1780770963,0.000000,,,,true,,GET,PublicCatalog,HTTP/1.1,default,,200,,,PublicCatalog,,
http_req_waiting,1780770963,13939.590300,,,,true,,GET,PublicCatalog,HTTP/1.1,default,,200,,,PublicCatalog,,
http_req_receiving,1780770963,2.913500,,,,true,,GET,PublicCatalog,HTTP/1.1,default,,200,,,PublicCatalog,,
http_req_failed,1780770963,0.000000,,,,true,,GET,PublicCatalog,HTTP/1.1,default,,200,,,PublicCatalog,,
checks,1780770963,1.000000,Catalog page status is 200,,,,,,,,default,,,,,,,
vus,1780770963,27.000000,,,,,,,,,,,,,,,,
vus_max,1780770963,50.000000,,,,,,,,,,,,,,,,
http_reqs,1780770964,1.000000,,,,true,,GET,PublicCatalog,HTTP/1.1,default,,200,,,PublicCatalog,,
http_req_duration,1780770964,20626.715700,,,,true,,GET,PublicCatalog,HTTP/1.1,default,,200,,,PublicCatalog,,
http_req_blocked,1780770964,0.000000,,,,true,,GET,PublicCatalog,HTTP/1.1,default,,200,,,PublicCatalog,,
http_req_connecting,1780770964,0.000000,,,,true,,GET,PublicCatalog,HTTP/1.1,default,,200,,,PublicCatalog,,
http_req_tls_handshaking,1780770964,0.000000,,,,true,,GET,PublicCatalog,HTTP/1.1,default,,200,,,PublicCatalog,,
http_req_sending,1780770964,0.000000,,,,true,,GET,PublicCatalog,HTTP/1.1,default,,200,,,PublicCatalog,,
http_req_waiting,1780770964,20623.905900,,,,true,,GET,PublicCatalog,HTTP/1.1,default,,200,,,PublicCatalog,,
http_req_receiving,1780770964,2.809800,,,,true,,GET,PublicCatalog,HTTP/1.1,default,,200,,,PublicCatalog,,
http_req_failed,1780770964,0.000000,,,,true,,GET,PublicCatalog,HTTP/1.1,default,,200,,,PublicCatalog,,
checks,1780770964,1.000000,Catalog page status is 200,,,,,,,,default,,,,,,,
latency_cold_start,1780770964,1778.000000,,,,,,,,,default,,,,,,,
vus,1780770964,28.000000,,,,,,,,,,,,,,,,
vus_max,1780770964,50.000000,,,,,,,,,,,,,,,,
http_reqs,1780770964,1.000000,,,,true,,GET,PublicCatalog,HTTP/1.1,default,,200,,,PublicCatalog,,
http_req_duration,1780770964,20781.185100,,,,true,,GET,PublicCatalog,HTTP/1.1,default,,200,,,PublicCatalog,,
http_req_blocked,1780770964,0.000000,,,,true,,GET,PublicCatalog,HTTP/1.1,default,,200,,,PublicCatalog,,
http_req_connecting,1780770964,0.000000,,,,true,,GET,PublicCatalog,HTTP/1.1,default,,200,,,PublicCatalog,,
http_req_tls_handshaking,1780770964,0.000000,,,,true,,GET,PublicCatalog,HTTP/1.1,default,,200,,,PublicCatalog,,
http_req_sending,1780770964,0.000000,,,,true,,GET,PublicCatalog,HTTP/1.1,default,,200,,,PublicCatalog,,
http_req_waiting,1780770964,20779.653800,,,,true,,GET,PublicCatalog,HTTP/1.1,default,,200,,,PublicCatalog,,
http_req_receiving,1780770964,1.531300,,,,true,,GET,PublicCatalog,HTTP/1.1,default,,200,,,PublicCatalog,,
http_req_failed,1780770964,0.000000,,,,true,,GET,PublicCatalog,HTTP/1.1,default,,200,,,PublicCatalog,,
checks,1780770964,1.000000,Catalog page status is 200,,,,,,,,default,,,,,,,
vus,1780770965,28.000000,,,,,,,,,,,,,,,,
vus_max,1780770965,50.000000,,,,,,,,,,,,,,,,
vus,1780770966,28.000000,,,,,,,,,,,,,,,,
vus_max,1780770966,50.000000,,,,,,,,,,,,,,,,
http_reqs,1780770967,1.000000,,,,true,,GET,LandingPage,HTTP/1.1,default,,200,,,LandingPage,,
http_req_duration,1780770967,14961.641100,,,,true,,GET,LandingPage,HTTP/1.1,default,,200,,,LandingPage,,
http_req_blocked,1780770967,7.919600,,,,true,,GET,LandingPage,HTTP/1.1,default,,200,,,LandingPage,,
http_req_connecting,1780770967,7.919600,,,,true,,GET,LandingPage,HTTP/1.1,default,,200,,,LandingPage,,
http_req_tls_handshaking,1780770967,0.000000,,,,true,,GET,LandingPage,HTTP/1.1,default,,200,,,LandingPage,,
http_req_sending,1780770967,0.000000,,,,true,,GET,LandingPage,HTTP/1.1,default,,200,,,LandingPage,,
http_req_waiting,1780770967,14959.089400,,,,true,,GET,LandingPage,HTTP/1.1,default,,200,,,LandingPage,,
http_req_receiving,1780770967,2.551700,,,,true,,GET,LandingPage,HTTP/1.1,default,,200,,,LandingPage,,
http_req_failed,1780770967,0.000000,,,,true,,GET,LandingPage,HTTP/1.1,default,,200,,,LandingPage,,
checks,1780770967,1.000000,Home page status is 200,,,,,,,,default,,,,,,,
vus,1780770967,28.000000,,,,,,,,,,,,,,,,
vus_max,1780770967,50.000000,,,,,,,,,,,,,,,,
http_reqs,1780770968,1.000000,,,,true,,GET,LandingPage,HTTP/1.1,default,,200,,,LandingPage,,
http_req_duration,1780770968,10698.640200,,,,true,,GET,LandingPage,HTTP/1.1,default,,200,,,LandingPage,,
http_req_blocked,1780770968,0.000000,,,,true,,GET,LandingPage,HTTP/1.1,default,,200,,,LandingPage,,
http_req_connecting,1780770968,0.000000,,,,true,,GET,LandingPage,HTTP/1.1,default,,200,,,LandingPage,,
http_req_tls_handshaking,1780770968,0.000000,,,,true,,GET,LandingPage,HTTP/1.1,default,,200,,,LandingPage,,
http_req_sending,1780770968,0.000000,,,,true,,GET,LandingPage,HTTP/1.1,default,,200,,,LandingPage,,
http_req_waiting,1780770968,10696.857600,,,,true,,GET,LandingPage,HTTP/1.1,default,,200,,,LandingPage,,
http_req_receiving,1780770968,1.782600,,,,true,,GET,LandingPage,HTTP/1.1,default,,200,,,LandingPage,,
http_req_failed,1780770968,0.000000,,,,true,,GET,LandingPage,HTTP/1.1,default,,200,,,LandingPage,,
checks,1780770968,1.000000,Home page status is 200,,,,,,,,default,,,,,,,
vus,1780770968,28.000000,,,,,,,,,,,,,,,,
vus_max,1780770968,50.000000,,,,,,,,,,,,,,,,
http_reqs,1780770968,1.000000,,,,true,,GET,LandingPage,HTTP/1.1,default,,200,,,LandingPage,,
http_req_duration,1780770968,11081.902100,,,,true,,GET,LandingPage,HTTP/1.1,default,,200,,,LandingPage,,
http_req_blocked,1780770968,0.000000,,,,true,,GET,LandingPage,HTTP/1.1,default,,200,,,LandingPage,,
http_req_connecting,1780770968,0.000000,,,,true,,GET,LandingPage,HTTP/1.1,default,,200,,,LandingPage,,
http_req_tls_handshaking,1780770968,0.000000,,,,true,,GET,LandingPage,HTTP/1.1,default,,200,,,LandingPage,,
http_req_sending,1780770968,0.000000,,,,true,,GET,LandingPage,HTTP/1.1,default,,200,,,LandingPage,,
http_req_waiting,1780770968,11081.040800,,,,true,,GET,LandingPage,HTTP/1.1,default,,200,,,LandingPage,,
http_req_receiving,1780770968,0.861300,,,,true,,GET,LandingPage,HTTP/1.1,default,,200,,,LandingPage,,
http_req_failed,1780770968,0.000000,,,,true,,GET,LandingPage,HTTP/1.1,default,,200,,,LandingPage,,
checks,1780770968,1.000000,Home page status is 200,,,,,,,,default,,,,,,,
http_reqs,1780770969,1.000000,,,,true,,GET,LandingPage,HTTP/1.1,default,,200,,,LandingPage,,
http_req_duration,1780770969,11281.124200,,,,true,,GET,LandingPage,HTTP/1.1,default,,200,,,LandingPage,,
http_req_blocked,1780770969,0.000000,,,,true,,GET,LandingPage,HTTP/1.1,default,,200,,,LandingPage,,
http_req_connecting,1780770969,0.000000,,,,true,,GET,LandingPage,HTTP/1.1,default,,200,,,LandingPage,,
http_req_tls_handshaking,1780770969,0.000000,,,,true,,GET,LandingPage,HTTP/1.1,default,,200,,,LandingPage,,
http_req_sending,1780770969,0.000000,,,,true,,GET,LandingPage,HTTP/1.1,default,,200,,,LandingPage,,
http_req_waiting,1780770969,11278.925100,,,,true,,GET,LandingPage,HTTP/1.1,default,,200,,,LandingPage,,
http_req_receiving,1780770969,2.199100,,,,true,,GET,LandingPage,HTTP/1.1,default,,200,,,LandingPage,,
http_req_failed,1780770969,0.000000,,,,true,,GET,LandingPage,HTTP/1.1,default,,200,,,LandingPage,,
checks,1780770969,1.000000,Home page status is 200,,,,,,,,default,,,,,,,
vus,1780770969,28.000000,,,,,,,,,,,,,,,,
vus_max,1780770969,50.000000,,,,,,,,,,,,,,,,
http_reqs,1780770969,1.000000,,,,true,,GET,LandingPage,HTTP/1.1,default,,200,,,LandingPage,,
http_req_duration,1780770969,10362.141500,,,,true,,GET,LandingPage,HTTP/1.1,default,,200,,,LandingPage,,
http_req_blocked,1780770969,0.000000,,,,true,,GET,LandingPage,HTTP/1.1,default,,200,,,LandingPage,,
http_req_connecting,1780770969,0.000000,,,,true,,GET,LandingPage,HTTP/1.1,default,,200,,,LandingPage,,
http_req_tls_handshaking,1780770969,0.000000,,,,true,,GET,LandingPage,HTTP/1.1,default,,200,,,LandingPage,,
http_req_sending,1780770969,0.000000,,,,true,,GET,LandingPage,HTTP/1.1,default,,200,,,LandingPage,,
http_req_waiting,1780770969,10361.461000,,,,true,,GET,LandingPage,HTTP/1.1,default,,200,,,LandingPage,,
http_req_receiving,1780770969,0.680500,,,,true,,GET,LandingPage,HTTP/1.1,default,,200,,,LandingPage,,
http_req_failed,1780770969,0.000000,,,,true,,GET,LandingPage,HTTP/1.1,default,,200,,,LandingPage,,
checks,1780770969,1.000000,Home page status is 200,,,,,,,,default,,,,,,,
latency_cold_start,1780770970,1778.000000,,,,,,,,,default,,,,,,,
http_reqs,1780770970,1.000000,,,,true,,GET,LandingPage,HTTP/1.1,default,,200,,,LandingPage,,
http_req_duration,1780770970,10550.011000,,,,true,,GET,LandingPage,HTTP/1.1,default,,200,,,LandingPage,,
http_req_blocked,1780770970,0.000000,,,,true,,GET,LandingPage,HTTP/1.1,default,,200,,,LandingPage,,
http_req_connecting,1780770970,0.000000,,,,true,,GET,LandingPage,HTTP/1.1,default,,200,,,LandingPage,,
http_req_tls_handshaking,1780770970,0.000000,,,,true,,GET,LandingPage,HTTP/1.1,default,,200,,,LandingPage,,
http_req_sending,1780770970,0.000000,,,,true,,GET,LandingPage,HTTP/1.1,default,,200,,,LandingPage,,
http_req_waiting,1780770970,10548.386500,,,,true,,GET,LandingPage,HTTP/1.1,default,,200,,,LandingPage,,
http_req_receiving,1780770970,1.624500,,,,true,,GET,LandingPage,HTTP/1.1,default,,200,,,LandingPage,,
http_req_failed,1780770970,0.000000,,,,true,,GET,LandingPage,HTTP/1.1,default,,200,,,LandingPage,,
checks,1780770970,1.000000,Home page status is 200,,,,,,,,default,,,,,,,
vus,1780770970,29.000000,,,,,,,,,,,,,,,,
vus_max,1780770970,50.000000,,,,,,,,,,,,,,,,
http_reqs,1780770971,1.000000,,,,true,,GET,LandingPage,HTTP/1.1,default,,200,,,LandingPage,,
http_req_duration,1780770971,12770.821900,,,,true,,GET,LandingPage,HTTP/1.1,default,,200,,,LandingPage,,
http_req_blocked,1780770971,1.354100,,,,true,,GET,LandingPage,HTTP/1.1,default,,200,,,LandingPage,,
http_req_connecting,1780770971,0.838300,,,,true,,GET,LandingPage,HTTP/1.1,default,,200,,,LandingPage,,
http_req_tls_handshaking,1780770971,0.000000,,,,true,,GET,LandingPage,HTTP/1.1,default,,200,,,LandingPage,,
http_req_sending,1780770971,0.000000,,,,true,,GET,LandingPage,HTTP/1.1,default,,200,,,LandingPage,,
http_req_waiting,1780770971,12770.821900,,,,true,,GET,LandingPage,HTTP/1.1,default,,200,,,LandingPage,,
http_req_receiving,1780770971,0.000000,,,,true,,GET,LandingPage,HTTP/1.1,default,,200,,,LandingPage,,
http_req_failed,1780770971,0.000000,,,,true,,GET,LandingPage,HTTP/1.1,default,,200,,,LandingPage,,
checks,1780770971,1.000000,Home page status is 200,,,,,,,,default,,,,,,,
vus,1780770971,29.000000,,,,,,,,,,,,,,,,
vus_max,1780770971,50.000000,,,,,,,,,,,,,,,,
vus,1780770972,29.000000,,,,,,,,,,,,,,,,
vus_max,1780770972,50.000000,,,,,,,,,,,,,,,,
http_reqs,1780770973,1.000000,,,,true,,GET,BookDetailsJoin,HTTP/1.1,default,,200,,,BookDetailsJoin,,
http_req_duration,1780770973,17214.911300,,,,true,,GET,BookDetailsJoin,HTTP/1.1,default,,200,,,BookDetailsJoin,,
http_req_blocked,1780770973,0.000000,,,,true,,GET,BookDetailsJoin,HTTP/1.1,default,,200,,,BookDetailsJoin,,
http_req_connecting,1780770973,0.000000,,,,true,,GET,BookDetailsJoin,HTTP/1.1,default,,200,,,BookDetailsJoin,,
http_req_tls_handshaking,1780770973,0.000000,,,,true,,GET,BookDetailsJoin,HTTP/1.1,default,,200,,,BookDetailsJoin,,
http_req_sending,1780770973,0.000000,,,,true,,GET,BookDetailsJoin,HTTP/1.1,default,,200,,,BookDetailsJoin,,
http_req_waiting,1780770973,17214.911300,,,,true,,GET,BookDetailsJoin,HTTP/1.1,default,,200,,,BookDetailsJoin,,
http_req_receiving,1780770973,0.000000,,,,true,,GET,BookDetailsJoin,HTTP/1.1,default,,200,,,BookDetailsJoin,,
http_req_failed,1780770973,0.000000,,,,true,,GET,BookDetailsJoin,HTTP/1.1,default,,200,,,BookDetailsJoin,,
checks,1780770973,1.000000,Book details status is 200,,,,,,,,default,,,,,,,
vus,1780770973,29.000000,,,,,,,,,,,,,,,,
vus_max,1780770973,50.000000,,,,,,,,,,,,,,,,
http_reqs,1780770973,1.000000,,,,true,,GET,BookDetailsJoin,HTTP/1.1,default,,200,,,BookDetailsJoin,,
http_req_duration,1780770973,18702.697000,,,,true,,GET,BookDetailsJoin,HTTP/1.1,default,,200,,,BookDetailsJoin,,
http_req_blocked,1780770973,0.000000,,,,true,,GET,BookDetailsJoin,HTTP/1.1,default,,200,,,BookDetailsJoin,,
http_req_connecting,1780770973,0.000000,,,,true,,GET,BookDetailsJoin,HTTP/1.1,default,,200,,,BookDetailsJoin,,
http_req_tls_handshaking,1780770973,0.000000,,,,true,,GET,BookDetailsJoin,HTTP/1.1,default,,200,,,BookDetailsJoin,,
http_req_sending,1780770973,0.000000,,,,true,,GET,BookDetailsJoin,HTTP/1.1,default,,200,,,BookDetailsJoin,,
http_req_waiting,1780770973,18696.566100,,,,true,,GET,BookDetailsJoin,HTTP/1.1,default,,200,,,BookDetailsJoin,,
http_req_receiving,1780770973,6.130900,,,,true,,GET,BookDetailsJoin,HTTP/1.1,default,,200,,,BookDetailsJoin,,
http_req_failed,1780770973,0.000000,,,,true,,GET,BookDetailsJoin,HTTP/1.1,default,,200,,,BookDetailsJoin,,
checks,1780770973,1.000000,Book details status is 200,,,,,,,,default,,,,,,,
http_reqs,1780770973,1.000000,,,,true,,GET,BookDetailsJoin,HTTP/1.1,default,,200,,,BookDetailsJoin,,
http_req_duration,1780770973,18146.211800,,,,true,,GET,BookDetailsJoin,HTTP/1.1,default,,200,,,BookDetailsJoin,,
http_req_blocked,1780770973,0.000000,,,,true,,GET,BookDetailsJoin,HTTP/1.1,default,,200,,,BookDetailsJoin,,
http_req_connecting,1780770973,0.000000,,,,true,,GET,BookDetailsJoin,HTTP/1.1,default,,200,,,BookDetailsJoin,,
http_req_tls_handshaking,1780770973,0.000000,,,,true,,GET,BookDetailsJoin,HTTP/1.1,default,,200,,,BookDetailsJoin,,
http_req_sending,1780770973,0.000000,,,,true,,GET,BookDetailsJoin,HTTP/1.1,default,,200,,,BookDetailsJoin,,
http_req_waiting,1780770973,18141.139800,,,,true,,GET,BookDetailsJoin,HTTP/1.1,default,,200,,,BookDetailsJoin,,
http_req_receiving,1780770973,5.072000,,,,true,,GET,BookDetailsJoin,HTTP/1.1,default,,200,,,BookDetailsJoin,,
http_req_failed,1780770973,0.000000,,,,true,,GET,BookDetailsJoin,HTTP/1.1,default,,200,,,BookDetailsJoin,,
checks,1780770973,1.000000,Book details status is 200,,,,,,,,default,,,,,,,
http_reqs,1780770974,1.000000,,,,true,,GET,BookDetailsJoin,HTTP/1.1,default,,200,,,BookDetailsJoin,,
http_req_duration,1780770974,17589.386900,,,,true,,GET,BookDetailsJoin,HTTP/1.1,default,,200,,,BookDetailsJoin,,
http_req_blocked,1780770974,0.000000,,,,true,,GET,BookDetailsJoin,HTTP/1.1,default,,200,,,BookDetailsJoin,,
http_req_connecting,1780770974,0.000000,,,,true,,GET,BookDetailsJoin,HTTP/1.1,default,,200,,,BookDetailsJoin,,
http_req_tls_handshaking,1780770974,0.000000,,,,true,,GET,BookDetailsJoin,HTTP/1.1,default,,200,,,BookDetailsJoin,,
http_req_sending,1780770974,0.000000,,,,true,,GET,BookDetailsJoin,HTTP/1.1,default,,200,,,BookDetailsJoin,,
http_req_waiting,1780770974,17588.263200,,,,true,,GET,BookDetailsJoin,HTTP/1.1,default,,200,,,BookDetailsJoin,,
http_req_receiving,1780770974,1.123700,,,,true,,GET,BookDetailsJoin,HTTP/1.1,default,,200,,,BookDetailsJoin,,
http_req_failed,1780770974,0.000000,,,,true,,GET,BookDetailsJoin,HTTP/1.1,default,,200,,,BookDetailsJoin,,
checks,1780770974,1.000000,Book details status is 200,,,,,,,,default,,,,,,,
http_reqs,1780770974,1.000000,,,,true,,GET,BookDetailsJoin,HTTP/1.1,default,,200,,,BookDetailsJoin,,
http_req_duration,1780770974,16708.920600,,,,true,,GET,BookDetailsJoin,HTTP/1.1,default,,200,,,BookDetailsJoin,,
http_req_blocked,1780770974,0.000000,,,,true,,GET,BookDetailsJoin,HTTP/1.1,default,,200,,,BookDetailsJoin,,
http_req_connecting,1780770974,0.000000,,,,true,,GET,BookDetailsJoin,HTTP/1.1,default,,200,,,BookDetailsJoin,,
http_req_tls_handshaking,1780770974,0.000000,,,,true,,GET,BookDetailsJoin,HTTP/1.1,default,,200,,,BookDetailsJoin,,
http_req_sending,1780770974,0.000000,,,,true,,GET,BookDetailsJoin,HTTP/1.1,default,,200,,,BookDetailsJoin,,
http_req_waiting,1780770974,16706.692200,,,,true,,GET,BookDetailsJoin,HTTP/1.1,default,,200,,,BookDetailsJoin,,
http_req_receiving,1780770974,2.228400,,,,true,,GET,BookDetailsJoin,HTTP/1.1,default,,200,,,BookDetailsJoin,,
http_req_failed,1780770974,0.000000,,,,true,,GET,BookDetailsJoin,HTTP/1.1,default,,200,,,BookDetailsJoin,,
checks,1780770974,1.000000,Book details status is 200,,,,,,,,default,,,,,,,
vus,1780770974,29.000000,,,,,,,,,,,,,,,,
vus_max,1780770974,50.000000,,,,,,,,,,,,,,,,
http_reqs,1780770974,1.000000,,,,true,,GET,PublicCatalog,HTTP/1.1,default,,200,,,PublicCatalog,,
http_req_duration,1780770974,24171.314200,,,,true,,GET,PublicCatalog,HTTP/1.1,default,,200,,,PublicCatalog,,
http_req_blocked,1780770974,0.000000,,,,true,,GET,PublicCatalog,HTTP/1.1,default,,200,,,PublicCatalog,,
http_req_connecting,1780770974,0.000000,,,,true,,GET,PublicCatalog,HTTP/1.1,default,,200,,,PublicCatalog,,
http_req_tls_handshaking,1780770974,0.000000,,,,true,,GET,PublicCatalog,HTTP/1.1,default,,200,,,PublicCatalog,,
http_req_sending,1780770974,0.999400,,,,true,,GET,PublicCatalog,HTTP/1.1,default,,200,,,PublicCatalog,,
http_req_waiting,1780770974,24169.637900,,,,true,,GET,PublicCatalog,HTTP/1.1,default,,200,,,PublicCatalog,,
http_req_receiving,1780770974,0.676900,,,,true,,GET,PublicCatalog,HTTP/1.1,default,,200,,,PublicCatalog,,
http_req_failed,1780770974,0.000000,,,,true,,GET,PublicCatalog,HTTP/1.1,default,,200,,,PublicCatalog,,
checks,1780770974,1.000000,Catalog page status is 200,,,,,,,,default,,,,,,,
http_reqs,1780770974,1.000000,,,,true,,GET,PublicCatalog,HTTP/1.1,default,,200,,,PublicCatalog,,
http_req_duration,1780770974,24798.929700,,,,true,,GET,PublicCatalog,HTTP/1.1,default,,200,,,PublicCatalog,,
http_req_blocked,1780770974,0.000000,,,,true,,GET,PublicCatalog,HTTP/1.1,default,,200,,,PublicCatalog,,
http_req_connecting,1780770974,0.000000,,,,true,,GET,PublicCatalog,HTTP/1.1,default,,200,,,PublicCatalog,,
http_req_tls_handshaking,1780770974,0.000000,,,,true,,GET,PublicCatalog,HTTP/1.1,default,,200,,,PublicCatalog,,
http_req_sending,1780770974,0.000000,,,,true,,GET,PublicCatalog,HTTP/1.1,default,,200,,,PublicCatalog,,
http_req_waiting,1780770974,24798.206200,,,,true,,GET,PublicCatalog,HTTP/1.1,default,,200,,,PublicCatalog,,
http_req_receiving,1780770974,0.723500,,,,true,,GET,PublicCatalog,HTTP/1.1,default,,200,,,PublicCatalog,,
http_req_failed,1780770974,0.000000,,,,true,,GET,PublicCatalog,HTTP/1.1,default,,200,,,PublicCatalog,,
checks,1780770974,1.000000,Catalog page status is 200,,,,,,,,default,,,,,,,
http_reqs,1780770975,1.000000,,,,true,,GET,LandingPage,HTTP/1.1,default,,200,,,LandingPage,,
http_req_duration,1780770975,10712.117000,,,,true,,GET,LandingPage,HTTP/1.1,default,,200,,,LandingPage,,
http_req_blocked,1780770975,8.467200,,,,true,,GET,LandingPage,HTTP/1.1,default,,200,,,LandingPage,,
http_req_connecting,1780770975,8.467200,,,,true,,GET,LandingPage,HTTP/1.1,default,,200,,,LandingPage,,
http_req_tls_handshaking,1780770975,0.000000,,,,true,,GET,LandingPage,HTTP/1.1,default,,200,,,LandingPage,,
http_req_sending,1780770975,0.000000,,,,true,,GET,LandingPage,HTTP/1.1,default,,200,,,LandingPage,,
http_req_waiting,1780770975,10711.375300,,,,true,,GET,LandingPage,HTTP/1.1,default,,200,,,LandingPage,,
http_req_receiving,1780770975,0.741700,,,,true,,GET,LandingPage,HTTP/1.1,default,,200,,,LandingPage,,
http_req_failed,1780770975,0.000000,,,,true,,GET,LandingPage,HTTP/1.1,default,,200,,,LandingPage,,
checks,1780770975,1.000000,Home page status is 200,,,,,,,,default,,,,,,,
http_reqs,1780770975,1.000000,,,,true,,GET,PublicCatalog,HTTP/1.1,default,,200,,,PublicCatalog,,
http_req_duration,1780770975,24475.891300,,,,true,,GET,PublicCatalog,HTTP/1.1,default,,200,,,PublicCatalog,,
http_req_blocked,1780770975,0.000000,,,,true,,GET,PublicCatalog,HTTP/1.1,default,,200,,,PublicCatalog,,
http_req_connecting,1780770975,0.000000,,,,true,,GET,PublicCatalog,HTTP/1.1,default,,200,,,PublicCatalog,,
http_req_tls_handshaking,1780770975,0.000000,,,,true,,GET,PublicCatalog,HTTP/1.1,default,,200,,,PublicCatalog,,
http_req_sending,1780770975,0.000000,,,,true,,GET,PublicCatalog,HTTP/1.1,default,,200,,,PublicCatalog,,
http_req_waiting,1780770975,24474.494900,,,,true,,GET,PublicCatalog,HTTP/1.1,default,,200,,,PublicCatalog,,
http_req_receiving,1780770975,1.396400,,,,true,,GET,PublicCatalog,HTTP/1.1,default,,200,,,PublicCatalog,,
http_req_failed,1780770975,0.000000,,,,true,,GET,PublicCatalog,HTTP/1.1,default,,200,,,PublicCatalog,,
checks,1780770975,1.000000,Catalog page status is 200,,,,,,,,default,,,,,,,
http_reqs,1780770975,1.000000,,,,true,,GET,BookDetailsJoin,HTTP/1.1,default,,200,,,BookDetailsJoin,,
http_req_duration,1780770975,17271.918000,,,,true,,GET,BookDetailsJoin,HTTP/1.1,default,,200,,,BookDetailsJoin,,
http_req_blocked,1780770975,0.000000,,,,true,,GET,BookDetailsJoin,HTTP/1.1,default,,200,,,BookDetailsJoin,,
http_req_connecting,1780770975,0.000000,,,,true,,GET,BookDetailsJoin,HTTP/1.1,default,,200,,,BookDetailsJoin,,
http_req_tls_handshaking,1780770975,0.000000,,,,true,,GET,BookDetailsJoin,HTTP/1.1,default,,200,,,BookDetailsJoin,,
http_req_sending,1780770975,0.000000,,,,true,,GET,BookDetailsJoin,HTTP/1.1,default,,200,,,BookDetailsJoin,,
http_req_waiting,1780770975,17265.752800,,,,true,,GET,BookDetailsJoin,HTTP/1.1,default,,200,,,BookDetailsJoin,,
http_req_receiving,1780770975,6.165200,,,,true,,GET,BookDetailsJoin,HTTP/1.1,default,,200,,,BookDetailsJoin,,
http_req_failed,1780770975,0.000000,,,,true,,GET,BookDetailsJoin,HTTP/1.1,default,,200,,,BookDetailsJoin,,
checks,1780770975,1.000000,Book details status is 200,,,,,,,,default,,,,,,,
vus,1780770975,29.000000,,,,,,,,,,,,,,,,
vus_max,1780770975,50.000000,,,,,,,,,,,,,,,,
http_reqs,1780770975,1.000000,,,,true,,GET,BookDetailsJoin,HTTP/1.1,default,,200,,,BookDetailsJoin,,
http_req_duration,1780770975,16100.035100,,,,true,,GET,BookDetailsJoin,HTTP/1.1,default,,200,,,BookDetailsJoin,,
http_req_blocked,1780770975,0.000000,,,,true,,GET,BookDetailsJoin,HTTP/1.1,default,,200,,,BookDetailsJoin,,
http_req_connecting,1780770975,0.000000,,,,true,,GET,BookDetailsJoin,HTTP/1.1,default,,200,,,BookDetailsJoin,,
http_req_tls_handshaking,1780770975,0.000000,,,,true,,GET,BookDetailsJoin,HTTP/1.1,default,,200,,,BookDetailsJoin,,
http_req_sending,1780770975,0.000000,,,,true,,GET,BookDetailsJoin,HTTP/1.1,default,,200,,,BookDetailsJoin,,
http_req_waiting,1780770975,16093.707000,,,,true,,GET,BookDetailsJoin,HTTP/1.1,default,,200,,,BookDetailsJoin,,
http_req_receiving,1780770975,6.328100,,,,true,,GET,BookDetailsJoin,HTTP/1.1,default,,200,,,BookDetailsJoin,,
http_req_failed,1780770975,0.000000,,,,true,,GET,BookDetailsJoin,HTTP/1.1,default,,200,,,BookDetailsJoin,,
checks,1780770975,1.000000,Book details status is 200,,,,,,,,default,,,,,,,
http_reqs,1780770975,1.000000,,,,true,,GET,BookDetailsJoin,HTTP/1.1,default,,200,,,BookDetailsJoin,,
http_req_duration,1780770975,21255.441600,,,,true,,GET,BookDetailsJoin,HTTP/1.1,default,,200,,,BookDetailsJoin,,
http_req_blocked,1780770975,0.000000,,,,true,,GET,BookDetailsJoin,HTTP/1.1,default,,200,,,BookDetailsJoin,,
http_req_connecting,1780770975,0.000000,,,,true,,GET,BookDetailsJoin,HTTP/1.1,default,,200,,,BookDetailsJoin,,
http_req_tls_handshaking,1780770975,0.000000,,,,true,,GET,BookDetailsJoin,HTTP/1.1,default,,200,,,BookDetailsJoin,,
http_req_sending,1780770975,0.000000,,,,true,,GET,BookDetailsJoin,HTTP/1.1,default,,200,,,BookDetailsJoin,,
http_req_waiting,1780770975,21254.836000,,,,true,,GET,BookDetailsJoin,HTTP/1.1,default,,200,,,BookDetailsJoin,,
http_req_receiving,1780770975,0.605600,,,,true,,GET,BookDetailsJoin,HTTP/1.1,default,,200,,,BookDetailsJoin,,
http_req_failed,1780770975,0.000000,,,,true,,GET,BookDetailsJoin,HTTP/1.1,default,,200,,,BookDetailsJoin,,
checks,1780770975,1.000000,Book details status is 200,,,,,,,,default,,,,,,,
http_reqs,1780770975,1.000000,,,,true,,GET,BookDetailsJoin,HTTP/1.1,default,,200,,,BookDetailsJoin,,
http_req_duration,1780770975,14652.116700,,,,true,,GET,BookDetailsJoin,HTTP/1.1,default,,200,,,BookDetailsJoin,,
http_req_blocked,1780770975,0.000000,,,,true,,GET,BookDetailsJoin,HTTP/1.1,default,,200,,,BookDetailsJoin,,
http_req_connecting,1780770975,0.000000,,,,true,,GET,BookDetailsJoin,HTTP/1.1,default,,200,,,BookDetailsJoin,,
http_req_tls_handshaking,1780770975,0.000000,,,,true,,GET,BookDetailsJoin,HTTP/1.1,default,,200,,,BookDetailsJoin,,
http_req_sending,1780770975,0.000000,,,,true,,GET,BookDetailsJoin,HTTP/1.1,default,,200,,,BookDetailsJoin,,
http_req_waiting,1780770975,14650.626700,,,,true,,GET,BookDetailsJoin,HTTP/1.1,default,,200,,,BookDetailsJoin,,
http_req_receiving,1780770975,1.490000,,,,true,,GET,BookDetailsJoin,HTTP/1.1,default,,200,,,BookDetailsJoin,,
http_req_failed,1780770975,0.000000,,,,true,,GET,BookDetailsJoin,HTTP/1.1,default,,200,,,BookDetailsJoin,,
checks,1780770975,1.000000,Book details status is 200,,,,,,,,default,,,,,,,
http_reqs,1780770976,1.000000,,,,true,,GET,BookDetailsJoin,HTTP/1.1,default,,200,,,BookDetailsJoin,,
http_req_duration,1780770976,14058.215100,,,,true,,GET,BookDetailsJoin,HTTP/1.1,default,,200,,,BookDetailsJoin,,
http_req_blocked,1780770976,0.000000,,,,true,,GET,BookDetailsJoin,HTTP/1.1,default,,200,,,BookDetailsJoin,,
http_req_connecting,1780770976,0.000000,,,,true,,GET,BookDetailsJoin,HTTP/1.1,default,,200,,,BookDetailsJoin,,
http_req_tls_handshaking,1780770976,0.000000,,,,true,,GET,BookDetailsJoin,HTTP/1.1,default,,200,,,BookDetailsJoin,,
http_req_sending,1780770976,0.000000,,,,true,,GET,BookDetailsJoin,HTTP/1.1,default,,200,,,BookDetailsJoin,,
http_req_waiting,1780770976,14056.958200,,,,true,,GET,BookDetailsJoin,HTTP/1.1,default,,200,,,BookDetailsJoin,,
http_req_receiving,1780770976,1.256900,,,,true,,GET,BookDetailsJoin,HTTP/1.1,default,,200,,,BookDetailsJoin,,
http_req_failed,1780770976,0.000000,,,,true,,GET,BookDetailsJoin,HTTP/1.1,default,,200,,,BookDetailsJoin,,
checks,1780770976,1.000000,Book details status is 200,,,,,,,,default,,,,,,,
latency_cold_start,1780770976,1778.000000,,,,,,,,,default,,,,,,,
data_sent,1780770976,264.000000,,,,,,,,,default,,,,,,,
data_received,1780770976,110469.000000,,,,,,,,,default,,,,,,,
iteration_duration,1780770976,42660.555000,,,,,,,,,default,,,,,,,
iterations,1780770976,1.000000,,,,,,,,,default,,,,,,,
http_reqs,1780770976,1.000000,,,,true,,GET,LandingPage,HTTP/1.1,default,,200,,,LandingPage,,
http_req_duration,1780770976,6080.710700,,,,true,,GET,LandingPage,HTTP/1.1,default,,200,,,LandingPage,,
http_req_blocked,1780770976,1.086200,,,,true,,GET,LandingPage,HTTP/1.1,default,,200,,,LandingPage,,
http_req_connecting,1780770976,1.086200,,,,true,,GET,LandingPage,HTTP/1.1,default,,200,,,LandingPage,,
http_req_tls_handshaking,1780770976,0.000000,,,,true,,GET,LandingPage,HTTP/1.1,default,,200,,,LandingPage,,
http_req_sending,1780770976,0.000000,,,,true,,GET,LandingPage,HTTP/1.1,default,,200,,,LandingPage,,
http_req_waiting,1780770976,6080.200400,,,,true,,GET,LandingPage,HTTP/1.1,default,,200,,,LandingPage,,
http_req_receiving,1780770976,0.510300,,,,true,,GET,LandingPage,HTTP/1.1,default,,200,,,LandingPage,,
http_req_failed,1780770976,0.000000,,,,true,,GET,LandingPage,HTTP/1.1,default,,200,,,LandingPage,,
checks,1780770976,1.000000,Home page status is 200,,,,,,,,default,,,,,,,
vus,1780770976,30.000000,,,,,,,,,,,,,,,,
vus_max,1780770976,50.000000,,,,,,,,,,,,,,,,
http_reqs,1780770976,1.000000,,,,true,,GET,BookDetailsJoin,HTTP/1.1,default,,200,,,BookDetailsJoin,,
http_req_duration,1780770976,16095.043000,,,,true,,GET,BookDetailsJoin,HTTP/1.1,default,,200,,,BookDetailsJoin,,
http_req_blocked,1780770976,0.000000,,,,true,,GET,BookDetailsJoin,HTTP/1.1,default,,200,,,BookDetailsJoin,,
http_req_connecting,1780770976,0.000000,,,,true,,GET,BookDetailsJoin,HTTP/1.1,default,,200,,,BookDetailsJoin,,
http_req_tls_handshaking,1780770976,0.000000,,,,true,,GET,BookDetailsJoin,HTTP/1.1,default,,200,,,BookDetailsJoin,,
http_req_sending,1780770976,0.000000,,,,true,,GET,BookDetailsJoin,HTTP/1.1,default,,200,,,BookDetailsJoin,,
http_req_waiting,1780770976,16090.478100,,,,true,,GET,BookDetailsJoin,HTTP/1.1,default,,200,,,BookDetailsJoin,,
http_req_receiving,1780770976,4.564900,,,,true,,GET,BookDetailsJoin,HTTP/1.1,default,,200,,,BookDetailsJoin,,
http_req_failed,1780770976,0.000000,,,,true,,GET,BookDetailsJoin,HTTP/1.1,default,,200,,,BookDetailsJoin,,
checks,1780770976,1.000000,Book details status is 200,,,,,,,,default,,,,,,,
data_sent,1780770976,264.000000,,,,,,,,,default,,,,,,,
data_received,1780770976,110083.000000,,,,,,,,,default,,,,,,,
iteration_duration,1780770976,43454.886200,,,,,,,,,default,,,,,,,
iterations,1780770976,1.000000,,,,,,,,,default,,,,,,,
http_reqs,1780770976,1.000000,,,,true,,GET,BookDetailsJoin,HTTP/1.1,default,,200,,,BookDetailsJoin,,
http_req_duration,1780770976,16809.351500,,,,true,,GET,BookDetailsJoin,HTTP/1.1,default,,200,,,BookDetailsJoin,,
http_req_blocked,1780770976,0.000000,,,,true,,GET,BookDetailsJoin,HTTP/1.1,default,,200,,,BookDetailsJoin,,
http_req_connecting,1780770976,0.000000,,,,true,,GET,BookDetailsJoin,HTTP/1.1,default,,200,,,BookDetailsJoin,,
http_req_tls_handshaking,1780770976,0.000000,,,,true,,GET,BookDetailsJoin,HTTP/1.1,default,,200,,,BookDetailsJoin,,
http_req_sending,1780770976,0.000000,,,,true,,GET,BookDetailsJoin,HTTP/1.1,default,,200,,,BookDetailsJoin,,
http_req_waiting,1780770976,16808.585400,,,,true,,GET,BookDetailsJoin,HTTP/1.1,default,,200,,,BookDetailsJoin,,
http_req_receiving,1780770976,0.766100,,,,true,,GET,BookDetailsJoin,HTTP/1.1,default,,200,,,BookDetailsJoin,,
http_req_failed,1780770976,0.000000,,,,true,,GET,BookDetailsJoin,HTTP/1.1,default,,200,,,BookDetailsJoin,,
checks,1780770976,1.000000,Book details status is 200,,,,,,,,default,,,,,,,
data_sent,1780770976,264.000000,,,,,,,,,default,,,,,,,
data_received,1780770976,110502.000000,,,,,,,,,default,,,,,,,
iteration_duration,1780770976,48567.362600,,,,,,,,,default,,,,,,,
iterations,1780770976,1.000000,,,,,,,,,default,,,,,,,
data_sent,1780770977,264.000000,,,,,,,,,default,,,,,,,
data_received,1780770977,110266.000000,,,,,,,,,default,,,,,,,
iteration_duration,1780770977,42515.916900,,,,,,,,,default,,,,,,,
iterations,1780770977,1.000000,,,,,,,,,default,,,,,,,
http_reqs,1780770977,1.000000,,,,true,,GET,BookDetailsJoin,HTTP/1.1,default,,200,,,BookDetailsJoin,,
http_req_duration,1780770977,12472.832600,,,,true,,GET,BookDetailsJoin,HTTP/1.1,default,,200,,,BookDetailsJoin,,
http_req_blocked,1780770977,0.000000,,,,true,,GET,BookDetailsJoin,HTTP/1.1,default,,200,,,BookDetailsJoin,,
http_req_connecting,1780770977,0.000000,,,,true,,GET,BookDetailsJoin,HTTP/1.1,default,,200,,,BookDetailsJoin,,
http_req_tls_handshaking,1780770977,0.000000,,,,true,,GET,BookDetailsJoin,HTTP/1.1,default,,200,,,BookDetailsJoin,,
http_req_sending,1780770977,0.000000,,,,true,,GET,BookDetailsJoin,HTTP/1.1,default,,200,,,BookDetailsJoin,,
http_req_waiting,1780770977,12467.630200,,,,true,,GET,BookDetailsJoin,HTTP/1.1,default,,200,,,BookDetailsJoin,,
http_req_receiving,1780770977,5.202400,,,,true,,GET,BookDetailsJoin,HTTP/1.1,default,,200,,,BookDetailsJoin,,
http_req_failed,1780770977,0.000000,,,,true,,GET,BookDetailsJoin,HTTP/1.1,default,,200,,,BookDetailsJoin,,
checks,1780770977,1.000000,Book details status is 200,,,,,,,,default,,,,,,,
data_sent,1780770977,264.000000,,,,,,,,,default,,,,,,,
data_received,1780770977,110899.000000,,,,,,,,,default,,,,,,,
iteration_duration,1780770977,41111.046100,,,,,,,,,default,,,,,,,
iterations,1780770977,1.000000,,,,,,,,,default,,,,,,,
vus,1780770977,30.000000,,,,,,,,,,,,,,,,
vus_max,1780770977,50.000000,,,,,,,,,,,,,,,,
http_reqs,1780770977,1.000000,,,,true,,GET,BookDetailsJoin,HTTP/1.1,default,,200,,,BookDetailsJoin,,
http_req_duration,1780770977,12173.219500,,,,true,,GET,BookDetailsJoin,HTTP/1.1,default,,200,,,BookDetailsJoin,,
http_req_blocked,1780770977,0.000000,,,,true,,GET,BookDetailsJoin,HTTP/1.1,default,,200,,,BookDetailsJoin,,
http_req_connecting,1780770977,0.000000,,,,true,,GET,BookDetailsJoin,HTTP/1.1,default,,200,,,BookDetailsJoin,,
http_req_tls_handshaking,1780770977,0.000000,,,,true,,GET,BookDetailsJoin,HTTP/1.1,default,,200,,,BookDetailsJoin,,
http_req_sending,1780770977,1.000700,,,,true,,GET,BookDetailsJoin,HTTP/1.1,default,,200,,,BookDetailsJoin,,
http_req_waiting,1780770977,12172.218800,,,,true,,GET,BookDetailsJoin,HTTP/1.1,default,,200,,,BookDetailsJoin,,
http_req_receiving,1780770977,0.000000,,,,true,,GET,BookDetailsJoin,HTTP/1.1,default,,200,,,BookDetailsJoin,,
http_req_failed,1780770977,0.000000,,,,true,,GET,BookDetailsJoin,HTTP/1.1,default,,200,,,BookDetailsJoin,,
checks,1780770977,1.000000,Book details status is 200,,,,,,,,default,,,,,,,
http_reqs,1780770977,1.000000,,,,true,,GET,BookDetailsJoin,HTTP/1.1,default,,200,,,BookDetailsJoin,,
http_req_duration,1780770977,14939.700800,,,,true,,GET,BookDetailsJoin,HTTP/1.1,default,,200,,,BookDetailsJoin,,
http_req_blocked,1780770977,0.000000,,,,true,,GET,BookDetailsJoin,HTTP/1.1,default,,200,,,BookDetailsJoin,,
http_req_connecting,1780770977,0.000000,,,,true,,GET,BookDetailsJoin,HTTP/1.1,default,,200,,,BookDetailsJoin,,
http_req_tls_handshaking,1780770977,0.000000,,,,true,,GET,BookDetailsJoin,HTTP/1.1,default,,200,,,BookDetailsJoin,,
http_req_sending,1780770977,0.000000,,,,true,,GET,BookDetailsJoin,HTTP/1.1,default,,200,,,BookDetailsJoin,,
http_req_waiting,1780770977,14938.764200,,,,true,,GET,BookDetailsJoin,HTTP/1.1,default,,200,,,BookDetailsJoin,,
http_req_receiving,1780770977,0.936600,,,,true,,GET,BookDetailsJoin,HTTP/1.1,default,,200,,,BookDetailsJoin,,
http_req_failed,1780770977,0.000000,,,,true,,GET,BookDetailsJoin,HTTP/1.1,default,,200,,,BookDetailsJoin,,
checks,1780770977,1.000000,Book details status is 200,,,,,,,,default,,,,,,,
http_reqs,1780770978,1.000000,,,,true,,GET,BookDetailsJoin,HTTP/1.1,default,,200,,,BookDetailsJoin,,
http_req_duration,1780770978,12158.979700,,,,true,,GET,BookDetailsJoin,HTTP/1.1,default,,200,,,BookDetailsJoin,,
http_req_blocked,1780770978,0.000000,,,,true,,GET,BookDetailsJoin,HTTP/1.1,default,,200,,,BookDetailsJoin,,
http_req_connecting,1780770978,0.000000,,,,true,,GET,BookDetailsJoin,HTTP/1.1,default,,200,,,BookDetailsJoin,,
http_req_tls_handshaking,1780770978,0.000000,,,,true,,GET,BookDetailsJoin,HTTP/1.1,default,,200,,,BookDetailsJoin,,
http_req_sending,1780770978,0.000000,,,,true,,GET,BookDetailsJoin,HTTP/1.1,default,,200,,,BookDetailsJoin,,
http_req_waiting,1780770978,12158.218000,,,,true,,GET,BookDetailsJoin,HTTP/1.1,default,,200,,,BookDetailsJoin,,
http_req_receiving,1780770978,0.761700,,,,true,,GET,BookDetailsJoin,HTTP/1.1,default,,200,,,BookDetailsJoin,,
http_req_failed,1780770978,0.000000,,,,true,,GET,BookDetailsJoin,HTTP/1.1,default,,200,,,BookDetailsJoin,,
checks,1780770978,1.000000,Book details status is 200,,,,,,,,default,,,,,,,
data_sent,1780770978,264.000000,,,,,,,,,default,,,,,,,
data_received,1780770978,110892.000000,,,,,,,,,default,,,,,,,
iteration_duration,1780770978,50691.838500,,,,,,,,,default,,,,,,,
iterations,1780770978,1.000000,,,,,,,,,default,,,,,,,
http_reqs,1780770978,1.000000,,,,true,,GET,PublicCatalog,HTTP/1.1,default,,200,,,PublicCatalog,,
http_req_duration,1780770978,7489.465700,,,,true,,GET,PublicCatalog,HTTP/1.1,default,,200,,,PublicCatalog,,
http_req_blocked,1780770978,0.000000,,,,true,,GET,PublicCatalog,HTTP/1.1,default,,200,,,PublicCatalog,,
http_req_connecting,1780770978,0.000000,,,,true,,GET,PublicCatalog,HTTP/1.1,default,,200,,,PublicCatalog,,
http_req_tls_handshaking,1780770978,0.000000,,,,true,,GET,PublicCatalog,HTTP/1.1,default,,200,,,PublicCatalog,,
http_req_sending,1780770978,0.000000,,,,true,,GET,PublicCatalog,HTTP/1.1,default,,200,,,PublicCatalog,,
http_req_waiting,1780770978,7487.764400,,,,true,,GET,PublicCatalog,HTTP/1.1,default,,200,,,PublicCatalog,,
http_req_receiving,1780770978,1.701300,,,,true,,GET,PublicCatalog,HTTP/1.1,default,,200,,,PublicCatalog,,
http_req_failed,1780770978,0.000000,,,,true,,GET,PublicCatalog,HTTP/1.1,default,,200,,,PublicCatalog,,
checks,1780770978,1.000000,Catalog page status is 200,,,,,,,,default,,,,,,,
vus,1780770978,30.000000,,,,,,,,,,,,,,,,
vus_max,1780770978,50.000000,,,,,,,,,,,,,,,,
data_sent,1780770978,264.000000,,,,,,,,,default,,,,,,,
data_received,1780770978,110535.000000,,,,,,,,,default,,,,,,,
iteration_duration,1780770978,43829.363800,,,,,,,,,default,,,,,,,
iterations,1780770978,1.000000,,,,,,,,,default,,,,,,,
data_sent,1780770978,264.000000,,,,,,,,,default,,,,,,,
data_received,1780770978,110554.000000,,,,,,,,,default,,,,,,,
iteration_duration,1780770978,46258.227200,,,,,,,,,default,,,,,,,
iterations,1780770978,1.000000,,,,,,,,,default,,,,,,,
data_sent,1780770978,264.000000,,,,,,,,,default,,,,,,,
data_received,1780770978,110401.000000,,,,,,,,,default,,,,,,,
iteration_duration,1780770978,41971.618000,,,,,,,,,default,,,,,,,
iterations,1780770978,1.000000,,,,,,,,,default,,,,,,,
http_reqs,1780770979,1.000000,,,,true,,GET,PublicCatalog,HTTP/1.1,default,,200,,,PublicCatalog,,
http_req_duration,1780770979,10651.361300,,,,true,,GET,PublicCatalog,HTTP/1.1,default,,200,,,PublicCatalog,,
http_req_blocked,1780770979,0.000000,,,,true,,GET,PublicCatalog,HTTP/1.1,default,,200,,,PublicCatalog,,
http_req_connecting,1780770979,0.000000,,,,true,,GET,PublicCatalog,HTTP/1.1,default,,200,,,PublicCatalog,,
http_req_tls_handshaking,1780770979,0.000000,,,,true,,GET,PublicCatalog,HTTP/1.1,default,,200,,,PublicCatalog,,
http_req_sending,1780770979,0.000000,,,,true,,GET,PublicCatalog,HTTP/1.1,default,,200,,,PublicCatalog,,
http_req_waiting,1780770979,10651.361300,,,,true,,GET,PublicCatalog,HTTP/1.1,default,,200,,,PublicCatalog,,
http_req_receiving,1780770979,0.000000,,,,true,,GET,PublicCatalog,HTTP/1.1,default,,200,,,PublicCatalog,,
http_req_failed,1780770979,0.000000,,,,true,,GET,PublicCatalog,HTTP/1.1,default,,200,,,PublicCatalog,,
checks,1780770979,1.000000,Catalog page status is 200,,,,,,,,default,,,,,,,
data_sent,1780770979,264.000000,,,,,,,,,default,,,,,,,
data_received,1780770979,110497.000000,,,,,,,,,default,,,,,,,
iteration_duration,1780770979,46896.895600,,,,,,,,,default,,,,,,,
iterations,1780770979,1.000000,,,,,,,,,default,,,,,,,
http_reqs,1780770979,1.000000,,,,true,,GET,BookDetailsJoin,HTTP/1.1,default,,200,,,BookDetailsJoin,,
http_req_duration,1780770979,12615.763200,,,,true,,GET,BookDetailsJoin,HTTP/1.1,default,,200,,,BookDetailsJoin,,
http_req_blocked,1780770979,0.000000,,,,true,,GET,BookDetailsJoin,HTTP/1.1,default,,200,,,BookDetailsJoin,,
http_req_connecting,1780770979,0.000000,,,,true,,GET,BookDetailsJoin,HTTP/1.1,default,,200,,,BookDetailsJoin,,
http_req_tls_handshaking,1780770979,0.000000,,,,true,,GET,BookDetailsJoin,HTTP/1.1,default,,200,,,BookDetailsJoin,,
http_req_sending,1780770979,0.000000,,,,true,,GET,BookDetailsJoin,HTTP/1.1,default,,200,,,BookDetailsJoin,,
http_req_waiting,1780770979,12613.313900,,,,true,,GET,BookDetailsJoin,HTTP/1.1,default,,200,,,BookDetailsJoin,,
http_req_receiving,1780770979,2.449300,,,,true,,GET,BookDetailsJoin,HTTP/1.1,default,,200,,,BookDetailsJoin,,
http_req_failed,1780770979,0.000000,,,,true,,GET,BookDetailsJoin,HTTP/1.1,default,,200,,,BookDetailsJoin,,
checks,1780770979,1.000000,Book details status is 200,,,,,,,,default,,,,,,,
vus,1780770979,30.000000,,,,,,,,,,,,,,,,
vus_max,1780770979,50.000000,,,,,,,,,,,,,,,,
data_sent,1780770979,264.000000,,,,,,,,,default,,,,,,,
data_received,1780770979,110535.000000,,,,,,,,,default,,,,,,,
iteration_duration,1780770979,45190.736400,,,,,,,,,default,,,,,,,
iterations,1780770979,1.000000,,,,,,,,,default,,,,,,,
data_sent,1780770979,264.000000,,,,,,,,,default,,,,,,,
data_received,1780770979,110535.000000,,,,,,,,,default,,,,,,,
iteration_duration,1780770979,45430.406200,,,,,,,,,default,,,,,,,
iterations,1780770979,1.000000,,,,,,,,,default,,,,,,,
data_sent,1780770980,264.000000,,,,,,,,,default,,,,,,,
data_received,1780770980,110570.000000,,,,,,,,,default,,,,,,,
iteration_duration,1780770980,43755.302400,,,,,,,,,default,,,,,,,
iterations,1780770980,1.000000,,,,,,,,,default,,,,,,,
http_reqs,1780770980,1.000000,,,,true,,GET,LandingPage,HTTP/1.1,default,,200,,,LandingPage,,
http_req_duration,1780770980,3852.091500,,,,true,,GET,LandingPage,HTTP/1.1,default,,200,,,LandingPage,,
http_req_blocked,1780770980,0.000000,,,,true,,GET,LandingPage,HTTP/1.1,default,,200,,,LandingPage,,
http_req_connecting,1780770980,0.000000,,,,true,,GET,LandingPage,HTTP/1.1,default,,200,,,LandingPage,,
http_req_tls_handshaking,1780770980,0.000000,,,,true,,GET,LandingPage,HTTP/1.1,default,,200,,,LandingPage,,
http_req_sending,1780770980,0.000000,,,,true,,GET,LandingPage,HTTP/1.1,default,,200,,,LandingPage,,
http_req_waiting,1780770980,3851.019200,,,,true,,GET,LandingPage,HTTP/1.1,default,,200,,,LandingPage,,
http_req_receiving,1780770980,1.072300,,,,true,,GET,LandingPage,HTTP/1.1,default,,200,,,LandingPage,,
http_req_failed,1780770980,0.000000,,,,true,,GET,LandingPage,HTTP/1.1,default,,200,,,LandingPage,,
checks,1780770980,1.000000,Home page status is 200,,,,,,,,default,,,,,,,
vus,1780770980,30.000000,,,,,,,,,,,,,,,,
vus_max,1780770980,50.000000,,,,,,,,,,,,,,,,
data_sent,1780770980,264.000000,,,,,,,,,default,,,,,,,
data_received,1780770980,110217.000000,,,,,,,,,default,,,,,,,
iteration_duration,1780770980,43502.058100,,,,,,,,,default,,,,,,,
iterations,1780770980,1.000000,,,,,,,,,default,,,,,,,
http_reqs,1780770980,1.000000,,,,true,,GET,PublicCatalog,HTTP/1.1,default,,200,,,PublicCatalog,,
http_req_duration,1780770980,11471.338500,,,,true,,GET,PublicCatalog,HTTP/1.1,default,,200,,,PublicCatalog,,
http_req_blocked,1780770980,0.000000,,,,true,,GET,PublicCatalog,HTTP/1.1,default,,200,,,PublicCatalog,,
http_req_connecting,1780770980,0.000000,,,,true,,GET,PublicCatalog,HTTP/1.1,default,,200,,,PublicCatalog,,
http_req_tls_handshaking,1780770980,0.000000,,,,true,,GET,PublicCatalog,HTTP/1.1,default,,200,,,PublicCatalog,,
http_req_sending,1780770980,0.000000,,,,true,,GET,PublicCatalog,HTTP/1.1,default,,200,,,PublicCatalog,,
http_req_waiting,1780770980,11470.291200,,,,true,,GET,PublicCatalog,HTTP/1.1,default,,200,,,PublicCatalog,,
http_req_receiving,1780770980,1.047300,,,,true,,GET,PublicCatalog,HTTP/1.1,default,,200,,,PublicCatalog,,
http_req_failed,1780770980,0.000000,,,,true,,GET,PublicCatalog,HTTP/1.1,default,,200,,,PublicCatalog,,
checks,1780770980,1.000000,Catalog page status is 200,,,,,,,,default,,,,,,,
data_sent,1780770980,264.000000,,,,,,,,,default,,,,,,,
data_received,1780770980,110611.000000,,,,,,,,,default,,,,,,,
iteration_duration,1780770980,44829.837500,,,,,,,,,default,,,,,,,
iterations,1780770980,1.000000,,,,,,,,,default,,,,,,,
data_sent,1780770981,264.000000,,,,,,,,,default,,,,,,,
data_received,1780770981,110359.000000,,,,,,,,,default,,,,,,,
iteration_duration,1780770981,47080.504200,,,,,,,,,default,,,,,,,
iterations,1780770981,1.000000,,,,,,,,,default,,,,,,,
http_reqs,1780770981,1.000000,,,,true,,GET,PublicCatalog,HTTP/1.1,default,,200,,,PublicCatalog,,
http_req_duration,1780770981,11504.845200,,,,true,,GET,PublicCatalog,HTTP/1.1,default,,200,,,PublicCatalog,,
http_req_blocked,1780770981,0.000000,,,,true,,GET,PublicCatalog,HTTP/1.1,default,,200,,,PublicCatalog,,
http_req_connecting,1780770981,0.000000,,,,true,,GET,PublicCatalog,HTTP/1.1,default,,200,,,PublicCatalog,,
http_req_tls_handshaking,1780770981,0.000000,,,,true,,GET,PublicCatalog,HTTP/1.1,default,,200,,,PublicCatalog,,
http_req_sending,1780770981,0.000000,,,,true,,GET,PublicCatalog,HTTP/1.1,default,,200,,,PublicCatalog,,
http_req_waiting,1780770981,11501.097500,,,,true,,GET,PublicCatalog,HTTP/1.1,default,,200,,,PublicCatalog,,
http_req_receiving,1780770981,3.747700,,,,true,,GET,PublicCatalog,HTTP/1.1,default,,200,,,PublicCatalog,,
http_req_failed,1780770981,0.000000,,,,true,,GET,PublicCatalog,HTTP/1.1,default,,200,,,PublicCatalog,,
checks,1780770981,1.000000,Catalog page status is 200,,,,,,,,default,,,,,,,
vus,1780770981,30.000000,,,,,,,,,,,,,,,,
vus_max,1780770981,50.000000,,,,,,,,,,,,,,,,
http_reqs,1780770981,1.000000,,,,true,,GET,PublicCatalog,HTTP/1.1,default,,200,,,PublicCatalog,,
http_req_duration,1780770981,11221.314000,,,,true,,GET,PublicCatalog,HTTP/1.1,default,,200,,,PublicCatalog,,
http_req_blocked,1780770981,0.000000,,,,true,,GET,PublicCatalog,HTTP/1.1,default,,200,,,PublicCatalog,,
http_req_connecting,1780770981,0.000000,,,,true,,GET,PublicCatalog,HTTP/1.1,default,,200,,,PublicCatalog,,
http_req_tls_handshaking,1780770981,0.000000,,,,true,,GET,PublicCatalog,HTTP/1.1,default,,200,,,PublicCatalog,,
http_req_sending,1780770981,0.000000,,,,true,,GET,PublicCatalog,HTTP/1.1,default,,200,,,PublicCatalog,,
http_req_waiting,1780770981,11219.769000,,,,true,,GET,PublicCatalog,HTTP/1.1,default,,200,,,PublicCatalog,,
http_req_receiving,1780770981,1.545000,,,,true,,GET,PublicCatalog,HTTP/1.1,default,,200,,,PublicCatalog,,
http_req_failed,1780770981,0.000000,,,,true,,GET,PublicCatalog,HTTP/1.1,default,,200,,,PublicCatalog,,
checks,1780770981,1.000000,Catalog page status is 200,,,,,,,,default,,,,,,,
http_reqs,1780770981,1.000000,,,,true,,GET,PublicCatalog,HTTP/1.1,default,,200,,,PublicCatalog,,
http_req_duration,1780770981,10409.584400,,,,true,,GET,PublicCatalog,HTTP/1.1,default,,200,,,PublicCatalog,,
http_req_blocked,1780770981,0.000000,,,,true,,GET,PublicCatalog,HTTP/1.1,default,,200,,,PublicCatalog,,
http_req_connecting,1780770981,0.000000,,,,true,,GET,PublicCatalog,HTTP/1.1,default,,200,,,PublicCatalog,,
http_req_tls_handshaking,1780770981,0.000000,,,,true,,GET,PublicCatalog,HTTP/1.1,default,,200,,,PublicCatalog,,
http_req_sending,1780770981,0.000000,,,,true,,GET,PublicCatalog,HTTP/1.1,default,,200,,,PublicCatalog,,
http_req_waiting,1780770981,10408.546800,,,,true,,GET,PublicCatalog,HTTP/1.1,default,,200,,,PublicCatalog,,
http_req_receiving,1780770981,1.037600,,,,true,,GET,PublicCatalog,HTTP/1.1,default,,200,,,PublicCatalog,,
http_req_failed,1780770981,0.000000,,,,true,,GET,PublicCatalog,HTTP/1.1,default,,200,,,PublicCatalog,,
checks,1780770981,1.000000,Catalog page status is 200,,,,,,,,default,,,,,,,
http_reqs,1780770982,1.000000,,,,true,,GET,PublicCatalog,HTTP/1.1,default,,200,,,PublicCatalog,,
http_req_duration,1780770982,9919.523800,,,,true,,GET,PublicCatalog,HTTP/1.1,default,,200,,,PublicCatalog,,
http_req_blocked,1780770982,0.000000,,,,true,,GET,PublicCatalog,HTTP/1.1,default,,200,,,PublicCatalog,,
http_req_connecting,1780770982,0.000000,,,,true,,GET,PublicCatalog,HTTP/1.1,default,,200,,,PublicCatalog,,
http_req_tls_handshaking,1780770982,0.000000,,,,true,,GET,PublicCatalog,HTTP/1.1,default,,200,,,PublicCatalog,,
http_req_sending,1780770982,0.000000,,,,true,,GET,PublicCatalog,HTTP/1.1,default,,200,,,PublicCatalog,,
http_req_waiting,1780770982,9918.731100,,,,true,,GET,PublicCatalog,HTTP/1.1,default,,200,,,PublicCatalog,,
http_req_receiving,1780770982,0.792700,,,,true,,GET,PublicCatalog,HTTP/1.1,default,,200,,,PublicCatalog,,
http_req_failed,1780770982,0.000000,,,,true,,GET,PublicCatalog,HTTP/1.1,default,,200,,,PublicCatalog,,
checks,1780770982,1.000000,Catalog page status is 200,,,,,,,,default,,,,,,,
latency_cold_start,1780770982,1778.000000,,,,,,,,,default,,,,,,,
data_sent,1780770982,264.000000,,,,,,,,,default,,,,,,,
data_received,1780770982,110670.000000,,,,,,,,,default,,,,,,,
iteration_duration,1780770982,48130.057100,,,,,,,,,default,,,,,,,
iterations,1780770982,1.000000,,,,,,,,,default,,,,,,,
vus,1780770982,31.000000,,,,,,,,,,,,,,,,
vus_max,1780770982,50.000000,,,,,,,,,,,,,,,,
vus,1780770983,31.000000,,,,,,,,,,,,,,,,
vus_max,1780770983,50.000000,,,,,,,,,,,,,,,,
http_reqs,1780770984,1.000000,,,,true,,GET,LandingPage,HTTP/1.1,default,,200,,,LandingPage,,
http_req_duration,1780770984,7269.604600,,,,true,,GET,LandingPage,HTTP/1.1,default,,200,,,LandingPage,,
http_req_blocked,1780770984,0.000000,,,,true,,GET,LandingPage,HTTP/1.1,default,,200,,,LandingPage,,
http_req_connecting,1780770984,0.000000,,,,true,,GET,LandingPage,HTTP/1.1,default,,200,,,LandingPage,,
http_req_tls_handshaking,1780770984,0.000000,,,,true,,GET,LandingPage,HTTP/1.1,default,,200,,,LandingPage,,
http_req_sending,1780770984,0.000000,,,,true,,GET,LandingPage,HTTP/1.1,default,,200,,,LandingPage,,
http_req_waiting,1780770984,7267.531300,,,,true,,GET,LandingPage,HTTP/1.1,default,,200,,,LandingPage,,
http_req_receiving,1780770984,2.073300,,,,true,,GET,LandingPage,HTTP/1.1,default,,200,,,LandingPage,,
http_req_failed,1780770984,0.000000,,,,true,,GET,LandingPage,HTTP/1.1,default,,200,,,LandingPage,,
checks,1780770984,1.000000,Home page status is 200,,,,,,,,default,,,,,,,
http_reqs,1780770984,1.000000,,,,true,,GET,LandingPage,HTTP/1.1,default,,200,,,LandingPage,,
http_req_duration,1780770984,8102.379900,,,,true,,GET,LandingPage,HTTP/1.1,default,,200,,,LandingPage,,
http_req_blocked,1780770984,1.258800,,,,true,,GET,LandingPage,HTTP/1.1,default,,200,,,LandingPage,,
http_req_connecting,1780770984,1.258800,,,,true,,GET,LandingPage,HTTP/1.1,default,,200,,,LandingPage,,
http_req_tls_handshaking,1780770984,0.000000,,,,true,,GET,LandingPage,HTTP/1.1,default,,200,,,LandingPage,,
http_req_sending,1780770984,0.000000,,,,true,,GET,LandingPage,HTTP/1.1,default,,200,,,LandingPage,,
http_req_waiting,1780770984,8101.379900,,,,true,,GET,LandingPage,HTTP/1.1,default,,200,,,LandingPage,,
http_req_receiving,1780770984,1.000000,,,,true,,GET,LandingPage,HTTP/1.1,default,,200,,,LandingPage,,
http_req_failed,1780770984,0.000000,,,,true,,GET,LandingPage,HTTP/1.1,default,,200,,,LandingPage,,
checks,1780770984,1.000000,Home page status is 200,,,,,,,,default,,,,,,,
vus,1780770984,31.000000,,,,,,,,,,,,,,,,
vus_max,1780770984,50.000000,,,,,,,,,,,,,,,,
http_reqs,1780770984,1.000000,,,,true,,GET,LandingPage,HTTP/1.1,default,,200,,,LandingPage,,
http_req_duration,1780770984,8146.100200,,,,true,,GET,LandingPage,HTTP/1.1,default,,200,,,LandingPage,,
http_req_blocked,1780770984,0.000000,,,,true,,GET,LandingPage,HTTP/1.1,default,,200,,,LandingPage,,
http_req_connecting,1780770984,0.000000,,,,true,,GET,LandingPage,HTTP/1.1,default,,200,,,LandingPage,,
http_req_tls_handshaking,1780770984,0.000000,,,,true,,GET,LandingPage,HTTP/1.1,default,,200,,,LandingPage,,
http_req_sending,1780770984,0.000000,,,,true,,GET,LandingPage,HTTP/1.1,default,,200,,,LandingPage,,
http_req_waiting,1780770984,8144.913400,,,,true,,GET,LandingPage,HTTP/1.1,default,,200,,,LandingPage,,
http_req_receiving,1780770984,1.186800,,,,true,,GET,LandingPage,HTTP/1.1,default,,200,,,LandingPage,,
http_req_failed,1780770984,0.000000,,,,true,,GET,LandingPage,HTTP/1.1,default,,200,,,LandingPage,,
checks,1780770984,1.000000,Home page status is 200,,,,,,,,default,,,,,,,
http_reqs,1780770985,1.000000,,,,true,,GET,LandingPage,HTTP/1.1,default,,200,,,LandingPage,,
http_req_duration,1780770985,8180.213700,,,,true,,GET,LandingPage,HTTP/1.1,default,,200,,,LandingPage,,
http_req_blocked,1780770985,0.000000,,,,true,,GET,LandingPage,HTTP/1.1,default,,200,,,LandingPage,,
http_req_connecting,1780770985,0.000000,,,,true,,GET,LandingPage,HTTP/1.1,default,,200,,,LandingPage,,
http_req_tls_handshaking,1780770985,0.000000,,,,true,,GET,LandingPage,HTTP/1.1,default,,200,,,LandingPage,,
http_req_sending,1780770985,0.998200,,,,true,,GET,LandingPage,HTTP/1.1,default,,200,,,LandingPage,,
http_req_waiting,1780770985,8177.555000,,,,true,,GET,LandingPage,HTTP/1.1,default,,200,,,LandingPage,,
http_req_receiving,1780770985,1.660500,,,,true,,GET,LandingPage,HTTP/1.1,default,,200,,,LandingPage,,
http_req_failed,1780770985,0.000000,,,,true,,GET,LandingPage,HTTP/1.1,default,,200,,,LandingPage,,
checks,1780770985,1.000000,Home page status is 200,,,,,,,,default,,,,,,,
http_reqs,1780770985,1.000000,,,,true,,GET,LandingPage,HTTP/1.1,default,,200,,,LandingPage,,
http_req_duration,1780770985,8133.403000,,,,true,,GET,LandingPage,HTTP/1.1,default,,200,,,LandingPage,,
http_req_blocked,1780770985,0.000000,,,,true,,GET,LandingPage,HTTP/1.1,default,,200,,,LandingPage,,
http_req_connecting,1780770985,0.000000,,,,true,,GET,LandingPage,HTTP/1.1,default,,200,,,LandingPage,,
http_req_tls_handshaking,1780770985,0.000000,,,,true,,GET,LandingPage,HTTP/1.1,default,,200,,,LandingPage,,
http_req_sending,1780770985,0.000000,,,,true,,GET,LandingPage,HTTP/1.1,default,,200,,,LandingPage,,
http_req_waiting,1780770985,8132.199500,,,,true,,GET,LandingPage,HTTP/1.1,default,,200,,,LandingPage,,
http_req_receiving,1780770985,1.203500,,,,true,,GET,LandingPage,HTTP/1.1,default,,200,,,LandingPage,,
http_req_failed,1780770985,0.000000,,,,true,,GET,LandingPage,HTTP/1.1,default,,200,,,LandingPage,,
checks,1780770985,1.000000,Home page status is 200,,,,,,,,default,,,,,,,
vus,1780770985,31.000000,,,,,,,,,,,,,,,,
vus_max,1780770985,50.000000,,,,,,,,,,,,,,,,
http_reqs,1780770985,1.000000,,,,true,,GET,LandingPage,HTTP/1.1,default,,200,,,LandingPage,,
http_req_duration,1780770985,7447.020600,,,,true,,GET,LandingPage,HTTP/1.1,default,,200,,,LandingPage,,
http_req_blocked,1780770985,0.000000,,,,true,,GET,LandingPage,HTTP/1.1,default,,200,,,LandingPage,,
http_req_connecting,1780770985,0.000000,,,,true,,GET,LandingPage,HTTP/1.1,default,,200,,,LandingPage,,
http_req_tls_handshaking,1780770985,0.000000,,,,true,,GET,LandingPage,HTTP/1.1,default,,200,,,LandingPage,,
http_req_sending,1780770985,0.000000,,,,true,,GET,LandingPage,HTTP/1.1,default,,200,,,LandingPage,,
http_req_waiting,1780770985,7446.185400,,,,true,,GET,LandingPage,HTTP/1.1,default,,200,,,LandingPage,,
http_req_receiving,1780770985,0.835200,,,,true,,GET,LandingPage,HTTP/1.1,default,,200,,,LandingPage,,
http_req_failed,1780770985,0.000000,,,,true,,GET,LandingPage,HTTP/1.1,default,,200,,,LandingPage,,
checks,1780770985,1.000000,Home page status is 200,,,,,,,,default,,,,,,,
http_reqs,1780770986,1.000000,,,,true,,GET,LandingPage,HTTP/1.1,default,,200,,,LandingPage,,
http_req_duration,1780770986,7757.611500,,,,true,,GET,LandingPage,HTTP/1.1,default,,200,,,LandingPage,,
http_req_blocked,1780770986,0.000000,,,,true,,GET,LandingPage,HTTP/1.1,default,,200,,,LandingPage,,
http_req_connecting,1780770986,0.000000,,,,true,,GET,LandingPage,HTTP/1.1,default,,200,,,LandingPage,,
http_req_tls_handshaking,1780770986,0.000000,,,,true,,GET,LandingPage,HTTP/1.1,default,,200,,,LandingPage,,
http_req_sending,1780770986,0.000000,,,,true,,GET,LandingPage,HTTP/1.1,default,,200,,,LandingPage,,
http_req_waiting,1780770986,7757.053700,,,,true,,GET,LandingPage,HTTP/1.1,default,,200,,,LandingPage,,
http_req_receiving,1780770986,0.557800,,,,true,,GET,LandingPage,HTTP/1.1,default,,200,,,LandingPage,,
http_req_failed,1780770986,0.000000,,,,true,,GET,LandingPage,HTTP/1.1,default,,200,,,LandingPage,,
checks,1780770986,1.000000,Home page status is 200,,,,,,,,default,,,,,,,
vus,1780770986,31.000000,,,,,,,,,,,,,,,,
vus_max,1780770986,50.000000,,,,,,,,,,,,,,,,
http_reqs,1780770986,1.000000,,,,true,,GET,LandingPage,HTTP/1.1,default,,200,,,LandingPage,,
http_req_duration,1780770986,7927.030900,,,,true,,GET,LandingPage,HTTP/1.1,default,,200,,,LandingPage,,
http_req_blocked,1780770986,0.000000,,,,true,,GET,LandingPage,HTTP/1.1,default,,200,,,LandingPage,,
http_req_connecting,1780770986,0.000000,,,,true,,GET,LandingPage,HTTP/1.1,default,,200,,,LandingPage,,
http_req_tls_handshaking,1780770986,0.000000,,,,true,,GET,LandingPage,HTTP/1.1,default,,200,,,LandingPage,,
http_req_sending,1780770986,0.000000,,,,true,,GET,LandingPage,HTTP/1.1,default,,200,,,LandingPage,,
http_req_waiting,1780770986,7926.012700,,,,true,,GET,LandingPage,HTTP/1.1,default,,200,,,LandingPage,,
http_req_receiving,1780770986,1.018200,,,,true,,GET,LandingPage,HTTP/1.1,default,,200,,,LandingPage,,
http_req_failed,1780770986,0.000000,,,,true,,GET,LandingPage,HTTP/1.1,default,,200,,,LandingPage,,
checks,1780770986,1.000000,Home page status is 200,,,,,,,,default,,,,,,,
vus,1780770987,31.000000,,,,,,,,,,,,,,,,
vus_max,1780770987,50.000000,,,,,,,,,,,,,,,,
http_reqs,1780770987,1.000000,,,,true,,GET,LandingPage,HTTP/1.1,default,,200,,,LandingPage,,
http_req_duration,1780770987,8772.016300,,,,true,,GET,LandingPage,HTTP/1.1,default,,200,,,LandingPage,,
http_req_blocked,1780770987,0.000000,,,,true,,GET,LandingPage,HTTP/1.1,default,,200,,,LandingPage,,
http_req_connecting,1780770987,0.000000,,,,true,,GET,LandingPage,HTTP/1.1,default,,200,,,LandingPage,,
http_req_tls_handshaking,1780770987,0.000000,,,,true,,GET,LandingPage,HTTP/1.1,default,,200,,,LandingPage,,
http_req_sending,1780770987,0.000000,,,,true,,GET,LandingPage,HTTP/1.1,default,,200,,,LandingPage,,
http_req_waiting,1780770987,8767.533800,,,,true,,GET,LandingPage,HTTP/1.1,default,,200,,,LandingPage,,
http_req_receiving,1780770987,4.482500,,,,true,,GET,LandingPage,HTTP/1.1,default,,200,,,LandingPage,,
http_req_failed,1780770987,0.000000,,,,true,,GET,LandingPage,HTTP/1.1,default,,200,,,LandingPage,,
checks,1780770987,1.000000,Home page status is 200,,,,,,,,default,,,,,,,
http_reqs,1780770988,1.000000,,,,true,,GET,LandingPage,HTTP/1.1,default,,200,,,LandingPage,,
http_req_duration,1780770988,8955.320500,,,,true,,GET,LandingPage,HTTP/1.1,default,,200,,,LandingPage,,
http_req_blocked,1780770988,0.000000,,,,true,,GET,LandingPage,HTTP/1.1,default,,200,,,LandingPage,,
http_req_connecting,1780770988,0.000000,,,,true,,GET,LandingPage,HTTP/1.1,default,,200,,,LandingPage,,
http_req_tls_handshaking,1780770988,0.000000,,,,true,,GET,LandingPage,HTTP/1.1,default,,200,,,LandingPage,,
http_req_sending,1780770988,1.000300,,,,true,,GET,LandingPage,HTTP/1.1,default,,200,,,LandingPage,,
http_req_waiting,1780770988,8951.816500,,,,true,,GET,LandingPage,HTTP/1.1,default,,200,,,LandingPage,,
http_req_receiving,1780770988,2.503700,,,,true,,GET,LandingPage,HTTP/1.1,default,,200,,,LandingPage,,
http_req_failed,1780770988,0.000000,,,,true,,GET,LandingPage,HTTP/1.1,default,,200,,,LandingPage,,
checks,1780770988,1.000000,Home page status is 200,,,,,,,,default,,,,,,,
latency_cold_start,1780770988,1778.000000,,,,,,,,,default,,,,,,,
vus,1780770988,32.000000,,,,,,,,,,,,,,,,
vus_max,1780770988,50.000000,,,,,,,,,,,,,,,,
http_reqs,1780770988,1.000000,,,,true,,GET,LandingPage,HTTP/1.1,default,,200,,,LandingPage,,
http_req_duration,1780770988,9041.463600,,,,true,,GET,LandingPage,HTTP/1.1,default,,200,,,LandingPage,,
http_req_blocked,1780770988,0.000000,,,,true,,GET,LandingPage,HTTP/1.1,default,,200,,,LandingPage,,
http_req_connecting,1780770988,0.000000,,,,true,,GET,LandingPage,HTTP/1.1,default,,200,,,LandingPage,,
http_req_tls_handshaking,1780770988,0.000000,,,,true,,GET,LandingPage,HTTP/1.1,default,,200,,,LandingPage,,
http_req_sending,1780770988,0.000000,,,,true,,GET,LandingPage,HTTP/1.1,default,,200,,,LandingPage,,
http_req_waiting,1780770988,9038.488100,,,,true,,GET,LandingPage,HTTP/1.1,default,,200,,,LandingPage,,
http_req_receiving,1780770988,2.975500,,,,true,,GET,LandingPage,HTTP/1.1,default,,200,,,LandingPage,,
http_req_failed,1780770988,0.000000,,,,true,,GET,LandingPage,HTTP/1.1,default,,200,,,LandingPage,,
checks,1780770988,1.000000,Home page status is 200,,,,,,,,default,,,,,,,
http_reqs,1780770989,1.000000,,,,true,,GET,LandingPage,HTTP/1.1,default,,200,,,LandingPage,,
http_req_duration,1780770989,9122.618800,,,,true,,GET,LandingPage,HTTP/1.1,default,,200,,,LandingPage,,
http_req_blocked,1780770989,0.000000,,,,true,,GET,LandingPage,HTTP/1.1,default,,200,,,LandingPage,,
http_req_connecting,1780770989,0.000000,,,,true,,GET,LandingPage,HTTP/1.1,default,,200,,,LandingPage,,
http_req_tls_handshaking,1780770989,0.000000,,,,true,,GET,LandingPage,HTTP/1.1,default,,200,,,LandingPage,,
http_req_sending,1780770989,0.000000,,,,true,,GET,LandingPage,HTTP/1.1,default,,200,,,LandingPage,,
http_req_waiting,1780770989,9121.130800,,,,true,,GET,LandingPage,HTTP/1.1,default,,200,,,LandingPage,,
http_req_receiving,1780770989,1.488000,,,,true,,GET,LandingPage,HTTP/1.1,default,,200,,,LandingPage,,
http_req_failed,1780770989,0.000000,,,,true,,GET,LandingPage,HTTP/1.1,default,,200,,,LandingPage,,
checks,1780770989,1.000000,Home page status is 200,,,,,,,,default,,,,,,,
http_reqs,1780770989,1.000000,,,,true,,GET,LandingPage,HTTP/1.1,default,,200,,,LandingPage,,
http_req_duration,1780770989,9165.676900,,,,true,,GET,LandingPage,HTTP/1.1,default,,200,,,LandingPage,,
http_req_blocked,1780770989,0.000000,,,,true,,GET,LandingPage,HTTP/1.1,default,,200,,,LandingPage,,
http_req_connecting,1780770989,0.000000,,,,true,,GET,LandingPage,HTTP/1.1,default,,200,,,LandingPage,,
http_req_tls_handshaking,1780770989,0.000000,,,,true,,GET,LandingPage,HTTP/1.1,default,,200,,,LandingPage,,
http_req_sending,1780770989,0.000000,,,,true,,GET,LandingPage,HTTP/1.1,default,,200,,,LandingPage,,
http_req_waiting,1780770989,9163.593400,,,,true,,GET,LandingPage,HTTP/1.1,default,,200,,,LandingPage,,
http_req_receiving,1780770989,2.083500,,,,true,,GET,LandingPage,HTTP/1.1,default,,200,,,LandingPage,,
http_req_failed,1780770989,0.000000,,,,true,,GET,LandingPage,HTTP/1.1,default,,200,,,LandingPage,,
checks,1780770989,1.000000,Home page status is 200,,,,,,,,default,,,,,,,
vus,1780770989,32.000000,,,,,,,,,,,,,,,,
vus_max,1780770989,50.000000,,,,,,,,,,,,,,,,
vus,1780770990,32.000000,,,,,,,,,,,,,,,,
vus_max,1780770990,50.000000,,,,,,,,,,,,,,,,
http_reqs,1780770991,1.000000,,,,true,,GET,LandingPage,HTTP/1.1,default,,200,,,LandingPage,,
http_req_duration,1780770991,10885.333600,,,,true,,GET,LandingPage,HTTP/1.1,default,,200,,,LandingPage,,
http_req_blocked,1780770991,0.000000,,,,true,,GET,LandingPage,HTTP/1.1,default,,200,,,LandingPage,,
http_req_connecting,1780770991,0.000000,,,,true,,GET,LandingPage,HTTP/1.1,default,,200,,,LandingPage,,
http_req_tls_handshaking,1780770991,0.000000,,,,true,,GET,LandingPage,HTTP/1.1,default,,200,,,LandingPage,,
http_req_sending,1780770991,0.000000,,,,true,,GET,LandingPage,HTTP/1.1,default,,200,,,LandingPage,,
http_req_waiting,1780770991,10866.025500,,,,true,,GET,LandingPage,HTTP/1.1,default,,200,,,LandingPage,,
http_req_receiving,1780770991,19.308100,,,,true,,GET,LandingPage,HTTP/1.1,default,,200,,,LandingPage,,
http_req_failed,1780770991,0.000000,,,,true,,GET,LandingPage,HTTP/1.1,default,,200,,,LandingPage,,
checks,1780770991,1.000000,Home page status is 200,,,,,,,,default,,,,,,,
vus,1780770991,32.000000,,,,,,,,,,,,,,,,
vus_max,1780770991,50.000000,,,,,,,,,,,,,,,,
http_reqs,1780770992,1.000000,,,,true,,GET,LandingPage,HTTP/1.1,default,,200,,,LandingPage,,
http_req_duration,1780770992,11375.119200,,,,true,,GET,LandingPage,HTTP/1.1,default,,200,,,LandingPage,,
http_req_blocked,1780770992,0.000000,,,,true,,GET,LandingPage,HTTP/1.1,default,,200,,,LandingPage,,
http_req_connecting,1780770992,0.000000,,,,true,,GET,LandingPage,HTTP/1.1,default,,200,,,LandingPage,,
http_req_tls_handshaking,1780770992,0.000000,,,,true,,GET,LandingPage,HTTP/1.1,default,,200,,,LandingPage,,
http_req_sending,1780770992,0.000000,,,,true,,GET,LandingPage,HTTP/1.1,default,,200,,,LandingPage,,
http_req_waiting,1780770992,11373.940800,,,,true,,GET,LandingPage,HTTP/1.1,default,,200,,,LandingPage,,
http_req_receiving,1780770992,1.178400,,,,true,,GET,LandingPage,HTTP/1.1,default,,200,,,LandingPage,,
http_req_failed,1780770992,0.000000,,,,true,,GET,LandingPage,HTTP/1.1,default,,200,,,LandingPage,,
checks,1780770992,1.000000,Home page status is 200,,,,,,,,default,,,,,,,
vus,1780770992,32.000000,,,,,,,,,,,,,,,,
vus_max,1780770992,50.000000,,,,,,,,,,,,,,,,
http_reqs,1780770992,1.000000,,,,true,,GET,LandingPage,HTTP/1.1,default,,200,,,LandingPage,,
http_req_duration,1780770992,11663.111500,,,,true,,GET,LandingPage,HTTP/1.1,default,,200,,,LandingPage,,
http_req_blocked,1780770992,0.000000,,,,true,,GET,LandingPage,HTTP/1.1,default,,200,,,LandingPage,,
http_req_connecting,1780770992,0.000000,,,,true,,GET,LandingPage,HTTP/1.1,default,,200,,,LandingPage,,
http_req_tls_handshaking,1780770992,0.000000,,,,true,,GET,LandingPage,HTTP/1.1,default,,200,,,LandingPage,,
http_req_sending,1780770992,0.000000,,,,true,,GET,LandingPage,HTTP/1.1,default,,200,,,LandingPage,,
http_req_waiting,1780770992,11662.421600,,,,true,,GET,LandingPage,HTTP/1.1,default,,200,,,LandingPage,,
http_req_receiving,1780770992,0.689900,,,,true,,GET,LandingPage,HTTP/1.1,default,,200,,,LandingPage,,
http_req_failed,1780770992,0.000000,,,,true,,GET,LandingPage,HTTP/1.1,default,,200,,,LandingPage,,
checks,1780770992,1.000000,Home page status is 200,,,,,,,,default,,,,,,,
vus,1780770993,32.000000,,,,,,,,,,,,,,,,
vus_max,1780770993,50.000000,,,,,,,,,,,,,,,,
latency_cold_start,1780770994,1778.000000,,,,,,,,,default,,,,,,,
http_reqs,1780770994,1.000000,,,,true,,GET,LandingPage,HTTP/1.1,default,,200,,,LandingPage,,
http_req_duration,1780770994,11987.974100,,,,true,,GET,LandingPage,HTTP/1.1,default,,200,,,LandingPage,,
http_req_blocked,1780770994,0.000000,,,,true,,GET,LandingPage,HTTP/1.1,default,,200,,,LandingPage,,
http_req_connecting,1780770994,0.000000,,,,true,,GET,LandingPage,HTTP/1.1,default,,200,,,LandingPage,,
http_req_tls_handshaking,1780770994,0.000000,,,,true,,GET,LandingPage,HTTP/1.1,default,,200,,,LandingPage,,
http_req_sending,1780770994,0.000000,,,,true,,GET,LandingPage,HTTP/1.1,default,,200,,,LandingPage,,
http_req_waiting,1780770994,11987.462200,,,,true,,GET,LandingPage,HTTP/1.1,default,,200,,,LandingPage,,
http_req_receiving,1780770994,0.511900,,,,true,,GET,LandingPage,HTTP/1.1,default,,200,,,LandingPage,,
http_req_failed,1780770994,0.000000,,,,true,,GET,LandingPage,HTTP/1.1,default,,200,,,LandingPage,,
checks,1780770994,1.000000,Home page status is 200,,,,,,,,default,,,,,,,
vus,1780770994,33.000000,,,,,,,,,,,,,,,,
vus_max,1780770994,50.000000,,,,,,,,,,,,,,,,
http_reqs,1780770994,1.000000,,,,true,,GET,LandingPage,HTTP/1.1,default,,200,,,LandingPage,,
http_req_duration,1780770994,12077.752600,,,,true,,GET,LandingPage,HTTP/1.1,default,,200,,,LandingPage,,
http_req_blocked,1780770994,243.183100,,,,true,,GET,LandingPage,HTTP/1.1,default,,200,,,LandingPage,,
http_req_connecting,1780770994,8.622200,,,,true,,GET,LandingPage,HTTP/1.1,default,,200,,,LandingPage,,
http_req_tls_handshaking,1780770994,0.000000,,,,true,,GET,LandingPage,HTTP/1.1,default,,200,,,LandingPage,,
http_req_sending,1780770994,0.000000,,,,true,,GET,LandingPage,HTTP/1.1,default,,200,,,LandingPage,,
http_req_waiting,1780770994,12073.227000,,,,true,,GET,LandingPage,HTTP/1.1,default,,200,,,LandingPage,,
http_req_receiving,1780770994,4.525600,,,,true,,GET,LandingPage,HTTP/1.1,default,,200,,,LandingPage,,
http_req_failed,1780770994,0.000000,,,,true,,GET,LandingPage,HTTP/1.1,default,,200,,,LandingPage,,
checks,1780770994,1.000000,Home page status is 200,,,,,,,,default,,,,,,,
http_reqs,1780770994,1.000000,,,,true,,GET,PublicCatalog,HTTP/1.1,default,,200,,,PublicCatalog,,
http_req_duration,1780770994,17445.623300,,,,true,,GET,PublicCatalog,HTTP/1.1,default,,200,,,PublicCatalog,,
http_req_blocked,1780770994,0.000000,,,,true,,GET,PublicCatalog,HTTP/1.1,default,,200,,,PublicCatalog,,
http_req_connecting,1780770994,0.000000,,,,true,,GET,PublicCatalog,HTTP/1.1,default,,200,,,PublicCatalog,,
http_req_tls_handshaking,1780770994,0.000000,,,,true,,GET,PublicCatalog,HTTP/1.1,default,,200,,,PublicCatalog,,
http_req_sending,1780770994,0.000000,,,,true,,GET,PublicCatalog,HTTP/1.1,default,,200,,,PublicCatalog,,
http_req_waiting,1780770994,17442.570600,,,,true,,GET,PublicCatalog,HTTP/1.1,default,,200,,,PublicCatalog,,
http_req_receiving,1780770994,3.052700,,,,true,,GET,PublicCatalog,HTTP/1.1,default,,200,,,PublicCatalog,,
http_req_failed,1780770994,0.000000,,,,true,,GET,PublicCatalog,HTTP/1.1,default,,200,,,PublicCatalog,,
checks,1780770994,1.000000,Catalog page status is 200,,,,,,,,default,,,,,,,
http_reqs,1780770995,1.000000,,,,true,,GET,BookDetailsJoin,HTTP/1.1,default,,200,,,BookDetailsJoin,,
http_req_duration,1780770995,14616.945300,,,,true,,GET,BookDetailsJoin,HTTP/1.1,default,,200,,,BookDetailsJoin,,
http_req_blocked,1780770995,0.000000,,,,true,,GET,BookDetailsJoin,HTTP/1.1,default,,200,,,BookDetailsJoin,,
http_req_connecting,1780770995,0.000000,,,,true,,GET,BookDetailsJoin,HTTP/1.1,default,,200,,,BookDetailsJoin,,
http_req_tls_handshaking,1780770995,0.000000,,,,true,,GET,BookDetailsJoin,HTTP/1.1,default,,200,,,BookDetailsJoin,,
http_req_sending,1780770995,0.000000,,,,true,,GET,BookDetailsJoin,HTTP/1.1,default,,200,,,BookDetailsJoin,,
http_req_waiting,1780770995,14615.392200,,,,true,,GET,BookDetailsJoin,HTTP/1.1,default,,200,,,BookDetailsJoin,,
http_req_receiving,1780770995,1.553100,,,,true,,GET,BookDetailsJoin,HTTP/1.1,default,,200,,,BookDetailsJoin,,
http_req_failed,1780770995,0.000000,,,,true,,GET,BookDetailsJoin,HTTP/1.1,default,,200,,,BookDetailsJoin,,
checks,1780770995,1.000000,Book details status is 200,,,,,,,,default,,,,,,,
http_reqs,1780770995,1.000000,,,,true,,GET,BookDetailsJoin,HTTP/1.1,default,,200,,,BookDetailsJoin,,
http_req_duration,1780770995,18856.733900,,,,true,,GET,BookDetailsJoin,HTTP/1.1,default,,200,,,BookDetailsJoin,,
http_req_blocked,1780770995,0.000000,,,,true,,GET,BookDetailsJoin,HTTP/1.1,default,,200,,,BookDetailsJoin,,
http_req_connecting,1780770995,0.000000,,,,true,,GET,BookDetailsJoin,HTTP/1.1,default,,200,,,BookDetailsJoin,,
http_req_tls_handshaking,1780770995,0.000000,,,,true,,GET,BookDetailsJoin,HTTP/1.1,default,,200,,,BookDetailsJoin,,
http_req_sending,1780770995,0.000000,,,,true,,GET,BookDetailsJoin,HTTP/1.1,default,,200,,,BookDetailsJoin,,
http_req_waiting,1780770995,18852.158200,,,,true,,GET,BookDetailsJoin,HTTP/1.1,default,,200,,,BookDetailsJoin,,
http_req_receiving,1780770995,4.575700,,,,true,,GET,BookDetailsJoin,HTTP/1.1,default,,200,,,BookDetailsJoin,,
http_req_failed,1780770995,0.000000,,,,true,,GET,BookDetailsJoin,HTTP/1.1,default,,200,,,BookDetailsJoin,,
checks,1780770995,1.000000,Book details status is 200,,,,,,,,default,,,,,,,
vus,1780770995,33.000000,,,,,,,,,,,,,,,,
vus_max,1780770995,50.000000,,,,,,,,,,,,,,,,
http_reqs,1780770996,1.000000,,,,true,,GET,PublicCatalog,HTTP/1.1,default,,200,,,PublicCatalog,,
http_req_duration,1780770996,19908.986100,,,,true,,GET,PublicCatalog,HTTP/1.1,default,,200,,,PublicCatalog,,
http_req_blocked,1780770996,0.000000,,,,true,,GET,PublicCatalog,HTTP/1.1,default,,200,,,PublicCatalog,,
http_req_connecting,1780770996,0.000000,,,,true,,GET,PublicCatalog,HTTP/1.1,default,,200,,,PublicCatalog,,
http_req_tls_handshaking,1780770996,0.000000,,,,true,,GET,PublicCatalog,HTTP/1.1,default,,200,,,PublicCatalog,,
http_req_sending,1780770996,0.000000,,,,true,,GET,PublicCatalog,HTTP/1.1,default,,200,,,PublicCatalog,,
http_req_waiting,1780770996,19908.474000,,,,true,,GET,PublicCatalog,HTTP/1.1,default,,200,,,PublicCatalog,,
http_req_receiving,1780770996,0.512100,,,,true,,GET,PublicCatalog,HTTP/1.1,default,,200,,,PublicCatalog,,
http_req_failed,1780770996,0.000000,,,,true,,GET,PublicCatalog,HTTP/1.1,default,,200,,,PublicCatalog,,
checks,1780770996,1.000000,Catalog page status is 200,,,,,,,,default,,,,,,,
http_reqs,1780770996,1.000000,,,,true,,GET,BookDetailsJoin,HTTP/1.1,default,,200,,,BookDetailsJoin,,
http_req_duration,1780770996,18921.555300,,,,true,,GET,BookDetailsJoin,HTTP/1.1,default,,200,,,BookDetailsJoin,,
http_req_blocked,1780770996,0.000000,,,,true,,GET,BookDetailsJoin,HTTP/1.1,default,,200,,,BookDetailsJoin,,
http_req_connecting,1780770996,0.000000,,,,true,,GET,BookDetailsJoin,HTTP/1.1,default,,200,,,BookDetailsJoin,,
http_req_tls_handshaking,1780770996,0.000000,,,,true,,GET,BookDetailsJoin,HTTP/1.1,default,,200,,,BookDetailsJoin,,
http_req_sending,1780770996,0.000000,,,,true,,GET,BookDetailsJoin,HTTP/1.1,default,,200,,,BookDetailsJoin,,
http_req_waiting,1780770996,18921.555300,,,,true,,GET,BookDetailsJoin,HTTP/1.1,default,,200,,,BookDetailsJoin,,
http_req_receiving,1780770996,0.000000,,,,true,,GET,BookDetailsJoin,HTTP/1.1,default,,200,,,BookDetailsJoin,,
http_req_failed,1780770996,0.000000,,,,true,,GET,BookDetailsJoin,HTTP/1.1,default,,200,,,BookDetailsJoin,,
checks,1780770996,1.000000,Book details status is 200,,,,,,,,default,,,,,,,
http_reqs,1780770996,1.000000,,,,true,,GET,BookDetailsJoin,HTTP/1.1,default,,200,,,BookDetailsJoin,,
http_req_duration,1780770996,19632.807000,,,,true,,GET,BookDetailsJoin,HTTP/1.1,default,,200,,,BookDetailsJoin,,
http_req_blocked,1780770996,0.000000,,,,true,,GET,BookDetailsJoin,HTTP/1.1,default,,200,,,BookDetailsJoin,,
http_req_connecting,1780770996,0.000000,,,,true,,GET,BookDetailsJoin,HTTP/1.1,default,,200,,,BookDetailsJoin,,
http_req_tls_handshaking,1780770996,0.000000,,,,true,,GET,BookDetailsJoin,HTTP/1.1,default,,200,,,BookDetailsJoin,,
http_req_sending,1780770996,0.000000,,,,true,,GET,BookDetailsJoin,HTTP/1.1,default,,200,,,BookDetailsJoin,,
http_req_waiting,1780770996,19632.807000,,,,true,,GET,BookDetailsJoin,HTTP/1.1,default,,200,,,BookDetailsJoin,,
http_req_receiving,1780770996,0.000000,,,,true,,GET,BookDetailsJoin,HTTP/1.1,default,,200,,,BookDetailsJoin,,
http_req_failed,1780770996,0.000000,,,,true,,GET,BookDetailsJoin,HTTP/1.1,default,,200,,,BookDetailsJoin,,
checks,1780770996,1.000000,Book details status is 200,,,,,,,,default,,,,,,,
vus,1780770996,33.000000,,,,,,,,,,,,,,,,
vus_max,1780770996,50.000000,,,,,,,,,,,,,,,,
http_reqs,1780770996,1.000000,,,,true,,GET,BookDetailsJoin,HTTP/1.1,default,,200,,,BookDetailsJoin,,
http_req_duration,1780770996,15648.221700,,,,true,,GET,BookDetailsJoin,HTTP/1.1,default,,200,,,BookDetailsJoin,,
http_req_blocked,1780770996,0.000000,,,,true,,GET,BookDetailsJoin,HTTP/1.1,default,,200,,,BookDetailsJoin,,
http_req_connecting,1780770996,0.000000,,,,true,,GET,BookDetailsJoin,HTTP/1.1,default,,200,,,BookDetailsJoin,,
http_req_tls_handshaking,1780770996,0.000000,,,,true,,GET,BookDetailsJoin,HTTP/1.1,default,,200,,,BookDetailsJoin,,
http_req_sending,1780770996,0.000000,,,,true,,GET,BookDetailsJoin,HTTP/1.1,default,,200,,,BookDetailsJoin,,
http_req_waiting,1780770996,15643.533100,,,,true,,GET,BookDetailsJoin,HTTP/1.1,default,,200,,,BookDetailsJoin,,
http_req_receiving,1780770996,4.688600,,,,true,,GET,BookDetailsJoin,HTTP/1.1,default,,200,,,BookDetailsJoin,,
http_req_failed,1780770996,0.000000,,,,true,,GET,BookDetailsJoin,HTTP/1.1,default,,200,,,BookDetailsJoin,,
checks,1780770996,1.000000,Book details status is 200,,,,,,,,default,,,,,,,
http_reqs,1780770996,1.000000,,,,true,,GET,BookDetailsJoin,HTTP/1.1,default,,200,,,BookDetailsJoin,,
http_req_duration,1780770996,13997.574900,,,,true,,GET,BookDetailsJoin,HTTP/1.1,default,,200,,,BookDetailsJoin,,
http_req_blocked,1780770996,0.000000,,,,true,,GET,BookDetailsJoin,HTTP/1.1,default,,200,,,BookDetailsJoin,,
http_req_connecting,1780770996,0.000000,,,,true,,GET,BookDetailsJoin,HTTP/1.1,default,,200,,,BookDetailsJoin,,
http_req_tls_handshaking,1780770996,0.000000,,,,true,,GET,BookDetailsJoin,HTTP/1.1,default,,200,,,BookDetailsJoin,,
http_req_sending,1780770996,0.000000,,,,true,,GET,BookDetailsJoin,HTTP/1.1,default,,200,,,BookDetailsJoin,,
http_req_waiting,1780770996,13987.722700,,,,true,,GET,BookDetailsJoin,HTTP/1.1,default,,200,,,BookDetailsJoin,,
http_req_receiving,1780770996,9.852200,,,,true,,GET,BookDetailsJoin,HTTP/1.1,default,,200,,,BookDetailsJoin,,
http_req_failed,1780770996,0.000000,,,,true,,GET,BookDetailsJoin,HTTP/1.1,default,,200,,,BookDetailsJoin,,
checks,1780770996,1.000000,Book details status is 200,,,,,,,,default,,,,,,,
http_reqs,1780770997,1.000000,,,,true,,GET,PublicCatalog,HTTP/1.1,default,,200,,,PublicCatalog,,
http_req_duration,1780770997,15834.755100,,,,true,,GET,PublicCatalog,HTTP/1.1,default,,200,,,PublicCatalog,,
http_req_blocked,1780770997,0.000000,,,,true,,GET,PublicCatalog,HTTP/1.1,default,,200,,,PublicCatalog,,
http_req_connecting,1780770997,0.000000,,,,true,,GET,PublicCatalog,HTTP/1.1,default,,200,,,PublicCatalog,,
http_req_tls_handshaking,1780770997,0.000000,,,,true,,GET,PublicCatalog,HTTP/1.1,default,,200,,,PublicCatalog,,
http_req_sending,1780770997,0.000000,,,,true,,GET,PublicCatalog,HTTP/1.1,default,,200,,,PublicCatalog,,
http_req_waiting,1780770997,15834.755100,,,,true,,GET,PublicCatalog,HTTP/1.1,default,,200,,,PublicCatalog,,
http_req_receiving,1780770997,0.000000,,,,true,,GET,PublicCatalog,HTTP/1.1,default,,200,,,PublicCatalog,,
http_req_failed,1780770997,0.000000,,,,true,,GET,PublicCatalog,HTTP/1.1,default,,200,,,PublicCatalog,,
checks,1780770997,1.000000,Catalog page status is 200,,,,,,,,default,,,,,,,
http_reqs,1780770997,1.000000,,,,true,,GET,LandingPage,HTTP/1.1,default,,200,,,LandingPage,,
http_req_duration,1780770997,8959.795000,,,,true,,GET,LandingPage,HTTP/1.1,default,,200,,,LandingPage,,
http_req_blocked,1780770997,1.525600,,,,true,,GET,LandingPage,HTTP/1.1,default,,200,,,LandingPage,,
http_req_connecting,1780770997,1.525600,,,,true,,GET,LandingPage,HTTP/1.1,default,,200,,,LandingPage,,
http_req_tls_handshaking,1780770997,0.000000,,,,true,,GET,LandingPage,HTTP/1.1,default,,200,,,LandingPage,,
http_req_sending,1780770997,0.000000,,,,true,,GET,LandingPage,HTTP/1.1,default,,200,,,LandingPage,,
http_req_waiting,1780770997,8958.429600,,,,true,,GET,LandingPage,HTTP/1.1,default,,200,,,LandingPage,,
http_req_receiving,1780770997,1.365400,,,,true,,GET,LandingPage,HTTP/1.1,default,,200,,,LandingPage,,
http_req_failed,1780770997,0.000000,,,,true,,GET,LandingPage,HTTP/1.1,default,,200,,,LandingPage,,
checks,1780770997,1.000000,Home page status is 200,,,,,,,,default,,,,,,,
vus,1780770997,33.000000,,,,,,,,,,,,,,,,
vus_max,1780770997,50.000000,,,,,,,,,,,,,,,,
http_reqs,1780770998,1.000000,,,,true,,GET,BookDetailsJoin,HTTP/1.1,default,,200,,,BookDetailsJoin,,
http_req_duration,1780770998,14536.880100,,,,true,,GET,BookDetailsJoin,HTTP/1.1,default,,200,,,BookDetailsJoin,,
http_req_blocked,1780770998,0.000000,,,,true,,GET,BookDetailsJoin,HTTP/1.1,default,,200,,,BookDetailsJoin,,
http_req_connecting,1780770998,0.000000,,,,true,,GET,BookDetailsJoin,HTTP/1.1,default,,200,,,BookDetailsJoin,,
http_req_tls_handshaking,1780770998,0.000000,,,,true,,GET,BookDetailsJoin,HTTP/1.1,default,,200,,,BookDetailsJoin,,
http_req_sending,1780770998,0.000000,,,,true,,GET,BookDetailsJoin,HTTP/1.1,default,,200,,,BookDetailsJoin,,
http_req_waiting,1780770998,14535.655100,,,,true,,GET,BookDetailsJoin,HTTP/1.1,default,,200,,,BookDetailsJoin,,
http_req_receiving,1780770998,1.225000,,,,true,,GET,BookDetailsJoin,HTTP/1.1,default,,200,,,BookDetailsJoin,,
http_req_failed,1780770998,0.000000,,,,true,,GET,BookDetailsJoin,HTTP/1.1,default,,200,,,BookDetailsJoin,,
checks,1780770998,1.000000,Book details status is 200,,,,,,,,default,,,,,,,
data_sent,1780770998,264.000000,,,,,,,,,default,,,,,,,
data_received,1780770998,111280.000000,,,,,,,,,default,,,,,,,
iteration_duration,1780770998,38501.837400,,,,,,,,,default,,,,,,,
iterations,1780770998,1.000000,,,,,,,,,default,,,,,,,
http_reqs,1780770998,1.000000,,,,true,,GET,BookDetailsJoin,HTTP/1.1,default,,200,,,BookDetailsJoin,,
http_req_duration,1780770998,14373.827900,,,,true,,GET,BookDetailsJoin,HTTP/1.1,default,,200,,,BookDetailsJoin,,
http_req_blocked,1780770998,0.000000,,,,true,,GET,BookDetailsJoin,HTTP/1.1,default,,200,,,BookDetailsJoin,,
http_req_connecting,1780770998,0.000000,,,,true,,GET,BookDetailsJoin,HTTP/1.1,default,,200,,,BookDetailsJoin,,
http_req_tls_handshaking,1780770998,0.000000,,,,true,,GET,BookDetailsJoin,HTTP/1.1,default,,200,,,BookDetailsJoin,,
http_req_sending,1780770998,0.000000,,,,true,,GET,BookDetailsJoin,HTTP/1.1,default,,200,,,BookDetailsJoin,,
http_req_waiting,1780770998,14372.991100,,,,true,,GET,BookDetailsJoin,HTTP/1.1,default,,200,,,BookDetailsJoin,,
http_req_receiving,1780770998,0.836800,,,,true,,GET,BookDetailsJoin,HTTP/1.1,default,,200,,,BookDetailsJoin,,
http_req_failed,1780770998,0.000000,,,,true,,GET,BookDetailsJoin,HTTP/1.1,default,,200,,,BookDetailsJoin,,
checks,1780770998,1.000000,Book details status is 200,,,,,,,,default,,,,,,,
http_reqs,1780770998,1.000000,,,,true,,GET,BookDetailsJoin,HTTP/1.1,default,,200,,,BookDetailsJoin,,
http_req_duration,1780770998,14767.731300,,,,true,,GET,BookDetailsJoin,HTTP/1.1,default,,200,,,BookDetailsJoin,,
http_req_blocked,1780770998,0.000000,,,,true,,GET,BookDetailsJoin,HTTP/1.1,default,,200,,,BookDetailsJoin,,
http_req_connecting,1780770998,0.000000,,,,true,,GET,BookDetailsJoin,HTTP/1.1,default,,200,,,BookDetailsJoin,,
http_req_tls_handshaking,1780770998,0.000000,,,,true,,GET,BookDetailsJoin,HTTP/1.1,default,,200,,,BookDetailsJoin,,
http_req_sending,1780770998,0.000000,,,,true,,GET,BookDetailsJoin,HTTP/1.1,default,,200,,,BookDetailsJoin,,
http_req_waiting,1780770998,14766.355100,,,,true,,GET,BookDetailsJoin,HTTP/1.1,default,,200,,,BookDetailsJoin,,
http_req_receiving,1780770998,1.376200,,,,true,,GET,BookDetailsJoin,HTTP/1.1,default,,200,,,BookDetailsJoin,,
http_req_failed,1780770998,0.000000,,,,true,,GET,BookDetailsJoin,HTTP/1.1,default,,200,,,BookDetailsJoin,,
checks,1780770998,1.000000,Book details status is 200,,,,,,,,default,,,,,,,
data_sent,1780770998,264.000000,,,,,,,,,default,,,,,,,
data_received,1780770998,110574.000000,,,,,,,,,default,,,,,,,
iteration_duration,1780770998,58049.423600,,,,,,,,,default,,,,,,,
iterations,1780770998,1.000000,,,,,,,,,default,,,,,,,
vus,1780770998,33.000000,,,,,,,,,,,,,,,,
vus_max,1780770998,50.000000,,,,,,,,,,,,,,,,
http_reqs,1780770998,1.000000,,,,true,,GET,BookDetailsJoin,HTTP/1.1,default,,200,,,BookDetailsJoin,,
http_req_duration,1780770998,14719.951400,,,,true,,GET,BookDetailsJoin,HTTP/1.1,default,,200,,,BookDetailsJoin,,
http_req_blocked,1780770998,0.000000,,,,true,,GET,BookDetailsJoin,HTTP/1.1,default,,200,,,BookDetailsJoin,,
http_req_connecting,1780770998,0.000000,,,,true,,GET,BookDetailsJoin,HTTP/1.1,default,,200,,,BookDetailsJoin,,
http_req_tls_handshaking,1780770998,0.000000,,,,true,,GET,BookDetailsJoin,HTTP/1.1,default,,200,,,BookDetailsJoin,,
http_req_sending,1780770998,0.000000,,,,true,,GET,BookDetailsJoin,HTTP/1.1,default,,200,,,BookDetailsJoin,,
http_req_waiting,1780770998,14718.950000,,,,true,,GET,BookDetailsJoin,HTTP/1.1,default,,200,,,BookDetailsJoin,,
http_req_receiving,1780770998,1.001400,,,,true,,GET,BookDetailsJoin,HTTP/1.1,default,,200,,,BookDetailsJoin,,
http_req_failed,1780770998,0.000000,,,,true,,GET,BookDetailsJoin,HTTP/1.1,default,,200,,,BookDetailsJoin,,
checks,1780770998,1.000000,Book details status is 200,,,,,,,,default,,,,,,,
data_sent,1780770999,264.000000,,,,,,,,,default,,,,,,,
data_received,1780770999,110949.000000,,,,,,,,,default,,,,,,,
iteration_duration,1780770999,52834.122300,,,,,,,,,default,,,,,,,
iterations,1780770999,1.000000,,,,,,,,,default,,,,,,,
data_sent,1780770999,264.000000,,,,,,,,,default,,,,,,,
data_received,1780770999,110885.000000,,,,,,,,,default,,,,,,,
iteration_duration,1780770999,62091.912900,,,,,,,,,default,,,,,,,
iterations,1780770999,1.000000,,,,,,,,,default,,,,,,,
vus,1780770999,33.000000,,,,,,,,,,,,,,,,
vus_max,1780770999,50.000000,,,,,,,,,,,,,,,,
http_reqs,1780770999,1.000000,,,,true,,GET,LandingPage,HTTP/1.1,default,,200,,,LandingPage,,
http_req_duration,1780770999,5296.030100,,,,true,,GET,LandingPage,HTTP/1.1,default,,200,,,LandingPage,,
http_req_blocked,1780770999,1.081300,,,,true,,GET,LandingPage,HTTP/1.1,default,,200,,,LandingPage,,
http_req_connecting,1780770999,1.081300,,,,true,,GET,LandingPage,HTTP/1.1,default,,200,,,LandingPage,,
http_req_tls_handshaking,1780770999,0.000000,,,,true,,GET,LandingPage,HTTP/1.1,default,,200,,,LandingPage,,
http_req_sending,1780770999,0.000000,,,,true,,GET,LandingPage,HTTP/1.1,default,,200,,,LandingPage,,
http_req_waiting,1780770999,5295.374400,,,,true,,GET,LandingPage,HTTP/1.1,default,,200,,,LandingPage,,
http_req_receiving,1780770999,0.655700,,,,true,,GET,LandingPage,HTTP/1.1,default,,200,,,LandingPage,,
http_req_failed,1780770999,0.000000,,,,true,,GET,LandingPage,HTTP/1.1,default,,200,,,LandingPage,,
checks,1780770999,1.000000,Home page status is 200,,,,,,,,default,,,,,,,
data_sent,1780770999,264.000000,,,,,,,,,default,,,,,,,
data_received,1780770999,110738.000000,,,,,,,,,default,,,,,,,
iteration_duration,1780770999,47341.546700,,,,,,,,,default,,,,,,,
iterations,1780770999,1.000000,,,,,,,,,default,,,,,,,
data_sent,1780770999,264.000000,,,,,,,,,default,,,,,,,
data_received,1780770999,110580.000000,,,,,,,,,default,,,,,,,
iteration_duration,1780770999,42187.318700,,,,,,,,,default,,,,,,,
iterations,1780770999,1.000000,,,,,,,,,default,,,,,,,
http_reqs,1780771000,1.000000,,,,true,,GET,PublicCatalog,HTTP/1.1,default,,200,,,PublicCatalog,,
http_req_duration,1780771000,13889.743000,,,,true,,GET,PublicCatalog,HTTP/1.1,default,,200,,,PublicCatalog,,
http_req_blocked,1780771000,0.000000,,,,true,,GET,PublicCatalog,HTTP/1.1,default,,200,,,PublicCatalog,,
http_req_connecting,1780771000,0.000000,,,,true,,GET,PublicCatalog,HTTP/1.1,default,,200,,,PublicCatalog,,
http_req_tls_handshaking,1780771000,0.000000,,,,true,,GET,PublicCatalog,HTTP/1.1,default,,200,,,PublicCatalog,,
http_req_sending,1780771000,0.000000,,,,true,,GET,PublicCatalog,HTTP/1.1,default,,200,,,PublicCatalog,,
http_req_waiting,1780771000,13888.544400,,,,true,,GET,PublicCatalog,HTTP/1.1,default,,200,,,PublicCatalog,,
http_req_receiving,1780771000,1.198600,,,,true,,GET,PublicCatalog,HTTP/1.1,default,,200,,,PublicCatalog,,
http_req_failed,1780771000,0.000000,,,,true,,GET,PublicCatalog,HTTP/1.1,default,,200,,,PublicCatalog,,
checks,1780771000,1.000000,Catalog page status is 200,,,,,,,,default,,,,,,,
latency_cold_start,1780771000,1778.000000,,,,,,,,,default,,,,,,,
vus,1780771000,34.000000,,,,,,,,,,,,,,,,
vus_max,1780771000,50.000000,,,,,,,,,,,,,,,,
http_reqs,1780771000,1.000000,,,,true,,GET,PublicCatalog,HTTP/1.1,default,,200,,,PublicCatalog,,
http_req_duration,1780771000,11089.821600,,,,true,,GET,PublicCatalog,HTTP/1.1,default,,200,,,PublicCatalog,,
http_req_blocked,1780771000,0.000000,,,,true,,GET,PublicCatalog,HTTP/1.1,default,,200,,,PublicCatalog,,
http_req_connecting,1780771000,0.000000,,,,true,,GET,PublicCatalog,HTTP/1.1,default,,200,,,PublicCatalog,,
http_req_tls_handshaking,1780771000,0.000000,,,,true,,GET,PublicCatalog,HTTP/1.1,default,,200,,,PublicCatalog,,
http_req_sending,1780771000,0.000000,,,,true,,GET,PublicCatalog,HTTP/1.1,default,,200,,,PublicCatalog,,
http_req_waiting,1780771000,11088.745500,,,,true,,GET,PublicCatalog,HTTP/1.1,default,,200,,,PublicCatalog,,
http_req_receiving,1780771000,1.076100,,,,true,,GET,PublicCatalog,HTTP/1.1,default,,200,,,PublicCatalog,,
http_req_failed,1780771000,0.000000,,,,true,,GET,PublicCatalog,HTTP/1.1,default,,200,,,PublicCatalog,,
checks,1780771000,1.000000,Catalog page status is 200,,,,,,,,default,,,,,,,
data_sent,1780771001,264.000000,,,,,,,,,default,,,,,,,
data_received,1780771001,111075.000000,,,,,,,,,default,,,,,,,
iteration_duration,1780771001,43148.301200,,,,,,,,,default,,,,,,,
iterations,1780771001,1.000000,,,,,,,,,default,,,,,,,
data_sent,1780771001,264.000000,,,,,,,,,default,,,,,,,
data_received,1780771001,110747.000000,,,,,,,,,default,,,,,,,
iteration_duration,1780771001,41399.713500,,,,,,,,,default,,,,,,,
iterations,1780771001,1.000000,,,,,,,,,default,,,,,,,
data_sent,1780771001,264.000000,,,,,,,,,default,,,,,,,
data_received,1780771001,111039.000000,,,,,,,,,default,,,,,,,
iteration_duration,1780771001,43294.493200,,,,,,,,,default,,,,,,,
iterations,1780771001,1.000000,,,,,,,,,default,,,,,,,
vus,1780771001,34.000000,,,,,,,,,,,,,,,,
vus_max,1780771001,50.000000,,,,,,,,,,,,,,,,
http_reqs,1780771001,1.000000,,,,true,,GET,PublicCatalog,HTTP/1.1,default,,200,,,PublicCatalog,,
http_req_duration,1780771001,15029.161800,,,,true,,GET,PublicCatalog,HTTP/1.1,default,,200,,,PublicCatalog,,
http_req_blocked,1780771001,0.000000,,,,true,,GET,PublicCatalog,HTTP/1.1,default,,200,,,PublicCatalog,,
http_req_connecting,1780771001,0.000000,,,,true,,GET,PublicCatalog,HTTP/1.1,default,,200,,,PublicCatalog,,
http_req_tls_handshaking,1780771001,0.000000,,,,true,,GET,PublicCatalog,HTTP/1.1,default,,200,,,PublicCatalog,,
http_req_sending,1780771001,0.000000,,,,true,,GET,PublicCatalog,HTTP/1.1,default,,200,,,PublicCatalog,,
http_req_waiting,1780771001,15026.748700,,,,true,,GET,PublicCatalog,HTTP/1.1,default,,200,,,PublicCatalog,,
http_req_receiving,1780771001,2.413100,,,,true,,GET,PublicCatalog,HTTP/1.1,default,,200,,,PublicCatalog,,
http_req_failed,1780771001,0.000000,,,,true,,GET,PublicCatalog,HTTP/1.1,default,,200,,,PublicCatalog,,
checks,1780771001,1.000000,Catalog page status is 200,,,,,,,,default,,,,,,,
data_sent,1780771001,264.000000,,,,,,,,,default,,,,,,,
data_received,1780771001,111008.000000,,,,,,,,,default,,,,,,,
iteration_duration,1780771001,43423.280100,,,,,,,,,default,,,,,,,
iterations,1780771001,1.000000,,,,,,,,,default,,,,,,,
http_reqs,1780771002,1.000000,,,,true,,GET,PublicCatalog,HTTP/1.1,default,,200,,,PublicCatalog,,
http_req_duration,1780771002,16516.884500,,,,true,,GET,PublicCatalog,HTTP/1.1,default,,200,,,PublicCatalog,,
http_req_blocked,1780771002,0.000000,,,,true,,GET,PublicCatalog,HTTP/1.1,default,,200,,,PublicCatalog,,
http_req_connecting,1780771002,0.000000,,,,true,,GET,PublicCatalog,HTTP/1.1,default,,200,,,PublicCatalog,,
http_req_tls_handshaking,1780771002,0.000000,,,,true,,GET,PublicCatalog,HTTP/1.1,default,,200,,,PublicCatalog,,
http_req_sending,1780771002,0.000000,,,,true,,GET,PublicCatalog,HTTP/1.1,default,,200,,,PublicCatalog,,
http_req_waiting,1780771002,16515.694700,,,,true,,GET,PublicCatalog,HTTP/1.1,default,,200,,,PublicCatalog,,
http_req_receiving,1780771002,1.189800,,,,true,,GET,PublicCatalog,HTTP/1.1,default,,200,,,PublicCatalog,,
http_req_failed,1780771002,0.000000,,,,true,,GET,PublicCatalog,HTTP/1.1,default,,200,,,PublicCatalog,,
checks,1780771002,1.000000,Catalog page status is 200,,,,,,,,default,,,,,,,
http_reqs,1780771002,1.000000,,,,true,,GET,PublicCatalog,HTTP/1.1,default,,200,,,PublicCatalog,,
http_req_duration,1780771002,15602.436600,,,,true,,GET,PublicCatalog,HTTP/1.1,default,,200,,,PublicCatalog,,
http_req_blocked,1780771002,0.000000,,,,true,,GET,PublicCatalog,HTTP/1.1,default,,200,,,PublicCatalog,,
http_req_connecting,1780771002,0.000000,,,,true,,GET,PublicCatalog,HTTP/1.1,default,,200,,,PublicCatalog,,
http_req_tls_handshaking,1780771002,0.000000,,,,true,,GET,PublicCatalog,HTTP/1.1,default,,200,,,PublicCatalog,,
http_req_sending,1780771002,0.000000,,,,true,,GET,PublicCatalog,HTTP/1.1,default,,200,,,PublicCatalog,,
http_req_waiting,1780771002,15600.410300,,,,true,,GET,PublicCatalog,HTTP/1.1,default,,200,,,PublicCatalog,,
http_req_receiving,1780771002,2.026300,,,,true,,GET,PublicCatalog,HTTP/1.1,default,,200,,,PublicCatalog,,
http_req_failed,1780771002,0.000000,,,,true,,GET,PublicCatalog,HTTP/1.1,default,,200,,,PublicCatalog,,
checks,1780771002,1.000000,Catalog page status is 200,,,,,,,,default,,,,,,,
vus,1780771002,34.000000,,,,,,,,,,,,,,,,
vus_max,1780771002,50.000000,,,,,,,,,,,,,,,,
http_reqs,1780771003,1.000000,,,,true,,GET,PublicCatalog,HTTP/1.1,default,,200,,,PublicCatalog,,
http_req_duration,1780771003,15777.433000,,,,true,,GET,PublicCatalog,HTTP/1.1,default,,200,,,PublicCatalog,,
http_req_blocked,1780771003,0.998000,,,,true,,GET,PublicCatalog,HTTP/1.1,default,,200,,,PublicCatalog,,
http_req_connecting,1780771003,0.000000,,,,true,,GET,PublicCatalog,HTTP/1.1,default,,200,,,PublicCatalog,,
http_req_tls_handshaking,1780771003,0.000000,,,,true,,GET,PublicCatalog,HTTP/1.1,default,,200,,,PublicCatalog,,
http_req_sending,1780771003,207.252500,,,,true,,GET,PublicCatalog,HTTP/1.1,default,,200,,,PublicCatalog,,
http_req_waiting,1780771003,15570.180500,,,,true,,GET,PublicCatalog,HTTP/1.1,default,,200,,,PublicCatalog,,
http_req_receiving,1780771003,0.000000,,,,true,,GET,PublicCatalog,HTTP/1.1,default,,200,,,PublicCatalog,,
http_req_failed,1780771003,0.000000,,,,true,,GET,PublicCatalog,HTTP/1.1,default,,200,,,PublicCatalog,,
checks,1780771003,1.000000,Catalog page status is 200,,,,,,,,default,,,,,,,
vus,1780771003,34.000000,,,,,,,,,,,,,,,,
vus_max,1780771003,50.000000,,,,,,,,,,,,,,,,
http_reqs,1780771003,1.000000,,,,true,,GET,PublicCatalog,HTTP/1.1,default,,200,,,PublicCatalog,,
http_req_duration,1780771003,15012.518500,,,,true,,GET,PublicCatalog,HTTP/1.1,default,,200,,,PublicCatalog,,
http_req_blocked,1780771003,0.000000,,,,true,,GET,PublicCatalog,HTTP/1.1,default,,200,,,PublicCatalog,,
http_req_connecting,1780771003,0.000000,,,,true,,GET,PublicCatalog,HTTP/1.1,default,,200,,,PublicCatalog,,
http_req_tls_handshaking,1780771003,0.000000,,,,true,,GET,PublicCatalog,HTTP/1.1,default,,200,,,PublicCatalog,,
http_req_sending,1780771003,0.000000,,,,true,,GET,PublicCatalog,HTTP/1.1,default,,200,,,PublicCatalog,,
http_req_waiting,1780771003,15011.586900,,,,true,,GET,PublicCatalog,HTTP/1.1,default,,200,,,PublicCatalog,,
http_req_receiving,1780771003,0.931600,,,,true,,GET,PublicCatalog,HTTP/1.1,default,,200,,,PublicCatalog,,
http_req_failed,1780771003,0.000000,,,,true,,GET,PublicCatalog,HTTP/1.1,default,,200,,,PublicCatalog,,
checks,1780771003,1.000000,Catalog page status is 200,,,,,,,,default,,,,,,,
vus,1780771004,34.000000,,,,,,,,,,,,,,,,
vus_max,1780771004,50.000000,,,,,,,,,,,,,,,,
http_reqs,1780771005,1.000000,,,,true,,GET,PublicCatalog,HTTP/1.1,default,,200,,,PublicCatalog,,
http_req_duration,1780771005,16441.696000,,,,true,,GET,PublicCatalog,HTTP/1.1,default,,200,,,PublicCatalog,,
http_req_blocked,1780771005,0.000000,,,,true,,GET,PublicCatalog,HTTP/1.1,default,,200,,,PublicCatalog,,
http_req_connecting,1780771005,0.000000,,,,true,,GET,PublicCatalog,HTTP/1.1,default,,200,,,PublicCatalog,,
http_req_tls_handshaking,1780771005,0.000000,,,,true,,GET,PublicCatalog,HTTP/1.1,default,,200,,,PublicCatalog,,
http_req_sending,1780771005,0.000000,,,,true,,GET,PublicCatalog,HTTP/1.1,default,,200,,,PublicCatalog,,
http_req_waiting,1780771005,16440.295800,,,,true,,GET,PublicCatalog,HTTP/1.1,default,,200,,,PublicCatalog,,
http_req_receiving,1780771005,1.400200,,,,true,,GET,PublicCatalog,HTTP/1.1,default,,200,,,PublicCatalog,,
http_req_failed,1780771005,0.000000,,,,true,,GET,PublicCatalog,HTTP/1.1,default,,200,,,PublicCatalog,,
checks,1780771005,1.000000,Catalog page status is 200,,,,,,,,default,,,,,,,
vus,1780771005,34.000000,,,,,,,,,,,,,,,,
vus_max,1780771005,50.000000,,,,,,,,,,,,,,,,
http_reqs,1780771005,1.000000,,,,true,,GET,PublicCatalog,HTTP/1.1,default,,200,,,PublicCatalog,,
http_req_duration,1780771005,15937.397500,,,,true,,GET,PublicCatalog,HTTP/1.1,default,,200,,,PublicCatalog,,
http_req_blocked,1780771005,0.000000,,,,true,,GET,PublicCatalog,HTTP/1.1,default,,200,,,PublicCatalog,,
http_req_connecting,1780771005,0.000000,,,,true,,GET,PublicCatalog,HTTP/1.1,default,,200,,,PublicCatalog,,
http_req_tls_handshaking,1780771005,0.000000,,,,true,,GET,PublicCatalog,HTTP/1.1,default,,200,,,PublicCatalog,,
http_req_sending,1780771005,0.000000,,,,true,,GET,PublicCatalog,HTTP/1.1,default,,200,,,PublicCatalog,,
http_req_waiting,1780771005,15935.816000,,,,true,,GET,PublicCatalog,HTTP/1.1,default,,200,,,PublicCatalog,,
http_req_receiving,1780771005,1.581500,,,,true,,GET,PublicCatalog,HTTP/1.1,default,,200,,,PublicCatalog,,
http_req_failed,1780771005,0.000000,,,,true,,GET,PublicCatalog,HTTP/1.1,default,,200,,,PublicCatalog,,
checks,1780771005,1.000000,Catalog page status is 200,,,,,,,,default,,,,,,,
http_reqs,1780771006,1.000000,,,,true,,GET,PublicCatalog,HTTP/1.1,default,,200,,,PublicCatalog,,
http_req_duration,1780771006,20966.412300,,,,true,,GET,PublicCatalog,HTTP/1.1,default,,200,,,PublicCatalog,,
http_req_blocked,1780771006,0.000000,,,,true,,GET,PublicCatalog,HTTP/1.1,default,,200,,,PublicCatalog,,
http_req_connecting,1780771006,0.000000,,,,true,,GET,PublicCatalog,HTTP/1.1,default,,200,,,PublicCatalog,,
http_req_tls_handshaking,1780771006,0.000000,,,,true,,GET,PublicCatalog,HTTP/1.1,default,,200,,,PublicCatalog,,
http_req_sending,1780771006,0.000000,,,,true,,GET,PublicCatalog,HTTP/1.1,default,,200,,,PublicCatalog,,
http_req_waiting,1780771006,20966.412300,,,,true,,GET,PublicCatalog,HTTP/1.1,default,,200,,,PublicCatalog,,
http_req_receiving,1780771006,0.000000,,,,true,,GET,PublicCatalog,HTTP/1.1,default,,200,,,PublicCatalog,,
http_req_failed,1780771006,0.000000,,,,true,,GET,PublicCatalog,HTTP/1.1,default,,200,,,PublicCatalog,,
checks,1780771006,1.000000,Catalog page status is 200,,,,,,,,default,,,,,,,
latency_cold_start,1780771006,1778.000000,,,,,,,,,default,,,,,,,
vus,1780771006,35.000000,,,,,,,,,,,,,,,,
vus_max,1780771006,50.000000,,,,,,,,,,,,,,,,
http_reqs,1780771006,1.000000,,,,true,,GET,PublicCatalog,HTTP/1.1,default,,200,,,PublicCatalog,,
http_req_duration,1780771006,20651.783600,,,,true,,GET,PublicCatalog,HTTP/1.1,default,,200,,,PublicCatalog,,
http_req_blocked,1780771006,0.000000,,,,true,,GET,PublicCatalog,HTTP/1.1,default,,200,,,PublicCatalog,,
http_req_connecting,1780771006,0.000000,,,,true,,GET,PublicCatalog,HTTP/1.1,default,,200,,,PublicCatalog,,
http_req_tls_handshaking,1780771006,0.000000,,,,true,,GET,PublicCatalog,HTTP/1.1,default,,200,,,PublicCatalog,,
http_req_sending,1780771006,0.000000,,,,true,,GET,PublicCatalog,HTTP/1.1,default,,200,,,PublicCatalog,,
http_req_waiting,1780771006,20642.395500,,,,true,,GET,PublicCatalog,HTTP/1.1,default,,200,,,PublicCatalog,,
http_req_receiving,1780771006,9.388100,,,,true,,GET,PublicCatalog,HTTP/1.1,default,,200,,,PublicCatalog,,
http_req_failed,1780771006,0.000000,,,,true,,GET,PublicCatalog,HTTP/1.1,default,,200,,,PublicCatalog,,
checks,1780771006,1.000000,Catalog page status is 200,,,,,,,,default,,,,,,,
http_reqs,1780771007,1.000000,,,,true,,GET,PublicCatalog,HTTP/1.1,default,,200,,,PublicCatalog,,
http_req_duration,1780771007,16586.283100,,,,true,,GET,PublicCatalog,HTTP/1.1,default,,200,,,PublicCatalog,,
http_req_blocked,1780771007,0.000000,,,,true,,GET,PublicCatalog,HTTP/1.1,default,,200,,,PublicCatalog,,
http_req_connecting,1780771007,0.000000,,,,true,,GET,PublicCatalog,HTTP/1.1,default,,200,,,PublicCatalog,,
http_req_tls_handshaking,1780771007,0.000000,,,,true,,GET,PublicCatalog,HTTP/1.1,default,,200,,,PublicCatalog,,
http_req_sending,1780771007,0.000000,,,,true,,GET,PublicCatalog,HTTP/1.1,default,,200,,,PublicCatalog,,
http_req_waiting,1780771007,16585.003600,,,,true,,GET,PublicCatalog,HTTP/1.1,default,,200,,,PublicCatalog,,
http_req_receiving,1780771007,1.279500,,,,true,,GET,PublicCatalog,HTTP/1.1,default,,200,,,PublicCatalog,,
http_req_failed,1780771007,0.000000,,,,true,,GET,PublicCatalog,HTTP/1.1,default,,200,,,PublicCatalog,,
checks,1780771007,1.000000,Catalog page status is 200,,,,,,,,default,,,,,,,
http_reqs,1780771007,1.000000,,,,true,,GET,PublicCatalog,HTTP/1.1,default,,200,,,PublicCatalog,,
http_req_duration,1780771007,15002.694800,,,,true,,GET,PublicCatalog,HTTP/1.1,default,,200,,,PublicCatalog,,
http_req_blocked,1780771007,0.000000,,,,true,,GET,PublicCatalog,HTTP/1.1,default,,200,,,PublicCatalog,,
http_req_connecting,1780771007,0.000000,,,,true,,GET,PublicCatalog,HTTP/1.1,default,,200,,,PublicCatalog,,
http_req_tls_handshaking,1780771007,0.000000,,,,true,,GET,PublicCatalog,HTTP/1.1,default,,200,,,PublicCatalog,,
http_req_sending,1780771007,0.000000,,,,true,,GET,PublicCatalog,HTTP/1.1,default,,200,,,PublicCatalog,,
http_req_waiting,1780771007,15001.582200,,,,true,,GET,PublicCatalog,HTTP/1.1,default,,200,,,PublicCatalog,,
http_req_receiving,1780771007,1.112600,,,,true,,GET,PublicCatalog,HTTP/1.1,default,,200,,,PublicCatalog,,
http_req_failed,1780771007,0.000000,,,,true,,GET,PublicCatalog,HTTP/1.1,default,,200,,,PublicCatalog,,
checks,1780771007,1.000000,Catalog page status is 200,,,,,,,,default,,,,,,,
vus,1780771007,35.000000,,,,,,,,,,,,,,,,
vus_max,1780771007,50.000000,,,,,,,,,,,,,,,,
http_reqs,1780771007,1.000000,,,,true,,GET,PublicCatalog,HTTP/1.1,default,,200,,,PublicCatalog,,
http_req_duration,1780771007,20249.264700,,,,true,,GET,PublicCatalog,HTTP/1.1,default,,200,,,PublicCatalog,,
http_req_blocked,1780771007,0.000000,,,,true,,GET,PublicCatalog,HTTP/1.1,default,,200,,,PublicCatalog,,
http_req_connecting,1780771007,0.000000,,,,true,,GET,PublicCatalog,HTTP/1.1,default,,200,,,PublicCatalog,,
http_req_tls_handshaking,1780771007,0.000000,,,,true,,GET,PublicCatalog,HTTP/1.1,default,,200,,,PublicCatalog,,
http_req_sending,1780771007,2.020200,,,,true,,GET,PublicCatalog,HTTP/1.1,default,,200,,,PublicCatalog,,
http_req_waiting,1780771007,20245.825200,,,,true,,GET,PublicCatalog,HTTP/1.1,default,,200,,,PublicCatalog,,
http_req_receiving,1780771007,1.419300,,,,true,,GET,PublicCatalog,HTTP/1.1,default,,200,,,PublicCatalog,,
http_req_failed,1780771007,0.000000,,,,true,,GET,PublicCatalog,HTTP/1.1,default,,200,,,PublicCatalog,,
checks,1780771007,1.000000,Catalog page status is 200,,,,,,,,default,,,,,,,
http_reqs,1780771008,1.000000,,,,true,,GET,PublicCatalog,HTTP/1.1,default,,200,,,PublicCatalog,,
http_req_duration,1780771008,14344.208700,,,,true,,GET,PublicCatalog,HTTP/1.1,default,,200,,,PublicCatalog,,
http_req_blocked,1780771008,0.000000,,,,true,,GET,PublicCatalog,HTTP/1.1,default,,200,,,PublicCatalog,,
http_req_connecting,1780771008,0.000000,,,,true,,GET,PublicCatalog,HTTP/1.1,default,,200,,,PublicCatalog,,
http_req_tls_handshaking,1780771008,0.000000,,,,true,,GET,PublicCatalog,HTTP/1.1,default,,200,,,PublicCatalog,,
http_req_sending,1780771008,0.000000,,,,true,,GET,PublicCatalog,HTTP/1.1,default,,200,,,PublicCatalog,,
http_req_waiting,1780771008,14342.797100,,,,true,,GET,PublicCatalog,HTTP/1.1,default,,200,,,PublicCatalog,,
http_req_receiving,1780771008,1.411600,,,,true,,GET,PublicCatalog,HTTP/1.1,default,,200,,,PublicCatalog,,
http_req_failed,1780771008,0.000000,,,,true,,GET,PublicCatalog,HTTP/1.1,default,,200,,,PublicCatalog,,
checks,1780771008,1.000000,Catalog page status is 200,,,,,,,,default,,,,,,,
vus,1780771008,35.000000,,,,,,,,,,,,,,,,
vus_max,1780771008,50.000000,,,,,,,,,,,,,,,,
http_reqs,1780771008,1.000000,,,,true,,GET,PublicCatalog,HTTP/1.1,default,,200,,,PublicCatalog,,
http_req_duration,1780771008,15183.074100,,,,true,,GET,PublicCatalog,HTTP/1.1,default,,200,,,PublicCatalog,,
http_req_blocked,1780771008,0.000000,,,,true,,GET,PublicCatalog,HTTP/1.1,default,,200,,,PublicCatalog,,
http_req_connecting,1780771008,0.000000,,,,true,,GET,PublicCatalog,HTTP/1.1,default,,200,,,PublicCatalog,,
http_req_tls_handshaking,1780771008,0.000000,,,,true,,GET,PublicCatalog,HTTP/1.1,default,,200,,,PublicCatalog,,
http_req_sending,1780771008,0.000000,,,,true,,GET,PublicCatalog,HTTP/1.1,default,,200,,,PublicCatalog,,
http_req_waiting,1780771008,15182.565000,,,,true,,GET,PublicCatalog,HTTP/1.1,default,,200,,,PublicCatalog,,
http_req_receiving,1780771008,0.509100,,,,true,,GET,PublicCatalog,HTTP/1.1,default,,200,,,PublicCatalog,,
http_req_failed,1780771008,0.000000,,,,true,,GET,PublicCatalog,HTTP/1.1,default,,200,,,PublicCatalog,,
checks,1780771008,1.000000,Catalog page status is 200,,,,,,,,default,,,,,,,
http_reqs,1780771008,1.000000,,,,true,,GET,LandingPage,HTTP/1.1,default,,200,,,LandingPage,,
http_req_duration,1780771008,10807.334000,,,,true,,GET,LandingPage,HTTP/1.1,default,,200,,,LandingPage,,
http_req_blocked,1780771008,0.000000,,,,true,,GET,LandingPage,HTTP/1.1,default,,200,,,LandingPage,,
http_req_connecting,1780771008,0.000000,,,,true,,GET,LandingPage,HTTP/1.1,default,,200,,,LandingPage,,
http_req_tls_handshaking,1780771008,0.000000,,,,true,,GET,LandingPage,HTTP/1.1,default,,200,,,LandingPage,,
http_req_sending,1780771008,0.000000,,,,true,,GET,LandingPage,HTTP/1.1,default,,200,,,LandingPage,,
http_req_waiting,1780771008,10805.903300,,,,true,,GET,LandingPage,HTTP/1.1,default,,200,,,LandingPage,,
http_req_receiving,1780771008,1.430700,,,,true,,GET,LandingPage,HTTP/1.1,default,,200,,,LandingPage,,
http_req_failed,1780771008,0.000000,,,,true,,GET,LandingPage,HTTP/1.1,default,,200,,,LandingPage,,
checks,1780771008,1.000000,Home page status is 200,,,,,,,,default,,,,,,,
http_reqs,1780771009,1.000000,,,,true,,GET,LandingPage,HTTP/1.1,default,,200,,,LandingPage,,
http_req_duration,1780771009,10667.703600,,,,true,,GET,LandingPage,HTTP/1.1,default,,200,,,LandingPage,,
http_req_blocked,1780771009,0.000000,,,,true,,GET,LandingPage,HTTP/1.1,default,,200,,,LandingPage,,
http_req_connecting,1780771009,0.000000,,,,true,,GET,LandingPage,HTTP/1.1,default,,200,,,LandingPage,,
http_req_tls_handshaking,1780771009,0.000000,,,,true,,GET,LandingPage,HTTP/1.1,default,,200,,,LandingPage,,
http_req_sending,1780771009,0.000000,,,,true,,GET,LandingPage,HTTP/1.1,default,,200,,,LandingPage,,
http_req_waiting,1780771009,10666.231400,,,,true,,GET,LandingPage,HTTP/1.1,default,,200,,,LandingPage,,
http_req_receiving,1780771009,1.472200,,,,true,,GET,LandingPage,HTTP/1.1,default,,200,,,LandingPage,,
http_req_failed,1780771009,0.000000,,,,true,,GET,LandingPage,HTTP/1.1,default,,200,,,LandingPage,,
checks,1780771009,1.000000,Home page status is 200,,,,,,,,default,,,,,,,
vus,1780771009,35.000000,,,,,,,,,,,,,,,,
vus_max,1780771009,50.000000,,,,,,,,,,,,,,,,
http_reqs,1780771009,1.000000,,,,true,,GET,LandingPage,HTTP/1.1,default,,200,,,LandingPage,,
http_req_duration,1780771009,10514.443100,,,,true,,GET,LandingPage,HTTP/1.1,default,,200,,,LandingPage,,
http_req_blocked,1780771009,0.996000,,,,true,,GET,LandingPage,HTTP/1.1,default,,200,,,LandingPage,,
http_req_connecting,1780771009,0.000000,,,,true,,GET,LandingPage,HTTP/1.1,default,,200,,,LandingPage,,
http_req_tls_handshaking,1780771009,0.000000,,,,true,,GET,LandingPage,HTTP/1.1,default,,200,,,LandingPage,,
http_req_sending,1780771009,0.000000,,,,true,,GET,LandingPage,HTTP/1.1,default,,200,,,LandingPage,,
http_req_waiting,1780771009,10513.809600,,,,true,,GET,LandingPage,HTTP/1.1,default,,200,,,LandingPage,,
http_req_receiving,1780771009,0.633500,,,,true,,GET,LandingPage,HTTP/1.1,default,,200,,,LandingPage,,
http_req_failed,1780771009,0.000000,,,,true,,GET,LandingPage,HTTP/1.1,default,,200,,,LandingPage,,
checks,1780771009,1.000000,Home page status is 200,,,,,,,,default,,,,,,,
http_reqs,1780771010,1.000000,,,,true,,GET,LandingPage,HTTP/1.1,default,,200,,,LandingPage,,
http_req_duration,1780771010,10781.944700,,,,true,,GET,LandingPage,HTTP/1.1,default,,200,,,LandingPage,,
http_req_blocked,1780771010,0.000000,,,,true,,GET,LandingPage,HTTP/1.1,default,,200,,,LandingPage,,
http_req_connecting,1780771010,0.000000,,,,true,,GET,LandingPage,HTTP/1.1,default,,200,,,LandingPage,,
http_req_tls_handshaking,1780771010,0.000000,,,,true,,GET,LandingPage,HTTP/1.1,default,,200,,,LandingPage,,
http_req_sending,1780771010,0.000000,,,,true,,GET,LandingPage,HTTP/1.1,default,,200,,,LandingPage,,
http_req_waiting,1780771010,10780.539400,,,,true,,GET,LandingPage,HTTP/1.1,default,,200,,,LandingPage,,
http_req_receiving,1780771010,1.405300,,,,true,,GET,LandingPage,HTTP/1.1,default,,200,,,LandingPage,,
http_req_failed,1780771010,0.000000,,,,true,,GET,LandingPage,HTTP/1.1,default,,200,,,LandingPage,,
checks,1780771010,1.000000,Home page status is 200,,,,,,,,default,,,,,,,
vus,1780771010,35.000000,,,,,,,,,,,,,,,,
vus_max,1780771010,50.000000,,,,,,,,,,,,,,,,
http_reqs,1780771010,1.000000,,,,true,,GET,LandingPage,HTTP/1.1,default,,200,,,LandingPage,,
http_req_duration,1780771010,11093.492800,,,,true,,GET,LandingPage,HTTP/1.1,default,,200,,,LandingPage,,
http_req_blocked,1780771010,0.000000,,,,true,,GET,LandingPage,HTTP/1.1,default,,200,,,LandingPage,,
http_req_connecting,1780771010,0.000000,,,,true,,GET,LandingPage,HTTP/1.1,default,,200,,,LandingPage,,
http_req_tls_handshaking,1780771010,0.000000,,,,true,,GET,LandingPage,HTTP/1.1,default,,200,,,LandingPage,,
http_req_sending,1780771010,0.000000,,,,true,,GET,LandingPage,HTTP/1.1,default,,200,,,LandingPage,,
http_req_waiting,1780771010,11092.541200,,,,true,,GET,LandingPage,HTTP/1.1,default,,200,,,LandingPage,,
http_req_receiving,1780771010,0.951600,,,,true,,GET,LandingPage,HTTP/1.1,default,,200,,,LandingPage,,
http_req_failed,1780771010,0.000000,,,,true,,GET,LandingPage,HTTP/1.1,default,,200,,,LandingPage,,
checks,1780771010,1.000000,Home page status is 200,,,,,,,,default,,,,,,,
http_reqs,1780771011,1.000000,,,,true,,GET,LandingPage,HTTP/1.1,default,,200,,,LandingPage,,
http_req_duration,1780771011,11239.612300,,,,true,,GET,LandingPage,HTTP/1.1,default,,200,,,LandingPage,,
http_req_blocked,1780771011,0.000000,,,,true,,GET,LandingPage,HTTP/1.1,default,,200,,,LandingPage,,
http_req_connecting,1780771011,0.000000,,,,true,,GET,LandingPage,HTTP/1.1,default,,200,,,LandingPage,,
http_req_tls_handshaking,1780771011,0.000000,,,,true,,GET,LandingPage,HTTP/1.1,default,,200,,,LandingPage,,
http_req_sending,1780771011,0.000000,,,,true,,GET,LandingPage,HTTP/1.1,default,,200,,,LandingPage,,
http_req_waiting,1780771011,11238.641500,,,,true,,GET,LandingPage,HTTP/1.1,default,,200,,,LandingPage,,
http_req_receiving,1780771011,0.970800,,,,true,,GET,LandingPage,HTTP/1.1,default,,200,,,LandingPage,,
http_req_failed,1780771011,0.000000,,,,true,,GET,LandingPage,HTTP/1.1,default,,200,,,LandingPage,,
checks,1780771011,1.000000,Home page status is 200,,,,,,,,default,,,,,,,
http_reqs,1780771011,1.000000,,,,true,,GET,LandingPage,HTTP/1.1,default,,200,,,LandingPage,,
http_req_duration,1780771011,10909.429200,,,,true,,GET,LandingPage,HTTP/1.1,default,,200,,,LandingPage,,
http_req_blocked,1780771011,2.886400,,,,true,,GET,LandingPage,HTTP/1.1,default,,200,,,LandingPage,,
http_req_connecting,1780771011,2.373800,,,,true,,GET,LandingPage,HTTP/1.1,default,,200,,,LandingPage,,
http_req_tls_handshaking,1780771011,0.000000,,,,true,,GET,LandingPage,HTTP/1.1,default,,200,,,LandingPage,,
http_req_sending,1780771011,0.000000,,,,true,,GET,LandingPage,HTTP/1.1,default,,200,,,LandingPage,,
http_req_waiting,1780771011,10907.197300,,,,true,,GET,LandingPage,HTTP/1.1,default,,200,,,LandingPage,,
http_req_receiving,1780771011,2.231900,,,,true,,GET,LandingPage,HTTP/1.1,default,,200,,,LandingPage,,
http_req_failed,1780771011,0.000000,,,,true,,GET,LandingPage,HTTP/1.1,default,,200,,,LandingPage,,
checks,1780771011,1.000000,Home page status is 200,,,,,,,,default,,,,,,,
vus,1780771011,35.000000,,,,,,,,,,,,,,,,
vus_max,1780771011,50.000000,,,,,,,,,,,,,,,,
latency_cold_start,1780771012,1778.000000,,,,,,,,,default,,,,,,,
http_reqs,1780771012,1.000000,,,,true,,GET,LandingPage,HTTP/1.1,default,,200,,,LandingPage,,
http_req_duration,1780771012,11405.956300,,,,true,,GET,LandingPage,HTTP/1.1,default,,200,,,LandingPage,,
http_req_blocked,1780771012,0.000000,,,,true,,GET,LandingPage,HTTP/1.1,default,,200,,,LandingPage,,
http_req_connecting,1780771012,0.000000,,,,true,,GET,LandingPage,HTTP/1.1,default,,200,,,LandingPage,,
http_req_tls_handshaking,1780771012,0.000000,,,,true,,GET,LandingPage,HTTP/1.1,default,,200,,,LandingPage,,
http_req_sending,1780771012,0.000000,,,,true,,GET,LandingPage,HTTP/1.1,default,,200,,,LandingPage,,
http_req_waiting,1780771012,11404.726700,,,,true,,GET,LandingPage,HTTP/1.1,default,,200,,,LandingPage,,
http_req_receiving,1780771012,1.229600,,,,true,,GET,LandingPage,HTTP/1.1,default,,200,,,LandingPage,,
http_req_failed,1780771012,0.000000,,,,true,,GET,LandingPage,HTTP/1.1,default,,200,,,LandingPage,,
checks,1780771012,1.000000,Home page status is 200,,,,,,,,default,,,,,,,
vus,1780771012,36.000000,,,,,,,,,,,,,,,,
vus_max,1780771012,50.000000,,,,,,,,,,,,,,,,
http_reqs,1780771012,1.000000,,,,true,,GET,LandingPage,HTTP/1.1,default,,200,,,LandingPage,,
http_req_duration,1780771012,11482.601800,,,,true,,GET,LandingPage,HTTP/1.1,default,,200,,,LandingPage,,
http_req_blocked,1780771012,0.000000,,,,true,,GET,LandingPage,HTTP/1.1,default,,200,,,LandingPage,,
http_req_connecting,1780771012,0.000000,,,,true,,GET,LandingPage,HTTP/1.1,default,,200,,,LandingPage,,
http_req_tls_handshaking,1780771012,0.000000,,,,true,,GET,LandingPage,HTTP/1.1,default,,200,,,LandingPage,,
http_req_sending,1780771012,0.522600,,,,true,,GET,LandingPage,HTTP/1.1,default,,200,,,LandingPage,,
http_req_waiting,1780771012,11481.264300,,,,true,,GET,LandingPage,HTTP/1.1,default,,200,,,LandingPage,,
http_req_receiving,1780771012,0.814900,,,,true,,GET,LandingPage,HTTP/1.1,default,,200,,,LandingPage,,
http_req_failed,1780771012,0.000000,,,,true,,GET,LandingPage,HTTP/1.1,default,,200,,,LandingPage,,
checks,1780771012,1.000000,Home page status is 200,,,,,,,,default,,,,,,,
http_reqs,1780771013,1.000000,,,,true,,GET,LandingPage,HTTP/1.1,default,,200,,,LandingPage,,
http_req_duration,1780771013,11516.821700,,,,true,,GET,LandingPage,HTTP/1.1,default,,200,,,LandingPage,,
http_req_blocked,1780771013,0.000000,,,,true,,GET,LandingPage,HTTP/1.1,default,,200,,,LandingPage,,
http_req_connecting,1780771013,0.000000,,,,true,,GET,LandingPage,HTTP/1.1,default,,200,,,LandingPage,,
http_req_tls_handshaking,1780771013,0.000000,,,,true,,GET,LandingPage,HTTP/1.1,default,,200,,,LandingPage,,
http_req_sending,1780771013,0.000000,,,,true,,GET,LandingPage,HTTP/1.1,default,,200,,,LandingPage,,
http_req_waiting,1780771013,11515.398200,,,,true,,GET,LandingPage,HTTP/1.1,default,,200,,,LandingPage,,
http_req_receiving,1780771013,1.423500,,,,true,,GET,LandingPage,HTTP/1.1,default,,200,,,LandingPage,,
http_req_failed,1780771013,0.000000,,,,true,,GET,LandingPage,HTTP/1.1,default,,200,,,LandingPage,,
checks,1780771013,1.000000,Home page status is 200,,,,,,,,default,,,,,,,
http_reqs,1780771013,1.000000,,,,true,,GET,LandingPage,HTTP/1.1,default,,200,,,LandingPage,,
http_req_duration,1780771013,11390.485800,,,,true,,GET,LandingPage,HTTP/1.1,default,,200,,,LandingPage,,
http_req_blocked,1780771013,0.000000,,,,true,,GET,LandingPage,HTTP/1.1,default,,200,,,LandingPage,,
http_req_connecting,1780771013,0.000000,,,,true,,GET,LandingPage,HTTP/1.1,default,,200,,,LandingPage,,
http_req_tls_handshaking,1780771013,0.000000,,,,true,,GET,LandingPage,HTTP/1.1,default,,200,,,LandingPage,,
http_req_sending,1780771013,0.000000,,,,true,,GET,LandingPage,HTTP/1.1,default,,200,,,LandingPage,,
http_req_waiting,1780771013,11390.079700,,,,true,,GET,LandingPage,HTTP/1.1,default,,200,,,LandingPage,,
http_req_receiving,1780771013,0.406100,,,,true,,GET,LandingPage,HTTP/1.1,default,,200,,,LandingPage,,
http_req_failed,1780771013,0.000000,,,,true,,GET,LandingPage,HTTP/1.1,default,,200,,,LandingPage,,
checks,1780771013,1.000000,Home page status is 200,,,,,,,,default,,,,,,,
vus,1780771013,36.000000,,,,,,,,,,,,,,,,
vus_max,1780771013,50.000000,,,,,,,,,,,,,,,,
http_reqs,1780771014,1.000000,,,,true,,GET,LandingPage,HTTP/1.1,default,,200,,,LandingPage,,
http_req_duration,1780771014,8135.762000,,,,true,,GET,LandingPage,HTTP/1.1,default,,200,,,LandingPage,,
http_req_blocked,1780771014,0.971900,,,,true,,GET,LandingPage,HTTP/1.1,default,,200,,,LandingPage,,
http_req_connecting,1780771014,0.971900,,,,true,,GET,LandingPage,HTTP/1.1,default,,200,,,LandingPage,,
http_req_tls_handshaking,1780771014,0.000000,,,,true,,GET,LandingPage,HTTP/1.1,default,,200,,,LandingPage,,
http_req_sending,1780771014,0.000000,,,,true,,GET,LandingPage,HTTP/1.1,default,,200,,,LandingPage,,
http_req_waiting,1780771014,8130.622500,,,,true,,GET,LandingPage,HTTP/1.1,default,,200,,,LandingPage,,
http_req_receiving,1780771014,5.139500,,,,true,,GET,LandingPage,HTTP/1.1,default,,200,,,LandingPage,,
http_req_failed,1780771014,0.000000,,,,true,,GET,LandingPage,HTTP/1.1,default,,200,,,LandingPage,,
checks,1780771014,1.000000,Home page status is 200,,,,,,,,default,,,,,,,
vus,1780771014,36.000000,,,,,,,,,,,,,,,,
vus_max,1780771014,50.000000,,,,,,,,,,,,,,,,
http_reqs,1780771014,1.000000,,,,true,,GET,BookDetailsJoin,HTTP/1.1,default,,200,,,BookDetailsJoin,,
http_req_duration,1780771014,15781.427800,,,,true,,GET,BookDetailsJoin,HTTP/1.1,default,,200,,,BookDetailsJoin,,
http_req_blocked,1780771014,0.000000,,,,true,,GET,BookDetailsJoin,HTTP/1.1,default,,200,,,BookDetailsJoin,,
http_req_connecting,1780771014,0.000000,,,,true,,GET,BookDetailsJoin,HTTP/1.1,default,,200,,,BookDetailsJoin,,
http_req_tls_handshaking,1780771014,0.000000,,,,true,,GET,BookDetailsJoin,HTTP/1.1,default,,200,,,BookDetailsJoin,,
http_req_sending,1780771014,0.000000,,,,true,,GET,BookDetailsJoin,HTTP/1.1,default,,200,,,BookDetailsJoin,,
http_req_waiting,1780771014,15780.051000,,,,true,,GET,BookDetailsJoin,HTTP/1.1,default,,200,,,BookDetailsJoin,,
http_req_receiving,1780771014,1.376800,,,,true,,GET,BookDetailsJoin,HTTP/1.1,default,,200,,,BookDetailsJoin,,
http_req_failed,1780771014,0.000000,,,,true,,GET,BookDetailsJoin,HTTP/1.1,default,,200,,,BookDetailsJoin,,
checks,1780771014,1.000000,Book details status is 200,,,,,,,,default,,,,,,,
http_reqs,1780771015,1.000000,,,,true,,GET,BookDetailsJoin,HTTP/1.1,default,,200,,,BookDetailsJoin,,
http_req_duration,1780771015,17227.164000,,,,true,,GET,BookDetailsJoin,HTTP/1.1,default,,200,,,BookDetailsJoin,,
http_req_blocked,1780771015,0.000000,,,,true,,GET,BookDetailsJoin,HTTP/1.1,default,,200,,,BookDetailsJoin,,
http_req_connecting,1780771015,0.000000,,,,true,,GET,BookDetailsJoin,HTTP/1.1,default,,200,,,BookDetailsJoin,,
http_req_tls_handshaking,1780771015,0.000000,,,,true,,GET,BookDetailsJoin,HTTP/1.1,default,,200,,,BookDetailsJoin,,
http_req_sending,1780771015,0.000000,,,,true,,GET,BookDetailsJoin,HTTP/1.1,default,,200,,,BookDetailsJoin,,
http_req_waiting,1780771015,17224.505500,,,,true,,GET,BookDetailsJoin,HTTP/1.1,default,,200,,,BookDetailsJoin,,
http_req_receiving,1780771015,2.658500,,,,true,,GET,BookDetailsJoin,HTTP/1.1,default,,200,,,BookDetailsJoin,,
http_req_failed,1780771015,0.000000,,,,true,,GET,BookDetailsJoin,HTTP/1.1,default,,200,,,BookDetailsJoin,,
checks,1780771015,1.000000,Book details status is 200,,,,,,,,default,,,,,,,
vus,1780771015,36.000000,,,,,,,,,,,,,,,,
vus_max,1780771015,50.000000,,,,,,,,,,,,,,,,
http_reqs,1780771015,1.000000,,,,true,,GET,BookDetailsJoin,HTTP/1.1,default,,200,,,BookDetailsJoin,,
http_req_duration,1780771015,18633.960700,,,,true,,GET,BookDetailsJoin,HTTP/1.1,default,,200,,,BookDetailsJoin,,
http_req_blocked,1780771015,0.000000,,,,true,,GET,BookDetailsJoin,HTTP/1.1,default,,200,,,BookDetailsJoin,,
http_req_connecting,1780771015,0.000000,,,,true,,GET,BookDetailsJoin,HTTP/1.1,default,,200,,,BookDetailsJoin,,
http_req_tls_handshaking,1780771015,0.000000,,,,true,,GET,BookDetailsJoin,HTTP/1.1,default,,200,,,BookDetailsJoin,,
http_req_sending,1780771015,0.000000,,,,true,,GET,BookDetailsJoin,HTTP/1.1,default,,200,,,BookDetailsJoin,,
http_req_waiting,1780771015,18632.369900,,,,true,,GET,BookDetailsJoin,HTTP/1.1,default,,200,,,BookDetailsJoin,,
http_req_receiving,1780771015,1.590800,,,,true,,GET,BookDetailsJoin,HTTP/1.1,default,,200,,,BookDetailsJoin,,
http_req_failed,1780771015,0.000000,,,,true,,GET,BookDetailsJoin,HTTP/1.1,default,,200,,,BookDetailsJoin,,
checks,1780771015,1.000000,Book details status is 200,,,,,,,,default,,,,,,,
http_reqs,1780771015,1.000000,,,,true,,GET,PublicCatalog,HTTP/1.1,default,,200,,,PublicCatalog,,
http_req_duration,1780771015,20200.467200,,,,true,,GET,PublicCatalog,HTTP/1.1,default,,200,,,PublicCatalog,,
http_req_blocked,1780771015,0.000000,,,,true,,GET,PublicCatalog,HTTP/1.1,default,,200,,,PublicCatalog,,
http_req_connecting,1780771015,0.000000,,,,true,,GET,PublicCatalog,HTTP/1.1,default,,200,,,PublicCatalog,,
http_req_tls_handshaking,1780771015,0.000000,,,,true,,GET,PublicCatalog,HTTP/1.1,default,,200,,,PublicCatalog,,
http_req_sending,1780771015,0.000000,,,,true,,GET,PublicCatalog,HTTP/1.1,default,,200,,,PublicCatalog,,
http_req_waiting,1780771015,20199.328500,,,,true,,GET,PublicCatalog,HTTP/1.1,default,,200,,,PublicCatalog,,
http_req_receiving,1780771015,1.138700,,,,true,,GET,PublicCatalog,HTTP/1.1,default,,200,,,PublicCatalog,,
http_req_failed,1780771015,0.000000,,,,true,,GET,PublicCatalog,HTTP/1.1,default,,200,,,PublicCatalog,,
checks,1780771015,1.000000,Catalog page status is 200,,,,,,,,default,,,,,,,
http_reqs,1780771016,1.000000,,,,true,,GET,PublicCatalog,HTTP/1.1,default,,200,,,PublicCatalog,,
http_req_duration,1780771016,20669.794400,,,,true,,GET,PublicCatalog,HTTP/1.1,default,,200,,,PublicCatalog,,
http_req_blocked,1780771016,0.000000,,,,true,,GET,PublicCatalog,HTTP/1.1,default,,200,,,PublicCatalog,,
http_req_connecting,1780771016,0.000000,,,,true,,GET,PublicCatalog,HTTP/1.1,default,,200,,,PublicCatalog,,
http_req_tls_handshaking,1780771016,0.000000,,,,true,,GET,PublicCatalog,HTTP/1.1,default,,200,,,PublicCatalog,,
http_req_sending,1780771016,0.000000,,,,true,,GET,PublicCatalog,HTTP/1.1,default,,200,,,PublicCatalog,,
http_req_waiting,1780771016,20669.106900,,,,true,,GET,PublicCatalog,HTTP/1.1,default,,200,,,PublicCatalog,,
http_req_receiving,1780771016,0.687500,,,,true,,GET,PublicCatalog,HTTP/1.1,default,,200,,,PublicCatalog,,
http_req_failed,1780771016,0.000000,,,,true,,GET,PublicCatalog,HTTP/1.1,default,,200,,,PublicCatalog,,
checks,1780771016,1.000000,Catalog page status is 200,,,,,,,,default,,,,,,,
http_reqs,1780771016,1.000000,,,,true,,GET,PublicCatalog,HTTP/1.1,default,,200,,,PublicCatalog,,
http_req_duration,1780771016,17924.288900,,,,true,,GET,PublicCatalog,HTTP/1.1,default,,200,,,PublicCatalog,,
http_req_blocked,1780771016,0.000000,,,,true,,GET,PublicCatalog,HTTP/1.1,default,,200,,,PublicCatalog,,
http_req_connecting,1780771016,0.000000,,,,true,,GET,PublicCatalog,HTTP/1.1,default,,200,,,PublicCatalog,,
http_req_tls_handshaking,1780771016,0.000000,,,,true,,GET,PublicCatalog,HTTP/1.1,default,,200,,,PublicCatalog,,
http_req_sending,1780771016,0.000000,,,,true,,GET,PublicCatalog,HTTP/1.1,default,,200,,,PublicCatalog,,
http_req_waiting,1780771016,17918.953400,,,,true,,GET,PublicCatalog,HTTP/1.1,default,,200,,,PublicCatalog,,
http_req_receiving,1780771016,5.335500,,,,true,,GET,PublicCatalog,HTTP/1.1,default,,200,,,PublicCatalog,,
http_req_failed,1780771016,0.000000,,,,true,,GET,PublicCatalog,HTTP/1.1,default,,200,,,PublicCatalog,,
checks,1780771016,1.000000,Catalog page status is 200,,,,,,,,default,,,,,,,
http_reqs,1780771016,1.000000,,,,true,,GET,BookDetailsJoin,HTTP/1.1,default,,200,,,BookDetailsJoin,,
http_req_duration,1780771016,12832.761500,,,,true,,GET,BookDetailsJoin,HTTP/1.1,default,,200,,,BookDetailsJoin,,
http_req_blocked,1780771016,0.000000,,,,true,,GET,BookDetailsJoin,HTTP/1.1,default,,200,,,BookDetailsJoin,,
http_req_connecting,1780771016,0.000000,,,,true,,GET,BookDetailsJoin,HTTP/1.1,default,,200,,,BookDetailsJoin,,
http_req_tls_handshaking,1780771016,0.000000,,,,true,,GET,BookDetailsJoin,HTTP/1.1,default,,200,,,BookDetailsJoin,,
http_req_sending,1780771016,0.000000,,,,true,,GET,BookDetailsJoin,HTTP/1.1,default,,200,,,BookDetailsJoin,,
http_req_waiting,1780771016,12832.321300,,,,true,,GET,BookDetailsJoin,HTTP/1.1,default,,200,,,BookDetailsJoin,,
http_req_receiving,1780771016,0.440200,,,,true,,GET,BookDetailsJoin,HTTP/1.1,default,,200,,,BookDetailsJoin,,
http_req_failed,1780771016,0.000000,,,,true,,GET,BookDetailsJoin,HTTP/1.1,default,,200,,,BookDetailsJoin,,
checks,1780771016,1.000000,Book details status is 200,,,,,,,,default,,,,,,,
vus,1780771016,36.000000,,,,,,,,,,,,,,,,
vus_max,1780771016,50.000000,,,,,,,,,,,,,,,,
http_reqs,1780771016,1.000000,,,,true,,GET,PublicCatalog,HTTP/1.1,default,,200,,,PublicCatalog,,
http_req_duration,1780771016,15872.314300,,,,true,,GET,PublicCatalog,HTTP/1.1,default,,200,,,PublicCatalog,,
http_req_blocked,1780771016,0.000000,,,,true,,GET,PublicCatalog,HTTP/1.1,default,,200,,,PublicCatalog,,
http_req_connecting,1780771016,0.000000,,,,true,,GET,PublicCatalog,HTTP/1.1,default,,200,,,PublicCatalog,,
http_req_tls_handshaking,1780771016,0.000000,,,,true,,GET,PublicCatalog,HTTP/1.1,default,,200,,,PublicCatalog,,
http_req_sending,1780771016,0.000000,,,,true,,GET,PublicCatalog,HTTP/1.1,default,,200,,,PublicCatalog,,
http_req_waiting,1780771016,15863.461900,,,,true,,GET,PublicCatalog,HTTP/1.1,default,,200,,,PublicCatalog,,
http_req_receiving,1780771016,8.852400,,,,true,,GET,PublicCatalog,HTTP/1.1,default,,200,,,PublicCatalog,,
http_req_failed,1780771016,0.000000,,,,true,,GET,PublicCatalog,HTTP/1.1,default,,200,,,PublicCatalog,,
checks,1780771016,1.000000,Catalog page status is 200,,,,,,,,default,,,,,,,
http_reqs,1780771016,1.000000,,,,true,,GET,BookDetailsJoin,HTTP/1.1,default,,200,,,BookDetailsJoin,,
http_req_duration,1780771016,13862.822500,,,,true,,GET,BookDetailsJoin,HTTP/1.1,default,,200,,,BookDetailsJoin,,
http_req_blocked,1780771016,0.000000,,,,true,,GET,BookDetailsJoin,HTTP/1.1,default,,200,,,BookDetailsJoin,,
http_req_connecting,1780771016,0.000000,,,,true,,GET,BookDetailsJoin,HTTP/1.1,default,,200,,,BookDetailsJoin,,
http_req_tls_handshaking,1780771016,0.000000,,,,true,,GET,BookDetailsJoin,HTTP/1.1,default,,200,,,BookDetailsJoin,,
http_req_sending,1780771016,0.000000,,,,true,,GET,BookDetailsJoin,HTTP/1.1,default,,200,,,BookDetailsJoin,,
http_req_waiting,1780771016,13861.997300,,,,true,,GET,BookDetailsJoin,HTTP/1.1,default,,200,,,BookDetailsJoin,,
http_req_receiving,1780771016,0.825200,,,,true,,GET,BookDetailsJoin,HTTP/1.1,default,,200,,,BookDetailsJoin,,
http_req_failed,1780771016,0.000000,,,,true,,GET,BookDetailsJoin,HTTP/1.1,default,,200,,,BookDetailsJoin,,
checks,1780771016,1.000000,Book details status is 200,,,,,,,,default,,,,,,,
http_reqs,1780771016,1.000000,,,,true,,GET,BookDetailsJoin,HTTP/1.1,default,,200,,,BookDetailsJoin,,
http_req_duration,1780771016,14632.775600,,,,true,,GET,BookDetailsJoin,HTTP/1.1,default,,200,,,BookDetailsJoin,,
http_req_blocked,1780771016,0.000000,,,,true,,GET,BookDetailsJoin,HTTP/1.1,default,,200,,,BookDetailsJoin,,
http_req_connecting,1780771016,0.000000,,,,true,,GET,BookDetailsJoin,HTTP/1.1,default,,200,,,BookDetailsJoin,,
http_req_tls_handshaking,1780771016,0.000000,,,,true,,GET,BookDetailsJoin,HTTP/1.1,default,,200,,,BookDetailsJoin,,
http_req_sending,1780771016,0.000000,,,,true,,GET,BookDetailsJoin,HTTP/1.1,default,,200,,,BookDetailsJoin,,
http_req_waiting,1780771016,14630.103200,,,,true,,GET,BookDetailsJoin,HTTP/1.1,default,,200,,,BookDetailsJoin,,
http_req_receiving,1780771016,2.672400,,,,true,,GET,BookDetailsJoin,HTTP/1.1,default,,200,,,BookDetailsJoin,,
http_req_failed,1780771016,0.000000,,,,true,,GET,BookDetailsJoin,HTTP/1.1,default,,200,,,BookDetailsJoin,,
checks,1780771016,1.000000,Book details status is 200,,,,,,,,default,,,,,,,
http_reqs,1780771017,1.000000,,,,true,,GET,BookDetailsJoin,HTTP/1.1,default,,200,,,BookDetailsJoin,,
http_req_duration,1780771017,13111.752600,,,,true,,GET,BookDetailsJoin,HTTP/1.1,default,,200,,,BookDetailsJoin,,
http_req_blocked,1780771017,0.000000,,,,true,,GET,BookDetailsJoin,HTTP/1.1,default,,200,,,BookDetailsJoin,,
http_req_connecting,1780771017,0.000000,,,,true,,GET,BookDetailsJoin,HTTP/1.1,default,,200,,,BookDetailsJoin,,
http_req_tls_handshaking,1780771017,0.000000,,,,true,,GET,BookDetailsJoin,HTTP/1.1,default,,200,,,BookDetailsJoin,,
http_req_sending,1780771017,0.995400,,,,true,,GET,BookDetailsJoin,HTTP/1.1,default,,200,,,BookDetailsJoin,,
http_req_waiting,1780771017,13109.696500,,,,true,,GET,BookDetailsJoin,HTTP/1.1,default,,200,,,BookDetailsJoin,,
http_req_receiving,1780771017,1.060700,,,,true,,GET,BookDetailsJoin,HTTP/1.1,default,,200,,,BookDetailsJoin,,
http_req_failed,1780771017,0.000000,,,,true,,GET,BookDetailsJoin,HTTP/1.1,default,,200,,,BookDetailsJoin,,
checks,1780771017,1.000000,Book details status is 200,,,,,,,,default,,,,,,,
http_reqs,1780771017,1.000000,,,,true,,GET,BookDetailsJoin,HTTP/1.1,default,,200,,,BookDetailsJoin,,
http_req_duration,1780771017,12748.866600,,,,true,,GET,BookDetailsJoin,HTTP/1.1,default,,200,,,BookDetailsJoin,,
http_req_blocked,1780771017,0.000000,,,,true,,GET,BookDetailsJoin,HTTP/1.1,default,,200,,,BookDetailsJoin,,
http_req_connecting,1780771017,0.000000,,,,true,,GET,BookDetailsJoin,HTTP/1.1,default,,200,,,BookDetailsJoin,,
http_req_tls_handshaking,1780771017,0.000000,,,,true,,GET,BookDetailsJoin,HTTP/1.1,default,,200,,,BookDetailsJoin,,
http_req_sending,1780771017,0.000000,,,,true,,GET,BookDetailsJoin,HTTP/1.1,default,,200,,,BookDetailsJoin,,
http_req_waiting,1780771017,12747.651000,,,,true,,GET,BookDetailsJoin,HTTP/1.1,default,,200,,,BookDetailsJoin,,
http_req_receiving,1780771017,1.215600,,,,true,,GET,BookDetailsJoin,HTTP/1.1,default,,200,,,BookDetailsJoin,,
http_req_failed,1780771017,0.000000,,,,true,,GET,BookDetailsJoin,HTTP/1.1,default,,200,,,BookDetailsJoin,,
checks,1780771017,1.000000,Book details status is 200,,,,,,,,default,,,,,,,
http_reqs,1780771017,1.000000,,,,true,,GET,BookDetailsJoin,HTTP/1.1,default,,200,,,BookDetailsJoin,,
http_req_duration,1780771017,9861.702900,,,,true,,GET,BookDetailsJoin,HTTP/1.1,default,,200,,,BookDetailsJoin,,
http_req_blocked,1780771017,0.000000,,,,true,,GET,BookDetailsJoin,HTTP/1.1,default,,200,,,BookDetailsJoin,,
http_req_connecting,1780771017,0.000000,,,,true,,GET,BookDetailsJoin,HTTP/1.1,default,,200,,,BookDetailsJoin,,
http_req_tls_handshaking,1780771017,0.000000,,,,true,,GET,BookDetailsJoin,HTTP/1.1,default,,200,,,BookDetailsJoin,,
http_req_sending,1780771017,0.000000,,,,true,,GET,BookDetailsJoin,HTTP/1.1,default,,200,,,BookDetailsJoin,,
http_req_waiting,1780771017,9861.702900,,,,true,,GET,BookDetailsJoin,HTTP/1.1,default,,200,,,BookDetailsJoin,,
http_req_receiving,1780771017,0.000000,,,,true,,GET,BookDetailsJoin,HTTP/1.1,default,,200,,,BookDetailsJoin,,
http_req_failed,1780771017,0.000000,,,,true,,GET,BookDetailsJoin,HTTP/1.1,default,,200,,,BookDetailsJoin,,
checks,1780771017,1.000000,Book details status is 200,,,,,,,,default,,,,,,,
http_reqs,1780771017,1.000000,,,,true,,GET,BookDetailsJoin,HTTP/1.1,default,,200,,,BookDetailsJoin,,
http_req_duration,1780771017,9317.147700,,,,true,,GET,BookDetailsJoin,HTTP/1.1,default,,200,,,BookDetailsJoin,,
http_req_blocked,1780771017,0.000000,,,,true,,GET,BookDetailsJoin,HTTP/1.1,default,,200,,,BookDetailsJoin,,
http_req_connecting,1780771017,0.000000,,,,true,,GET,BookDetailsJoin,HTTP/1.1,default,,200,,,BookDetailsJoin,,
http_req_tls_handshaking,1780771017,0.000000,,,,true,,GET,BookDetailsJoin,HTTP/1.1,default,,200,,,BookDetailsJoin,,
http_req_sending,1780771017,0.000000,,,,true,,GET,BookDetailsJoin,HTTP/1.1,default,,200,,,BookDetailsJoin,,
http_req_waiting,1780771017,9315.391600,,,,true,,GET,BookDetailsJoin,HTTP/1.1,default,,200,,,BookDetailsJoin,,
http_req_receiving,1780771017,1.756100,,,,true,,GET,BookDetailsJoin,HTTP/1.1,default,,200,,,BookDetailsJoin,,
http_req_failed,1780771017,0.000000,,,,true,,GET,BookDetailsJoin,HTTP/1.1,default,,200,,,BookDetailsJoin,,
checks,1780771017,1.000000,Book details status is 200,,,,,,,,default,,,,,,,
vus,1780771017,36.000000,,,,,,,,,,,,,,,,
vus_max,1780771017,50.000000,,,,,,,,,,,,,,,,
http_reqs,1780771017,1.000000,,,,true,,GET,BookDetailsJoin,HTTP/1.1,default,,200,,,BookDetailsJoin,,
http_req_duration,1780771017,11930.946900,,,,true,,GET,BookDetailsJoin,HTTP/1.1,default,,200,,,BookDetailsJoin,,
http_req_blocked,1780771017,0.000000,,,,true,,GET,BookDetailsJoin,HTTP/1.1,default,,200,,,BookDetailsJoin,,
http_req_connecting,1780771017,0.000000,,,,true,,GET,BookDetailsJoin,HTTP/1.1,default,,200,,,BookDetailsJoin,,
http_req_tls_handshaking,1780771017,0.000000,,,,true,,GET,BookDetailsJoin,HTTP/1.1,default,,200,,,BookDetailsJoin,,
http_req_sending,1780771017,0.000000,,,,true,,GET,BookDetailsJoin,HTTP/1.1,default,,200,,,BookDetailsJoin,,
http_req_waiting,1780771017,11929.827900,,,,true,,GET,BookDetailsJoin,HTTP/1.1,default,,200,,,BookDetailsJoin,,
http_req_receiving,1780771017,1.119000,,,,true,,GET,BookDetailsJoin,HTTP/1.1,default,,200,,,BookDetailsJoin,,
http_req_failed,1780771017,0.000000,,,,true,,GET,BookDetailsJoin,HTTP/1.1,default,,200,,,BookDetailsJoin,,
checks,1780771017,1.000000,Book details status is 200,,,,,,,,default,,,,,,,
http_reqs,1780771017,1.000000,,,,true,,GET,BookDetailsJoin,HTTP/1.1,default,,200,,,BookDetailsJoin,,
http_req_duration,1780771017,9805.445800,,,,true,,GET,BookDetailsJoin,HTTP/1.1,default,,200,,,BookDetailsJoin,,
http_req_blocked,1780771017,0.000000,,,,true,,GET,BookDetailsJoin,HTTP/1.1,default,,200,,,BookDetailsJoin,,
http_req_connecting,1780771017,0.000000,,,,true,,GET,BookDetailsJoin,HTTP/1.1,default,,200,,,BookDetailsJoin,,
http_req_tls_handshaking,1780771017,0.000000,,,,true,,GET,BookDetailsJoin,HTTP/1.1,default,,200,,,BookDetailsJoin,,
http_req_sending,1780771017,0.684700,,,,true,,GET,BookDetailsJoin,HTTP/1.1,default,,200,,,BookDetailsJoin,,
http_req_waiting,1780771017,9804.230400,,,,true,,GET,BookDetailsJoin,HTTP/1.1,default,,200,,,BookDetailsJoin,,
http_req_receiving,1780771017,0.530700,,,,true,,GET,BookDetailsJoin,HTTP/1.1,default,,200,,,BookDetailsJoin,,
http_req_failed,1780771017,0.000000,,,,true,,GET,BookDetailsJoin,HTTP/1.1,default,,200,,,BookDetailsJoin,,
checks,1780771017,1.000000,Book details status is 200,,,,,,,,default,,,,,,,
data_sent,1780771017,264.000000,,,,,,,,,default,,,,,,,
data_received,1780771017,111200.000000,,,,,,,,,default,,,,,,,
iteration_duration,1780771017,41472.405700,,,,,,,,,default,,,,,,,
iterations,1780771017,1.000000,,,,,,,,,default,,,,,,,
http_reqs,1780771018,1.000000,,,,true,,GET,BookDetailsJoin,HTTP/1.1,default,,200,,,BookDetailsJoin,,
http_req_duration,1780771018,8524.973400,,,,true,,GET,BookDetailsJoin,HTTP/1.1,default,,200,,,BookDetailsJoin,,
http_req_blocked,1780771018,0.000000,,,,true,,GET,BookDetailsJoin,HTTP/1.1,default,,200,,,BookDetailsJoin,,
http_req_connecting,1780771018,0.000000,,,,true,,GET,BookDetailsJoin,HTTP/1.1,default,,200,,,BookDetailsJoin,,
http_req_tls_handshaking,1780771018,0.000000,,,,true,,GET,BookDetailsJoin,HTTP/1.1,default,,200,,,BookDetailsJoin,,
http_req_sending,1780771018,0.000000,,,,true,,GET,BookDetailsJoin,HTTP/1.1,default,,200,,,BookDetailsJoin,,
http_req_waiting,1780771018,8524.329500,,,,true,,GET,BookDetailsJoin,HTTP/1.1,default,,200,,,BookDetailsJoin,,
http_req_receiving,1780771018,0.643900,,,,true,,GET,BookDetailsJoin,HTTP/1.1,default,,200,,,BookDetailsJoin,,
http_req_failed,1780771018,0.000000,,,,true,,GET,BookDetailsJoin,HTTP/1.1,default,,200,,,BookDetailsJoin,,
checks,1780771018,1.000000,Book details status is 200,,,,,,,,default,,,,,,,
data_sent,1780771018,264.000000,,,,,,,,,default,,,,,,,
data_received,1780771018,110346.000000,,,,,,,,,default,,,,,,,
iteration_duration,1780771018,53860.433600,,,,,,,,,default,,,,,,,
iterations,1780771018,1.000000,,,,,,,,,default,,,,,,,
http_reqs,1780771018,1.000000,,,,true,,GET,BookDetailsJoin,HTTP/1.1,default,,200,,,BookDetailsJoin,,
http_req_duration,1780771018,9733.426000,,,,true,,GET,BookDetailsJoin,HTTP/1.1,default,,200,,,BookDetailsJoin,,
http_req_blocked,1780771018,0.000000,,,,true,,GET,BookDetailsJoin,HTTP/1.1,default,,200,,,BookDetailsJoin,,
http_req_connecting,1780771018,0.000000,,,,true,,GET,BookDetailsJoin,HTTP/1.1,default,,200,,,BookDetailsJoin,,
http_req_tls_handshaking,1780771018,0.000000,,,,true,,GET,BookDetailsJoin,HTTP/1.1,default,,200,,,BookDetailsJoin,,
http_req_sending,1780771018,0.000000,,,,true,,GET,BookDetailsJoin,HTTP/1.1,default,,200,,,BookDetailsJoin,,
http_req_waiting,1780771018,9732.017600,,,,true,,GET,BookDetailsJoin,HTTP/1.1,default,,200,,,BookDetailsJoin,,
http_req_receiving,1780771018,1.408400,,,,true,,GET,BookDetailsJoin,HTTP/1.1,default,,200,,,BookDetailsJoin,,
http_req_failed,1780771018,0.000000,,,,true,,GET,BookDetailsJoin,HTTP/1.1,default,,200,,,BookDetailsJoin,,
checks,1780771018,1.000000,Book details status is 200,,,,,,,,default,,,,,,,
latency_cold_start,1780771018,1778.000000,,,,,,,,,default,,,,,,,
vus,1780771018,37.000000,,,,,,,,,,,,,,,,
vus_max,1780771018,50.000000,,,,,,,,,,,,,,,,
data_sent,1780771018,264.000000,,,,,,,,,default,,,,,,,
data_received,1780771018,110494.000000,,,,,,,,,default,,,,,,,
iteration_duration,1780771018,48168.218400,,,,,,,,,default,,,,,,,
iterations,1780771018,1.000000,,,,,,,,,default,,,,,,,
http_reqs,1780771018,1.000000,,,,true,,GET,BookDetailsJoin,HTTP/1.1,default,,200,,,BookDetailsJoin,,
http_req_duration,1780771018,9611.678000,,,,true,,GET,BookDetailsJoin,HTTP/1.1,default,,200,,,BookDetailsJoin,,
http_req_blocked,1780771018,0.000000,,,,true,,GET,BookDetailsJoin,HTTP/1.1,default,,200,,,BookDetailsJoin,,
http_req_connecting,1780771018,0.000000,,,,true,,GET,BookDetailsJoin,HTTP/1.1,default,,200,,,BookDetailsJoin,,
http_req_tls_handshaking,1780771018,0.000000,,,,true,,GET,BookDetailsJoin,HTTP/1.1,default,,200,,,BookDetailsJoin,,
http_req_sending,1780771018,0.000000,,,,true,,GET,BookDetailsJoin,HTTP/1.1,default,,200,,,BookDetailsJoin,,
http_req_waiting,1780771018,9610.609000,,,,true,,GET,BookDetailsJoin,HTTP/1.1,default,,200,,,BookDetailsJoin,,
http_req_receiving,1780771018,1.069000,,,,true,,GET,BookDetailsJoin,HTTP/1.1,default,,200,,,BookDetailsJoin,,
http_req_failed,1780771018,0.000000,,,,true,,GET,BookDetailsJoin,HTTP/1.1,default,,200,,,BookDetailsJoin,,
checks,1780771018,1.000000,Book details status is 200,,,,,,,,default,,,,,,,
http_reqs,1780771018,1.000000,,,,true,,GET,BookDetailsJoin,HTTP/1.1,default,,200,,,BookDetailsJoin,,
http_req_duration,1780771018,8634.557500,,,,true,,GET,BookDetailsJoin,HTTP/1.1,default,,200,,,BookDetailsJoin,,
http_req_blocked,1780771018,0.000000,,,,true,,GET,BookDetailsJoin,HTTP/1.1,default,,200,,,BookDetailsJoin,,
http_req_connecting,1780771018,0.000000,,,,true,,GET,BookDetailsJoin,HTTP/1.1,default,,200,,,BookDetailsJoin,,
http_req_tls_handshaking,1780771018,0.000000,,,,true,,GET,BookDetailsJoin,HTTP/1.1,default,,200,,,BookDetailsJoin,,
http_req_sending,1780771018,0.000000,,,,true,,GET,BookDetailsJoin,HTTP/1.1,default,,200,,,BookDetailsJoin,,
http_req_waiting,1780771018,8633.757000,,,,true,,GET,BookDetailsJoin,HTTP/1.1,default,,200,,,BookDetailsJoin,,
http_req_receiving,1780771018,0.800500,,,,true,,GET,BookDetailsJoin,HTTP/1.1,default,,200,,,BookDetailsJoin,,
http_req_failed,1780771018,0.000000,,,,true,,GET,BookDetailsJoin,HTTP/1.1,default,,200,,,BookDetailsJoin,,
checks,1780771018,1.000000,Book details status is 200,,,,,,,,default,,,,,,,
http_reqs,1780771019,1.000000,,,,true,,GET,BookDetailsJoin,HTTP/1.1,default,,200,,,BookDetailsJoin,,
http_req_duration,1780771019,9162.420200,,,,true,,GET,BookDetailsJoin,HTTP/1.1,default,,200,,,BookDetailsJoin,,
http_req_blocked,1780771019,0.000000,,,,true,,GET,BookDetailsJoin,HTTP/1.1,default,,200,,,BookDetailsJoin,,
http_req_connecting,1780771019,0.000000,,,,true,,GET,BookDetailsJoin,HTTP/1.1,default,,200,,,BookDetailsJoin,,
http_req_tls_handshaking,1780771019,0.000000,,,,true,,GET,BookDetailsJoin,HTTP/1.1,default,,200,,,BookDetailsJoin,,
http_req_sending,1780771019,0.000000,,,,true,,GET,BookDetailsJoin,HTTP/1.1,default,,200,,,BookDetailsJoin,,
http_req_waiting,1780771019,9160.930000,,,,true,,GET,BookDetailsJoin,HTTP/1.1,default,,200,,,BookDetailsJoin,,
http_req_receiving,1780771019,1.490200,,,,true,,GET,BookDetailsJoin,HTTP/1.1,default,,200,,,BookDetailsJoin,,
http_req_failed,1780771019,0.000000,,,,true,,GET,BookDetailsJoin,HTTP/1.1,default,,200,,,BookDetailsJoin,,
checks,1780771019,1.000000,Book details status is 200,,,,,,,,default,,,,,,,
http_reqs,1780771019,1.000000,,,,true,,GET,BookDetailsJoin,HTTP/1.1,default,,200,,,BookDetailsJoin,,
http_req_duration,1780771019,8757.693900,,,,true,,GET,BookDetailsJoin,HTTP/1.1,default,,200,,,BookDetailsJoin,,
http_req_blocked,1780771019,0.000000,,,,true,,GET,BookDetailsJoin,HTTP/1.1,default,,200,,,BookDetailsJoin,,
http_req_connecting,1780771019,0.000000,,,,true,,GET,BookDetailsJoin,HTTP/1.1,default,,200,,,BookDetailsJoin,,
http_req_tls_handshaking,1780771019,0.000000,,,,true,,GET,BookDetailsJoin,HTTP/1.1,default,,200,,,BookDetailsJoin,,
http_req_sending,1780771019,0.000000,,,,true,,GET,BookDetailsJoin,HTTP/1.1,default,,200,,,BookDetailsJoin,,
http_req_waiting,1780771019,8757.011700,,,,true,,GET,BookDetailsJoin,HTTP/1.1,default,,200,,,BookDetailsJoin,,
http_req_receiving,1780771019,0.682200,,,,true,,GET,BookDetailsJoin,HTTP/1.1,default,,200,,,BookDetailsJoin,,
http_req_failed,1780771019,0.000000,,,,true,,GET,BookDetailsJoin,HTTP/1.1,default,,200,,,BookDetailsJoin,,
checks,1780771019,1.000000,Book details status is 200,,,,,,,,default,,,,,,,
data_sent,1780771019,264.000000,,,,,,,,,default,,,,,,,
data_received,1780771019,110624.000000,,,,,,,,,default,,,,,,,
iteration_duration,1780771019,42001.224200,,,,,,,,,default,,,,,,,
iterations,1780771019,1.000000,,,,,,,,,default,,,,,,,
http_reqs,1780771019,1.000000,,,,true,,GET,BookDetailsJoin,HTTP/1.1,default,,200,,,BookDetailsJoin,,
http_req_duration,1780771019,14281.049200,,,,true,,GET,BookDetailsJoin,HTTP/1.1,default,,200,,,BookDetailsJoin,,
http_req_blocked,1780771019,0.000000,,,,true,,GET,BookDetailsJoin,HTTP/1.1,default,,200,,,BookDetailsJoin,,
http_req_connecting,1780771019,0.000000,,,,true,,GET,BookDetailsJoin,HTTP/1.1,default,,200,,,BookDetailsJoin,,
http_req_tls_handshaking,1780771019,0.000000,,,,true,,GET,BookDetailsJoin,HTTP/1.1,default,,200,,,BookDetailsJoin,,
http_req_sending,1780771019,0.000000,,,,true,,GET,BookDetailsJoin,HTTP/1.1,default,,200,,,BookDetailsJoin,,
http_req_waiting,1780771019,14279.896800,,,,true,,GET,BookDetailsJoin,HTTP/1.1,default,,200,,,BookDetailsJoin,,
http_req_receiving,1780771019,1.152400,,,,true,,GET,BookDetailsJoin,HTTP/1.1,default,,200,,,BookDetailsJoin,,
http_req_failed,1780771019,0.000000,,,,true,,GET,BookDetailsJoin,HTTP/1.1,default,,200,,,BookDetailsJoin,,
checks,1780771019,1.000000,Book details status is 200,,,,,,,,default,,,,,,,
vus,1780771019,37.000000,,,,,,,,,,,,,,,,
vus_max,1780771019,50.000000,,,,,,,,,,,,,,,,
data_sent,1780771019,264.000000,,,,,,,,,default,,,,,,,
data_received,1780771019,110101.000000,,,,,,,,,default,,,,,,,
iteration_duration,1780771019,40035.724500,,,,,,,,,default,,,,,,,
iterations,1780771019,1.000000,,,,,,,,,default,,,,,,,
data_sent,1780771019,264.000000,,,,,,,,,default,,,,,,,
data_received,1780771019,110580.000000,,,,,,,,,default,,,,,,,
iteration_duration,1780771019,42704.398600,,,,,,,,,default,,,,,,,
iterations,1780771019,1.000000,,,,,,,,,default,,,,,,,
http_reqs,1780771020,1.000000,,,,true,,GET,LandingPage,HTTP/1.1,default,,200,,,LandingPage,,
http_req_duration,1780771020,7693.723800,,,,true,,GET,LandingPage,HTTP/1.1,default,,200,,,LandingPage,,
http_req_blocked,1780771020,1.165300,,,,true,,GET,LandingPage,HTTP/1.1,default,,200,,,LandingPage,,
http_req_connecting,1780771020,1.165300,,,,true,,GET,LandingPage,HTTP/1.1,default,,200,,,LandingPage,,
http_req_tls_handshaking,1780771020,0.000000,,,,true,,GET,LandingPage,HTTP/1.1,default,,200,,,LandingPage,,
http_req_sending,1780771020,0.000000,,,,true,,GET,LandingPage,HTTP/1.1,default,,200,,,LandingPage,,
http_req_waiting,1780771020,7692.654400,,,,true,,GET,LandingPage,HTTP/1.1,default,,200,,,LandingPage,,
http_req_receiving,1780771020,1.069400,,,,true,,GET,LandingPage,HTTP/1.1,default,,200,,,LandingPage,,
http_req_failed,1780771020,0.000000,,,,true,,GET,LandingPage,HTTP/1.1,default,,200,,,LandingPage,,
checks,1780771020,1.000000,Home page status is 200,,,,,,,,default,,,,,,,
data_sent,1780771020,264.000000,,,,,,,,,default,,,,,,,
data_received,1780771020,110845.000000,,,,,,,,,default,,,,,,,
iteration_duration,1780771020,43736.524100,,,,,,,,,default,,,,,,,
iterations,1780771020,1.000000,,,,,,,,,default,,,,,,,
data_sent,1780771020,264.000000,,,,,,,,,default,,,,,,,
data_received,1780771020,109962.000000,,,,,,,,,default,,,,,,,
iteration_duration,1780771020,41829.058500,,,,,,,,,default,,,,,,,
iterations,1780771020,1.000000,,,,,,,,,default,,,,,,,
data_sent,1780771020,264.000000,,,,,,,,,default,,,,,,,
data_received,1780771020,110078.000000,,,,,,,,,default,,,,,,,
iteration_duration,1780771020,41267.454500,,,,,,,,,default,,,,,,,
iterations,1780771020,1.000000,,,,,,,,,default,,,,,,,
data_sent,1780771020,264.000000,,,,,,,,,default,,,,,,,
data_received,1780771020,110906.000000,,,,,,,,,default,,,,,,,
iteration_duration,1780771020,43557.644900,,,,,,,,,default,,,,,,,
iterations,1780771020,1.000000,,,,,,,,,default,,,,,,,
vus,1780771020,37.000000,,,,,,,,,,,,,,,,
vus_max,1780771020,50.000000,,,,,,,,,,,,,,,,
http_reqs,1780771020,1.000000,,,,true,,GET,PublicCatalog,HTTP/1.1,default,,200,,,PublicCatalog,,
http_req_duration,1780771020,10629.466500,,,,true,,GET,PublicCatalog,HTTP/1.1,default,,200,,,PublicCatalog,,
http_req_blocked,1780771020,0.000000,,,,true,,GET,PublicCatalog,HTTP/1.1,default,,200,,,PublicCatalog,,
http_req_connecting,1780771020,0.000000,,,,true,,GET,PublicCatalog,HTTP/1.1,default,,200,,,PublicCatalog,,
http_req_tls_handshaking,1780771020,0.000000,,,,true,,GET,PublicCatalog,HTTP/1.1,default,,200,,,PublicCatalog,,
http_req_sending,1780771020,0.693200,,,,true,,GET,PublicCatalog,HTTP/1.1,default,,200,,,PublicCatalog,,
http_req_waiting,1780771020,10627.518200,,,,true,,GET,PublicCatalog,HTTP/1.1,default,,200,,,PublicCatalog,,
http_req_receiving,1780771020,1.255100,,,,true,,GET,PublicCatalog,HTTP/1.1,default,,200,,,PublicCatalog,,
http_req_failed,1780771020,0.000000,,,,true,,GET,PublicCatalog,HTTP/1.1,default,,200,,,PublicCatalog,,
checks,1780771020,1.000000,Catalog page status is 200,,,,,,,,default,,,,,,,
data_sent,1780771020,264.000000,,,,,,,,,default,,,,,,,
data_received,1780771020,110646.000000,,,,,,,,,default,,,,,,,
iteration_duration,1780771020,41793.233200,,,,,,,,,default,,,,,,,
iterations,1780771020,1.000000,,,,,,,,,default,,,,,,,
data_sent,1780771020,264.000000,,,,,,,,,default,,,,,,,
data_received,1780771020,110573.000000,,,,,,,,,default,,,,,,,
iteration_duration,1780771020,40872.966200,,,,,,,,,default,,,,,,,
iterations,1780771020,1.000000,,,,,,,,,default,,,,,,,
data_sent,1780771021,264.000000,,,,,,,,,default,,,,,,,
data_received,1780771021,110933.000000,,,,,,,,,default,,,,,,,
iteration_duration,1780771021,40418.919900,,,,,,,,,default,,,,,,,
iterations,1780771021,1.000000,,,,,,,,,default,,,,,,,
http_reqs,1780771021,1.000000,,,,true,,GET,PublicCatalog,HTTP/1.1,default,,200,,,PublicCatalog,,
http_req_duration,1780771021,9720.994400,,,,true,,GET,PublicCatalog,HTTP/1.1,default,,200,,,PublicCatalog,,
http_req_blocked,1780771021,0.000000,,,,true,,GET,PublicCatalog,HTTP/1.1,default,,200,,,PublicCatalog,,
http_req_connecting,1780771021,0.000000,,,,true,,GET,PublicCatalog,HTTP/1.1,default,,200,,,PublicCatalog,,
http_req_tls_handshaking,1780771021,0.000000,,,,true,,GET,PublicCatalog,HTTP/1.1,default,,200,,,PublicCatalog,,
http_req_sending,1780771021,0.000000,,,,true,,GET,PublicCatalog,HTTP/1.1,default,,200,,,PublicCatalog,,
http_req_waiting,1780771021,9716.893800,,,,true,,GET,PublicCatalog,HTTP/1.1,default,,200,,,PublicCatalog,,
http_req_receiving,1780771021,4.100600,,,,true,,GET,PublicCatalog,HTTP/1.1,default,,200,,,PublicCatalog,,
http_req_failed,1780771021,0.000000,,,,true,,GET,PublicCatalog,HTTP/1.1,default,,200,,,PublicCatalog,,
checks,1780771021,1.000000,Catalog page status is 200,,,,,,,,default,,,,,,,
data_sent,1780771021,264.000000,,,,,,,,,default,,,,,,,
data_received,1780771021,110638.000000,,,,,,,,,default,,,,,,,
iteration_duration,1780771021,44545.937600,,,,,,,,,default,,,,,,,
iterations,1780771021,1.000000,,,,,,,,,default,,,,,,,
http_reqs,1780771021,1.000000,,,,true,,GET,PublicCatalog,HTTP/1.1,default,,200,,,PublicCatalog,,
http_req_duration,1780771021,10680.286800,,,,true,,GET,PublicCatalog,HTTP/1.1,default,,200,,,PublicCatalog,,
http_req_blocked,1780771021,0.000000,,,,true,,GET,PublicCatalog,HTTP/1.1,default,,200,,,PublicCatalog,,
http_req_connecting,1780771021,0.000000,,,,true,,GET,PublicCatalog,HTTP/1.1,default,,200,,,PublicCatalog,,
http_req_tls_handshaking,1780771021,0.000000,,,,true,,GET,PublicCatalog,HTTP/1.1,default,,200,,,PublicCatalog,,
http_req_sending,1780771021,0.638200,,,,true,,GET,PublicCatalog,HTTP/1.1,default,,200,,,PublicCatalog,,
http_req_waiting,1780771021,10676.779900,,,,true,,GET,PublicCatalog,HTTP/1.1,default,,200,,,PublicCatalog,,
http_req_receiving,1780771021,2.868700,,,,true,,GET,PublicCatalog,HTTP/1.1,default,,200,,,PublicCatalog,,
http_req_failed,1780771021,0.000000,,,,true,,GET,PublicCatalog,HTTP/1.1,default,,200,,,PublicCatalog,,
checks,1780771021,1.000000,Catalog page status is 200,,,,,,,,default,,,,,,,
vus,1780771021,37.000000,,,,,,,,,,,,,,,,
vus_max,1780771021,50.000000,,,,,,,,,,,,,,,,
data_sent,1780771021,264.000000,,,,,,,,,default,,,,,,,
data_received,1780771021,110933.000000,,,,,,,,,default,,,,,,,
iteration_duration,1780771021,41366.153300,,,,,,,,,default,,,,,,,
iterations,1780771021,1.000000,,,,,,,,,default,,,,,,,
data_sent,1780771021,264.000000,,,,,,,,,default,,,,,,,
data_received,1780771021,110933.000000,,,,,,,,,default,,,,,,,
iteration_duration,1780771021,40653.279800,,,,,,,,,default,,,,,,,
iterations,1780771021,1.000000,,,,,,,,,default,,,,,,,
http_reqs,1780771022,1.000000,,,,true,,GET,PublicCatalog,HTTP/1.1,default,,200,,,PublicCatalog,,
http_req_duration,1780771022,11816.144500,,,,true,,GET,PublicCatalog,HTTP/1.1,default,,200,,,PublicCatalog,,
http_req_blocked,1780771022,0.000000,,,,true,,GET,PublicCatalog,HTTP/1.1,default,,200,,,PublicCatalog,,
http_req_connecting,1780771022,0.000000,,,,true,,GET,PublicCatalog,HTTP/1.1,default,,200,,,PublicCatalog,,
http_req_tls_handshaking,1780771022,0.000000,,,,true,,GET,PublicCatalog,HTTP/1.1,default,,200,,,PublicCatalog,,
http_req_sending,1780771022,0.000000,,,,true,,GET,PublicCatalog,HTTP/1.1,default,,200,,,PublicCatalog,,
http_req_waiting,1780771022,11815.304100,,,,true,,GET,PublicCatalog,HTTP/1.1,default,,200,,,PublicCatalog,,
http_req_receiving,1780771022,0.840400,,,,true,,GET,PublicCatalog,HTTP/1.1,default,,200,,,PublicCatalog,,
http_req_failed,1780771022,0.000000,,,,true,,GET,PublicCatalog,HTTP/1.1,default,,200,,,PublicCatalog,,
checks,1780771022,1.000000,Catalog page status is 200,,,,,,,,default,,,,,,,
data_sent,1780771022,264.000000,,,,,,,,,default,,,,,,,
data_received,1780771022,110802.000000,,,,,,,,,default,,,,,,,
iteration_duration,1780771022,43373.894300,,,,,,,,,default,,,,,,,
iterations,1780771022,1.000000,,,,,,,,,default,,,,,,,
data_sent,1780771022,264.000000,,,,,,,,,default,,,,,,,
data_received,1780771022,110717.000000,,,,,,,,,default,,,,,,,
iteration_duration,1780771022,41405.697800,,,,,,,,,default,,,,,,,
iterations,1780771022,1.000000,,,,,,,,,default,,,,,,,
data_sent,1780771022,264.000000,,,,,,,,,default,,,,,,,
data_received,1780771022,110579.000000,,,,,,,,,default,,,,,,,
iteration_duration,1780771022,43936.735400,,,,,,,,,default,,,,,,,
iterations,1780771022,1.000000,,,,,,,,,default,,,,,,,
vus,1780771022,37.000000,,,,,,,,,,,,,,,,
vus_max,1780771022,50.000000,,,,,,,,,,,,,,,,
http_reqs,1780771022,1.000000,,,,true,,GET,PublicCatalog,HTTP/1.1,default,,200,,,PublicCatalog,,
http_req_duration,1780771022,10891.447400,,,,true,,GET,PublicCatalog,HTTP/1.1,default,,200,,,PublicCatalog,,
http_req_blocked,1780771022,0.000000,,,,true,,GET,PublicCatalog,HTTP/1.1,default,,200,,,PublicCatalog,,
http_req_connecting,1780771022,0.000000,,,,true,,GET,PublicCatalog,HTTP/1.1,default,,200,,,PublicCatalog,,
http_req_tls_handshaking,1780771022,0.000000,,,,true,,GET,PublicCatalog,HTTP/1.1,default,,200,,,PublicCatalog,,
http_req_sending,1780771022,0.000000,,,,true,,GET,PublicCatalog,HTTP/1.1,default,,200,,,PublicCatalog,,
http_req_waiting,1780771022,10890.353700,,,,true,,GET,PublicCatalog,HTTP/1.1,default,,200,,,PublicCatalog,,
http_req_receiving,1780771022,1.093700,,,,true,,GET,PublicCatalog,HTTP/1.1,default,,200,,,PublicCatalog,,
http_req_failed,1780771022,0.000000,,,,true,,GET,PublicCatalog,HTTP/1.1,default,,200,,,PublicCatalog,,
checks,1780771022,1.000000,Catalog page status is 200,,,,,,,,default,,,,,,,
http_reqs,1780771023,1.000000,,,,true,,GET,LandingPage,HTTP/1.1,default,,200,,,LandingPage,,
http_req_duration,1780771023,5284.414500,,,,true,,GET,LandingPage,HTTP/1.1,default,,200,,,LandingPage,,
http_req_blocked,1780771023,0.000000,,,,true,,GET,LandingPage,HTTP/1.1,default,,200,,,LandingPage,,
http_req_connecting,1780771023,0.000000,,,,true,,GET,LandingPage,HTTP/1.1,default,,200,,,LandingPage,,
http_req_tls_handshaking,1780771023,0.000000,,,,true,,GET,LandingPage,HTTP/1.1,default,,200,,,LandingPage,,
http_req_sending,1780771023,0.000000,,,,true,,GET,LandingPage,HTTP/1.1,default,,200,,,LandingPage,,
http_req_waiting,1780771023,5281.882000,,,,true,,GET,LandingPage,HTTP/1.1,default,,200,,,LandingPage,,
http_req_receiving,1780771023,2.532500,,,,true,,GET,LandingPage,HTTP/1.1,default,,200,,,LandingPage,,
http_req_failed,1780771023,0.000000,,,,true,,GET,LandingPage,HTTP/1.1,default,,200,,,LandingPage,,
checks,1780771023,1.000000,Home page status is 200,,,,,,,,default,,,,,,,
http_reqs,1780771023,1.000000,,,,true,,GET,LandingPage,HTTP/1.1,default,,200,,,LandingPage,,
http_req_duration,1780771023,5257.756700,,,,true,,GET,LandingPage,HTTP/1.1,default,,200,,,LandingPage,,
http_req_blocked,1780771023,0.000000,,,,true,,GET,LandingPage,HTTP/1.1,default,,200,,,LandingPage,,
http_req_connecting,1780771023,0.000000,,,,true,,GET,LandingPage,HTTP/1.1,default,,200,,,LandingPage,,
http_req_tls_handshaking,1780771023,0.000000,,,,true,,GET,LandingPage,HTTP/1.1,default,,200,,,LandingPage,,
http_req_sending,1780771023,0.000000,,,,true,,GET,LandingPage,HTTP/1.1,default,,200,,,LandingPage,,
http_req_waiting,1780771023,5255.327300,,,,true,,GET,LandingPage,HTTP/1.1,default,,200,,,LandingPage,,
http_req_receiving,1780771023,2.429400,,,,true,,GET,LandingPage,HTTP/1.1,default,,200,,,LandingPage,,
http_req_failed,1780771023,0.000000,,,,true,,GET,LandingPage,HTTP/1.1,default,,200,,,LandingPage,,
checks,1780771023,1.000000,Home page status is 200,,,,,,,,default,,,,,,,
vus,1780771023,37.000000,,,,,,,,,,,,,,,,
vus_max,1780771023,50.000000,,,,,,,,,,,,,,,,
http_reqs,1780771024,1.000000,,,,true,,GET,LandingPage,HTTP/1.1,default,,200,,,LandingPage,,
http_req_duration,1780771024,5475.155200,,,,true,,GET,LandingPage,HTTP/1.1,default,,200,,,LandingPage,,
http_req_blocked,1780771024,0.000000,,,,true,,GET,LandingPage,HTTP/1.1,default,,200,,,LandingPage,,
http_req_connecting,1780771024,0.000000,,,,true,,GET,LandingPage,HTTP/1.1,default,,200,,,LandingPage,,
http_req_tls_handshaking,1780771024,0.000000,,,,true,,GET,LandingPage,HTTP/1.1,default,,200,,,LandingPage,,
http_req_sending,1780771024,0.000000,,,,true,,GET,LandingPage,HTTP/1.1,default,,200,,,LandingPage,,
http_req_waiting,1780771024,5472.396600,,,,true,,GET,LandingPage,HTTP/1.1,default,,200,,,LandingPage,,
http_req_receiving,1780771024,2.758600,,,,true,,GET,LandingPage,HTTP/1.1,default,,200,,,LandingPage,,
http_req_failed,1780771024,0.000000,,,,true,,GET,LandingPage,HTTP/1.1,default,,200,,,LandingPage,,
checks,1780771024,1.000000,Home page status is 200,,,,,,,,default,,,,,,,
http_reqs,1780771024,1.000000,,,,true,,GET,LandingPage,HTTP/1.1,default,,200,,,LandingPage,,
http_req_duration,1780771024,4920.929100,,,,true,,GET,LandingPage,HTTP/1.1,default,,200,,,LandingPage,,
http_req_blocked,1780771024,0.000000,,,,true,,GET,LandingPage,HTTP/1.1,default,,200,,,LandingPage,,
http_req_connecting,1780771024,0.000000,,,,true,,GET,LandingPage,HTTP/1.1,default,,200,,,LandingPage,,
http_req_tls_handshaking,1780771024,0.000000,,,,true,,GET,LandingPage,HTTP/1.1,default,,200,,,LandingPage,,
http_req_sending,1780771024,0.000000,,,,true,,GET,LandingPage,HTTP/1.1,default,,200,,,LandingPage,,
http_req_waiting,1780771024,4919.512600,,,,true,,GET,LandingPage,HTTP/1.1,default,,200,,,LandingPage,,
http_req_receiving,1780771024,1.416500,,,,true,,GET,LandingPage,HTTP/1.1,default,,200,,,LandingPage,,
http_req_failed,1780771024,0.000000,,,,true,,GET,LandingPage,HTTP/1.1,default,,200,,,LandingPage,,
checks,1780771024,1.000000,Home page status is 200,,,,,,,,default,,,,,,,
latency_cold_start,1780771024,1778.000000,,,,,,,,,default,,,,,,,
vus,1780771024,38.000000,,,,,,,,,,,,,,,,
vus_max,1780771024,50.000000,,,,,,,,,,,,,,,,
http_reqs,1780771024,1.000000,,,,true,,GET,LandingPage,HTTP/1.1,default,,200,,,LandingPage,,
http_req_duration,1780771024,6341.526300,,,,true,,GET,LandingPage,HTTP/1.1,default,,200,,,LandingPage,,
http_req_blocked,1780771024,1.130400,,,,true,,GET,LandingPage,HTTP/1.1,default,,200,,,LandingPage,,
http_req_connecting,1780771024,1.130400,,,,true,,GET,LandingPage,HTTP/1.1,default,,200,,,LandingPage,,
http_req_tls_handshaking,1780771024,0.000000,,,,true,,GET,LandingPage,HTTP/1.1,default,,200,,,LandingPage,,
http_req_sending,1780771024,0.000000,,,,true,,GET,LandingPage,HTTP/1.1,default,,200,,,LandingPage,,
http_req_waiting,1780771024,6340.287700,,,,true,,GET,LandingPage,HTTP/1.1,default,,200,,,LandingPage,,
http_req_receiving,1780771024,1.238600,,,,true,,GET,LandingPage,HTTP/1.1,default,,200,,,LandingPage,,
http_req_failed,1780771024,0.000000,,,,true,,GET,LandingPage,HTTP/1.1,default,,200,,,LandingPage,,
checks,1780771024,1.000000,Home page status is 200,,,,,,,,default,,,,,,,
http_reqs,1780771025,1.000000,,,,true,,GET,LandingPage,HTTP/1.1,default,,200,,,LandingPage,,
http_req_duration,1780771025,5403.210000,,,,true,,GET,LandingPage,HTTP/1.1,default,,200,,,LandingPage,,
http_req_blocked,1780771025,0.000000,,,,true,,GET,LandingPage,HTTP/1.1,default,,200,,,LandingPage,,
http_req_connecting,1780771025,0.000000,,,,true,,GET,LandingPage,HTTP/1.1,default,,200,,,LandingPage,,
http_req_tls_handshaking,1780771025,0.000000,,,,true,,GET,LandingPage,HTTP/1.1,default,,200,,,LandingPage,,
http_req_sending,1780771025,0.000000,,,,true,,GET,LandingPage,HTTP/1.1,default,,200,,,LandingPage,,
http_req_waiting,1780771025,5402.615000,,,,true,,GET,LandingPage,HTTP/1.1,default,,200,,,LandingPage,,
http_req_receiving,1780771025,0.595000,,,,true,,GET,LandingPage,HTTP/1.1,default,,200,,,LandingPage,,
http_req_failed,1780771025,0.000000,,,,true,,GET,LandingPage,HTTP/1.1,default,,200,,,LandingPage,,
checks,1780771025,1.000000,Home page status is 200,,,,,,,,default,,,,,,,
http_reqs,1780771025,1.000000,,,,true,,GET,LandingPage,HTTP/1.1,default,,200,,,LandingPage,,
http_req_duration,1780771025,5648.667600,,,,true,,GET,LandingPage,HTTP/1.1,default,,200,,,LandingPage,,
http_req_blocked,1780771025,0.000000,,,,true,,GET,LandingPage,HTTP/1.1,default,,200,,,LandingPage,,
http_req_connecting,1780771025,0.000000,,,,true,,GET,LandingPage,HTTP/1.1,default,,200,,,LandingPage,,
http_req_tls_handshaking,1780771025,0.000000,,,,true,,GET,LandingPage,HTTP/1.1,default,,200,,,LandingPage,,
http_req_sending,1780771025,0.000000,,,,true,,GET,LandingPage,HTTP/1.1,default,,200,,,LandingPage,,
http_req_waiting,1780771025,5647.267200,,,,true,,GET,LandingPage,HTTP/1.1,default,,200,,,LandingPage,,
http_req_receiving,1780771025,1.400400,,,,true,,GET,LandingPage,HTTP/1.1,default,,200,,,LandingPage,,
http_req_failed,1780771025,0.000000,,,,true,,GET,LandingPage,HTTP/1.1,default,,200,,,LandingPage,,
checks,1780771025,1.000000,Home page status is 200,,,,,,,,default,,,,,,,
vus,1780771025,38.000000,,,,,,,,,,,,,,,,
vus_max,1780771025,50.000000,,,,,,,,,,,,,,,,
http_reqs,1780771026,1.000000,,,,true,,GET,LandingPage,HTTP/1.1,default,,200,,,LandingPage,,
http_req_duration,1780771026,5956.959000,,,,true,,GET,LandingPage,HTTP/1.1,default,,200,,,LandingPage,,
http_req_blocked,1780771026,0.000000,,,,true,,GET,LandingPage,HTTP/1.1,default,,200,,,LandingPage,,
http_req_connecting,1780771026,0.000000,,,,true,,GET,LandingPage,HTTP/1.1,default,,200,,,LandingPage,,
http_req_tls_handshaking,1780771026,0.000000,,,,true,,GET,LandingPage,HTTP/1.1,default,,200,,,LandingPage,,
http_req_sending,1780771026,0.000000,,,,true,,GET,LandingPage,HTTP/1.1,default,,200,,,LandingPage,,
http_req_waiting,1780771026,5956.186900,,,,true,,GET,LandingPage,HTTP/1.1,default,,200,,,LandingPage,,
http_req_receiving,1780771026,0.772100,,,,true,,GET,LandingPage,HTTP/1.1,default,,200,,,LandingPage,,
http_req_failed,1780771026,0.000000,,,,true,,GET,LandingPage,HTTP/1.1,default,,200,,,LandingPage,,
checks,1780771026,1.000000,Home page status is 200,,,,,,,,default,,,,,,,
vus,1780771026,38.000000,,,,,,,,,,,,,,,,
vus_max,1780771026,50.000000,,,,,,,,,,,,,,,,
http_reqs,1780771026,1.000000,,,,true,,GET,LandingPage,HTTP/1.1,default,,200,,,LandingPage,,
http_req_duration,1780771026,6458.322500,,,,true,,GET,LandingPage,HTTP/1.1,default,,200,,,LandingPage,,
http_req_blocked,1780771026,0.000000,,,,true,,GET,LandingPage,HTTP/1.1,default,,200,,,LandingPage,,
http_req_connecting,1780771026,0.000000,,,,true,,GET,LandingPage,HTTP/1.1,default,,200,,,LandingPage,,
http_req_tls_handshaking,1780771026,0.000000,,,,true,,GET,LandingPage,HTTP/1.1,default,,200,,,LandingPage,,
http_req_sending,1780771026,0.000000,,,,true,,GET,LandingPage,HTTP/1.1,default,,200,,,LandingPage,,
http_req_waiting,1780771026,6457.617800,,,,true,,GET,LandingPage,HTTP/1.1,default,,200,,,LandingPage,,
http_req_receiving,1780771026,0.704700,,,,true,,GET,LandingPage,HTTP/1.1,default,,200,,,LandingPage,,
http_req_failed,1780771026,0.000000,,,,true,,GET,LandingPage,HTTP/1.1,default,,200,,,LandingPage,,
checks,1780771026,1.000000,Home page status is 200,,,,,,,,default,,,,,,,
http_reqs,1780771027,1.000000,,,,true,,GET,LandingPage,HTTP/1.1,default,,200,,,LandingPage,,
http_req_duration,1780771027,6816.451900,,,,true,,GET,LandingPage,HTTP/1.1,default,,200,,,LandingPage,,
http_req_blocked,1780771027,0.000000,,,,true,,GET,LandingPage,HTTP/1.1,default,,200,,,LandingPage,,
http_req_connecting,1780771027,0.000000,,,,true,,GET,LandingPage,HTTP/1.1,default,,200,,,LandingPage,,
http_req_tls_handshaking,1780771027,0.000000,,,,true,,GET,LandingPage,HTTP/1.1,default,,200,,,LandingPage,,
http_req_sending,1780771027,0.000000,,,,true,,GET,LandingPage,HTTP/1.1,default,,200,,,LandingPage,,
http_req_waiting,1780771027,6814.364100,,,,true,,GET,LandingPage,HTTP/1.1,default,,200,,,LandingPage,,
http_req_receiving,1780771027,2.087800,,,,true,,GET,LandingPage,HTTP/1.1,default,,200,,,LandingPage,,
http_req_failed,1780771027,0.000000,,,,true,,GET,LandingPage,HTTP/1.1,default,,200,,,LandingPage,,
checks,1780771027,1.000000,Home page status is 200,,,,,,,,default,,,,,,,
vus,1780771027,38.000000,,,,,,,,,,,,,,,,
vus_max,1780771027,50.000000,,,,,,,,,,,,,,,,
http_reqs,1780771027,1.000000,,,,true,,GET,LandingPage,HTTP/1.1,default,,200,,,LandingPage,,
http_req_duration,1780771027,7146.108200,,,,true,,GET,LandingPage,HTTP/1.1,default,,200,,,LandingPage,,
http_req_blocked,1780771027,0.000000,,,,true,,GET,LandingPage,HTTP/1.1,default,,200,,,LandingPage,,
http_req_connecting,1780771027,0.000000,,,,true,,GET,LandingPage,HTTP/1.1,default,,200,,,LandingPage,,
http_req_tls_handshaking,1780771027,0.000000,,,,true,,GET,LandingPage,HTTP/1.1,default,,200,,,LandingPage,,
http_req_sending,1780771027,0.000000,,,,true,,GET,LandingPage,HTTP/1.1,default,,200,,,LandingPage,,
http_req_waiting,1780771027,7145.105600,,,,true,,GET,LandingPage,HTTP/1.1,default,,200,,,LandingPage,,
http_req_receiving,1780771027,1.002600,,,,true,,GET,LandingPage,HTTP/1.1,default,,200,,,LandingPage,,
http_req_failed,1780771027,0.000000,,,,true,,GET,LandingPage,HTTP/1.1,default,,200,,,LandingPage,,
checks,1780771027,1.000000,Home page status is 200,,,,,,,,default,,,,,,,
http_reqs,1780771028,1.000000,,,,true,,GET,LandingPage,HTTP/1.1,default,,200,,,LandingPage,,
http_req_duration,1780771028,7334.896400,,,,true,,GET,LandingPage,HTTP/1.1,default,,200,,,LandingPage,,
http_req_blocked,1780771028,0.000000,,,,true,,GET,LandingPage,HTTP/1.1,default,,200,,,LandingPage,,
http_req_connecting,1780771028,0.000000,,,,true,,GET,LandingPage,HTTP/1.1,default,,200,,,LandingPage,,
http_req_tls_handshaking,1780771028,0.000000,,,,true,,GET,LandingPage,HTTP/1.1,default,,200,,,LandingPage,,
http_req_sending,1780771028,0.000000,,,,true,,GET,LandingPage,HTTP/1.1,default,,200,,,LandingPage,,
http_req_waiting,1780771028,7333.399400,,,,true,,GET,LandingPage,HTTP/1.1,default,,200,,,LandingPage,,
http_req_receiving,1780771028,1.497000,,,,true,,GET,LandingPage,HTTP/1.1,default,,200,,,LandingPage,,
http_req_failed,1780771028,0.000000,,,,true,,GET,LandingPage,HTTP/1.1,default,,200,,,LandingPage,,
checks,1780771028,1.000000,Home page status is 200,,,,,,,,default,,,,,,,
vus,1780771028,38.000000,,,,,,,,,,,,,,,,
vus_max,1780771028,50.000000,,,,,,,,,,,,,,,,
http_reqs,1780771028,1.000000,,,,true,,GET,LandingPage,HTTP/1.1,default,,200,,,LandingPage,,
http_req_duration,1780771028,7806.899900,,,,true,,GET,LandingPage,HTTP/1.1,default,,200,,,LandingPage,,
http_req_blocked,1780771028,0.000000,,,,true,,GET,LandingPage,HTTP/1.1,default,,200,,,LandingPage,,
http_req_connecting,1780771028,0.000000,,,,true,,GET,LandingPage,HTTP/1.1,default,,200,,,LandingPage,,
http_req_tls_handshaking,1780771028,0.000000,,,,true,,GET,LandingPage,HTTP/1.1,default,,200,,,LandingPage,,
http_req_sending,1780771028,0.000000,,,,true,,GET,LandingPage,HTTP/1.1,default,,200,,,LandingPage,,
http_req_waiting,1780771028,7804.247900,,,,true,,GET,LandingPage,HTTP/1.1,default,,200,,,LandingPage,,
http_req_receiving,1780771028,2.652000,,,,true,,GET,LandingPage,HTTP/1.1,default,,200,,,LandingPage,,
http_req_failed,1780771028,0.000000,,,,true,,GET,LandingPage,HTTP/1.1,default,,200,,,LandingPage,,
checks,1780771028,1.000000,Home page status is 200,,,,,,,,default,,,,,,,
http_reqs,1780771028,1.000000,,,,true,,GET,LandingPage,HTTP/1.1,default,,200,,,LandingPage,,
http_req_duration,1780771028,7869.125700,,,,true,,GET,LandingPage,HTTP/1.1,default,,200,,,LandingPage,,
http_req_blocked,1780771028,0.000000,,,,true,,GET,LandingPage,HTTP/1.1,default,,200,,,LandingPage,,
http_req_connecting,1780771028,0.000000,,,,true,,GET,LandingPage,HTTP/1.1,default,,200,,,LandingPage,,
http_req_tls_handshaking,1780771028,0.000000,,,,true,,GET,LandingPage,HTTP/1.1,default,,200,,,LandingPage,,
http_req_sending,1780771028,0.000000,,,,true,,GET,LandingPage,HTTP/1.1,default,,200,,,LandingPage,,
http_req_waiting,1780771028,7865.710200,,,,true,,GET,LandingPage,HTTP/1.1,default,,200,,,LandingPage,,
http_req_receiving,1780771028,3.415500,,,,true,,GET,LandingPage,HTTP/1.1,default,,200,,,LandingPage,,
http_req_failed,1780771028,0.000000,,,,true,,GET,LandingPage,HTTP/1.1,default,,200,,,LandingPage,,
checks,1780771028,1.000000,Home page status is 200,,,,,,,,default,,,,,,,
http_reqs,1780771029,1.000000,,,,true,,GET,LandingPage,HTTP/1.1,default,,200,,,LandingPage,,
http_req_duration,1780771029,7825.875800,,,,true,,GET,LandingPage,HTTP/1.1,default,,200,,,LandingPage,,
http_req_blocked,1780771029,0.000000,,,,true,,GET,LandingPage,HTTP/1.1,default,,200,,,LandingPage,,
http_req_connecting,1780771029,0.000000,,,,true,,GET,LandingPage,HTTP/1.1,default,,200,,,LandingPage,,
http_req_tls_handshaking,1780771029,0.000000,,,,true,,GET,LandingPage,HTTP/1.1,default,,200,,,LandingPage,,
http_req_sending,1780771029,0.000000,,,,true,,GET,LandingPage,HTTP/1.1,default,,200,,,LandingPage,,
http_req_waiting,1780771029,7824.603200,,,,true,,GET,LandingPage,HTTP/1.1,default,,200,,,LandingPage,,
http_req_receiving,1780771029,1.272600,,,,true,,GET,LandingPage,HTTP/1.1,default,,200,,,LandingPage,,
http_req_failed,1780771029,0.000000,,,,true,,GET,LandingPage,HTTP/1.1,default,,200,,,LandingPage,,
checks,1780771029,1.000000,Home page status is 200,,,,,,,,default,,,,,,,
vus,1780771029,38.000000,,,,,,,,,,,,,,,,
vus_max,1780771029,50.000000,,,,,,,,,,,,,,,,
latency_cold_start,1780771030,1778.000000,,,,,,,,,default,,,,,,,
vus,1780771030,39.000000,,,,,,,,,,,,,,,,
vus_max,1780771030,50.000000,,,,,,,,,,,,,,,,
vus,1780771031,39.000000,,,,,,,,,,,,,,,,
vus_max,1780771031,50.000000,,,,,,,,,,,,,,,,
http_reqs,1780771031,1.000000,,,,true,,GET,LandingPage,HTTP/1.1,default,,200,,,LandingPage,,
http_req_duration,1780771031,9941.580000,,,,true,,GET,LandingPage,HTTP/1.1,default,,200,,,LandingPage,,
http_req_blocked,1780771031,0.000000,,,,true,,GET,LandingPage,HTTP/1.1,default,,200,,,LandingPage,,
http_req_connecting,1780771031,0.000000,,,,true,,GET,LandingPage,HTTP/1.1,default,,200,,,LandingPage,,
http_req_tls_handshaking,1780771031,0.000000,,,,true,,GET,LandingPage,HTTP/1.1,default,,200,,,LandingPage,,
http_req_sending,1780771031,0.000000,,,,true,,GET,LandingPage,HTTP/1.1,default,,200,,,LandingPage,,
http_req_waiting,1780771031,9937.105200,,,,true,,GET,LandingPage,HTTP/1.1,default,,200,,,LandingPage,,
http_req_receiving,1780771031,4.474800,,,,true,,GET,LandingPage,HTTP/1.1,default,,200,,,LandingPage,,
http_req_failed,1780771031,0.000000,,,,true,,GET,LandingPage,HTTP/1.1,default,,200,,,LandingPage,,
checks,1780771031,1.000000,Home page status is 200,,,,,,,,default,,,,,,,
http_reqs,1780771031,1.000000,,,,true,,GET,LandingPage,HTTP/1.1,default,,200,,,LandingPage,,
http_req_duration,1780771031,9683.469000,,,,true,,GET,LandingPage,HTTP/1.1,default,,200,,,LandingPage,,
http_req_blocked,1780771031,0.000000,,,,true,,GET,LandingPage,HTTP/1.1,default,,200,,,LandingPage,,
http_req_connecting,1780771031,0.000000,,,,true,,GET,LandingPage,HTTP/1.1,default,,200,,,LandingPage,,
http_req_tls_handshaking,1780771031,0.000000,,,,true,,GET,LandingPage,HTTP/1.1,default,,200,,,LandingPage,,
http_req_sending,1780771031,0.000000,,,,true,,GET,LandingPage,HTTP/1.1,default,,200,,,LandingPage,,
http_req_waiting,1780771031,9679.440600,,,,true,,GET,LandingPage,HTTP/1.1,default,,200,,,LandingPage,,
http_req_receiving,1780771031,4.028400,,,,true,,GET,LandingPage,HTTP/1.1,default,,200,,,LandingPage,,
http_req_failed,1780771031,0.000000,,,,true,,GET,LandingPage,HTTP/1.1,default,,200,,,LandingPage,,
checks,1780771031,1.000000,Home page status is 200,,,,,,,,default,,,,,,,
http_reqs,1780771032,1.000000,,,,true,,GET,LandingPage,HTTP/1.1,default,,200,,,LandingPage,,
http_req_duration,1780771032,10198.695600,,,,true,,GET,LandingPage,HTTP/1.1,default,,200,,,LandingPage,,
http_req_blocked,1780771032,0.000000,,,,true,,GET,LandingPage,HTTP/1.1,default,,200,,,LandingPage,,
http_req_connecting,1780771032,0.000000,,,,true,,GET,LandingPage,HTTP/1.1,default,,200,,,LandingPage,,
http_req_tls_handshaking,1780771032,0.000000,,,,true,,GET,LandingPage,HTTP/1.1,default,,200,,,LandingPage,,
http_req_sending,1780771032,0.000000,,,,true,,GET,LandingPage,HTTP/1.1,default,,200,,,LandingPage,,
http_req_waiting,1780771032,10198.000600,,,,true,,GET,LandingPage,HTTP/1.1,default,,200,,,LandingPage,,
http_req_receiving,1780771032,0.695000,,,,true,,GET,LandingPage,HTTP/1.1,default,,200,,,LandingPage,,
http_req_failed,1780771032,0.000000,,,,true,,GET,LandingPage,HTTP/1.1,default,,200,,,LandingPage,,
checks,1780771032,1.000000,Home page status is 200,,,,,,,,default,,,,,,,
http_reqs,1780771032,1.000000,,,,true,,GET,LandingPage,HTTP/1.1,default,,200,,,LandingPage,,
http_req_duration,1780771032,9893.453600,,,,true,,GET,LandingPage,HTTP/1.1,default,,200,,,LandingPage,,
http_req_blocked,1780771032,0.000000,,,,true,,GET,LandingPage,HTTP/1.1,default,,200,,,LandingPage,,
http_req_connecting,1780771032,0.000000,,,,true,,GET,LandingPage,HTTP/1.1,default,,200,,,LandingPage,,
http_req_tls_handshaking,1780771032,0.000000,,,,true,,GET,LandingPage,HTTP/1.1,default,,200,,,LandingPage,,
http_req_sending,1780771032,0.000000,,,,true,,GET,LandingPage,HTTP/1.1,default,,200,,,LandingPage,,
http_req_waiting,1780771032,9892.804800,,,,true,,GET,LandingPage,HTTP/1.1,default,,200,,,LandingPage,,
http_req_receiving,1780771032,0.648800,,,,true,,GET,LandingPage,HTTP/1.1,default,,200,,,LandingPage,,
http_req_failed,1780771032,0.000000,,,,true,,GET,LandingPage,HTTP/1.1,default,,200,,,LandingPage,,
checks,1780771032,1.000000,Home page status is 200,,,,,,,,default,,,,,,,
http_reqs,1780771032,1.000000,,,,true,,GET,LandingPage,HTTP/1.1,default,,200,,,LandingPage,,
http_req_duration,1780771032,9819.863100,,,,true,,GET,LandingPage,HTTP/1.1,default,,200,,,LandingPage,,
http_req_blocked,1780771032,0.000000,,,,true,,GET,LandingPage,HTTP/1.1,default,,200,,,LandingPage,,
http_req_connecting,1780771032,0.000000,,,,true,,GET,LandingPage,HTTP/1.1,default,,200,,,LandingPage,,
http_req_tls_handshaking,1780771032,0.000000,,,,true,,GET,LandingPage,HTTP/1.1,default,,200,,,LandingPage,,
http_req_sending,1780771032,0.000000,,,,true,,GET,LandingPage,HTTP/1.1,default,,200,,,LandingPage,,
http_req_waiting,1780771032,9806.522100,,,,true,,GET,LandingPage,HTTP/1.1,default,,200,,,LandingPage,,
http_req_receiving,1780771032,13.341000,,,,true,,GET,LandingPage,HTTP/1.1,default,,200,,,LandingPage,,
http_req_failed,1780771032,0.000000,,,,true,,GET,LandingPage,HTTP/1.1,default,,200,,,LandingPage,,
checks,1780771032,1.000000,Home page status is 200,,,,,,,,default,,,,,,,
http_reqs,1780771032,1.000000,,,,true,,GET,LandingPage,HTTP/1.1,default,,200,,,LandingPage,,
http_req_duration,1780771032,8096.652300,,,,true,,GET,LandingPage,HTTP/1.1,default,,200,,,LandingPage,,
http_req_blocked,1780771032,2.333600,,,,true,,GET,LandingPage,HTTP/1.1,default,,200,,,LandingPage,,
http_req_connecting,1780771032,2.333600,,,,true,,GET,LandingPage,HTTP/1.1,default,,200,,,LandingPage,,
http_req_tls_handshaking,1780771032,0.000000,,,,true,,GET,LandingPage,HTTP/1.1,default,,200,,,LandingPage,,
http_req_sending,1780771032,0.000000,,,,true,,GET,LandingPage,HTTP/1.1,default,,200,,,LandingPage,,
http_req_waiting,1780771032,8096.160500,,,,true,,GET,LandingPage,HTTP/1.1,default,,200,,,LandingPage,,
http_req_receiving,1780771032,0.491800,,,,true,,GET,LandingPage,HTTP/1.1,default,,200,,,LandingPage,,
http_req_failed,1780771032,0.000000,,,,true,,GET,LandingPage,HTTP/1.1,default,,200,,,LandingPage,,
checks,1780771032,1.000000,Home page status is 200,,,,,,,,default,,,,,,,
vus,1780771032,39.000000,,,,,,,,,,,,,,,,
vus_max,1780771032,50.000000,,,,,,,,,,,,,,,,
vus,1780771033,39.000000,,,,,,,,,,,,,,,,
vus_max,1780771033,50.000000,,,,,,,,,,,,,,,,
http_reqs,1780771034,1.000000,,,,true,,GET,LandingPage,HTTP/1.1,default,,200,,,LandingPage,,
http_req_duration,1780771034,3925.131800,,,,true,,GET,LandingPage,HTTP/1.1,default,,200,,,LandingPage,,
http_req_blocked,1780771034,1.722400,,,,true,,GET,LandingPage,HTTP/1.1,default,,200,,,LandingPage,,
http_req_connecting,1780771034,0.731100,,,,true,,GET,LandingPage,HTTP/1.1,default,,200,,,LandingPage,,
http_req_tls_handshaking,1780771034,0.000000,,,,true,,GET,LandingPage,HTTP/1.1,default,,200,,,LandingPage,,
http_req_sending,1780771034,0.000000,,,,true,,GET,LandingPage,HTTP/1.1,default,,200,,,LandingPage,,
http_req_waiting,1780771034,3924.420400,,,,true,,GET,LandingPage,HTTP/1.1,default,,200,,,LandingPage,,
http_req_receiving,1780771034,0.711400,,,,true,,GET,LandingPage,HTTP/1.1,default,,200,,,LandingPage,,
http_req_failed,1780771034,0.000000,,,,true,,GET,LandingPage,HTTP/1.1,default,,200,,,LandingPage,,
checks,1780771034,1.000000,Home page status is 200,,,,,,,,default,,,,,,,
vus,1780771034,39.000000,,,,,,,,,,,,,,,,
vus_max,1780771034,50.000000,,,,,,,,,,,,,,,,
http_reqs,1780771034,1.000000,,,,true,,GET,PublicCatalog,HTTP/1.1,default,,200,,,PublicCatalog,,
http_req_duration,1780771034,20772.896400,,,,true,,GET,PublicCatalog,HTTP/1.1,default,,200,,,PublicCatalog,,
http_req_blocked,1780771034,0.000000,,,,true,,GET,PublicCatalog,HTTP/1.1,default,,200,,,PublicCatalog,,
http_req_connecting,1780771034,0.000000,,,,true,,GET,PublicCatalog,HTTP/1.1,default,,200,,,PublicCatalog,,
http_req_tls_handshaking,1780771034,0.000000,,,,true,,GET,PublicCatalog,HTTP/1.1,default,,200,,,PublicCatalog,,
http_req_sending,1780771034,0.000000,,,,true,,GET,PublicCatalog,HTTP/1.1,default,,200,,,PublicCatalog,,
http_req_waiting,1780771034,20772.391300,,,,true,,GET,PublicCatalog,HTTP/1.1,default,,200,,,PublicCatalog,,
http_req_receiving,1780771034,0.505100,,,,true,,GET,PublicCatalog,HTTP/1.1,default,,200,,,PublicCatalog,,
http_req_failed,1780771034,0.000000,,,,true,,GET,PublicCatalog,HTTP/1.1,default,,200,,,PublicCatalog,,
checks,1780771034,1.000000,Catalog page status is 200,,,,,,,,default,,,,,,,
http_reqs,1780771035,1.000000,,,,true,,GET,PublicCatalog,HTTP/1.1,default,,200,,,PublicCatalog,,
http_req_duration,1780771035,22884.579700,,,,true,,GET,PublicCatalog,HTTP/1.1,default,,200,,,PublicCatalog,,
http_req_blocked,1780771035,0.000000,,,,true,,GET,PublicCatalog,HTTP/1.1,default,,200,,,PublicCatalog,,
http_req_connecting,1780771035,0.000000,,,,true,,GET,PublicCatalog,HTTP/1.1,default,,200,,,PublicCatalog,,
http_req_tls_handshaking,1780771035,0.000000,,,,true,,GET,PublicCatalog,HTTP/1.1,default,,200,,,PublicCatalog,,
http_req_sending,1780771035,0.000000,,,,true,,GET,PublicCatalog,HTTP/1.1,default,,200,,,PublicCatalog,,
http_req_waiting,1780771035,22882.465800,,,,true,,GET,PublicCatalog,HTTP/1.1,default,,200,,,PublicCatalog,,
http_req_receiving,1780771035,2.113900,,,,true,,GET,PublicCatalog,HTTP/1.1,default,,200,,,PublicCatalog,,
http_req_failed,1780771035,0.000000,,,,true,,GET,PublicCatalog,HTTP/1.1,default,,200,,,PublicCatalog,,
checks,1780771035,1.000000,Catalog page status is 200,,,,,,,,default,,,,,,,
vus,1780771035,39.000000,,,,,,,,,,,,,,,,
vus_max,1780771035,50.000000,,,,,,,,,,,,,,,,
http_reqs,1780771035,1.000000,,,,true,,GET,PublicCatalog,HTTP/1.1,default,,200,,,PublicCatalog,,
http_req_duration,1780771035,23588.272900,,,,true,,GET,PublicCatalog,HTTP/1.1,default,,200,,,PublicCatalog,,
http_req_blocked,1780771035,0.000000,,,,true,,GET,PublicCatalog,HTTP/1.1,default,,200,,,PublicCatalog,,
http_req_connecting,1780771035,0.000000,,,,true,,GET,PublicCatalog,HTTP/1.1,default,,200,,,PublicCatalog,,
http_req_tls_handshaking,1780771035,0.000000,,,,true,,GET,PublicCatalog,HTTP/1.1,default,,200,,,PublicCatalog,,
http_req_sending,1780771035,0.000000,,,,true,,GET,PublicCatalog,HTTP/1.1,default,,200,,,PublicCatalog,,
http_req_waiting,1780771035,23586.756000,,,,true,,GET,PublicCatalog,HTTP/1.1,default,,200,,,PublicCatalog,,
http_req_receiving,1780771035,1.516900,,,,true,,GET,PublicCatalog,HTTP/1.1,default,,200,,,PublicCatalog,,
http_req_failed,1780771035,0.000000,,,,true,,GET,PublicCatalog,HTTP/1.1,default,,200,,,PublicCatalog,,
checks,1780771035,1.000000,Catalog page status is 200,,,,,,,,default,,,,,,,
http_reqs,1780771036,1.000000,,,,true,,GET,PublicCatalog,HTTP/1.1,default,,200,,,PublicCatalog,,
http_req_duration,1780771036,20575.517300,,,,true,,GET,PublicCatalog,HTTP/1.1,default,,200,,,PublicCatalog,,
http_req_blocked,1780771036,0.000000,,,,true,,GET,PublicCatalog,HTTP/1.1,default,,200,,,PublicCatalog,,
http_req_connecting,1780771036,0.000000,,,,true,,GET,PublicCatalog,HTTP/1.1,default,,200,,,PublicCatalog,,
http_req_tls_handshaking,1780771036,0.000000,,,,true,,GET,PublicCatalog,HTTP/1.1,default,,200,,,PublicCatalog,,
http_req_sending,1780771036,0.000000,,,,true,,GET,PublicCatalog,HTTP/1.1,default,,200,,,PublicCatalog,,
http_req_waiting,1780771036,20573.415700,,,,true,,GET,PublicCatalog,HTTP/1.1,default,,200,,,PublicCatalog,,
http_req_receiving,1780771036,2.101600,,,,true,,GET,PublicCatalog,HTTP/1.1,default,,200,,,PublicCatalog,,
http_req_failed,1780771036,0.000000,,,,true,,GET,PublicCatalog,HTTP/1.1,default,,200,,,PublicCatalog,,
checks,1780771036,1.000000,Catalog page status is 200,,,,,,,,default,,,,,,,
latency_cold_start,1780771036,1778.000000,,,,,,,,,default,,,,,,,
http_reqs,1780771036,1.000000,,,,true,,GET,PublicCatalog,HTTP/1.1,default,,200,,,PublicCatalog,,
http_req_duration,1780771036,15372.655800,,,,true,,GET,PublicCatalog,HTTP/1.1,default,,200,,,PublicCatalog,,
http_req_blocked,1780771036,0.000000,,,,true,,GET,PublicCatalog,HTTP/1.1,default,,200,,,PublicCatalog,,
http_req_connecting,1780771036,0.000000,,,,true,,GET,PublicCatalog,HTTP/1.1,default,,200,,,PublicCatalog,,
http_req_tls_handshaking,1780771036,0.000000,,,,true,,GET,PublicCatalog,HTTP/1.1,default,,200,,,PublicCatalog,,
http_req_sending,1780771036,0.000000,,,,true,,GET,PublicCatalog,HTTP/1.1,default,,200,,,PublicCatalog,,
http_req_waiting,1780771036,15368.373500,,,,true,,GET,PublicCatalog,HTTP/1.1,default,,200,,,PublicCatalog,,
http_req_receiving,1780771036,4.282300,,,,true,,GET,PublicCatalog,HTTP/1.1,default,,200,,,PublicCatalog,,
http_req_failed,1780771036,0.000000,,,,true,,GET,PublicCatalog,HTTP/1.1,default,,200,,,PublicCatalog,,
checks,1780771036,1.000000,Catalog page status is 200,,,,,,,,default,,,,,,,
vus,1780771036,40.000000,,,,,,,,,,,,,,,,
vus_max,1780771036,50.000000,,,,,,,,,,,,,,,,
http_reqs,1780771036,1.000000,,,,true,,GET,PublicCatalog,HTTP/1.1,default,,200,,,PublicCatalog,,
http_req_duration,1780771036,22661.970900,,,,true,,GET,PublicCatalog,HTTP/1.1,default,,200,,,PublicCatalog,,
http_req_blocked,1780771036,0.000000,,,,true,,GET,PublicCatalog,HTTP/1.1,default,,200,,,PublicCatalog,,
http_req_connecting,1780771036,0.000000,,,,true,,GET,PublicCatalog,HTTP/1.1,default,,200,,,PublicCatalog,,
http_req_tls_handshaking,1780771036,0.000000,,,,true,,GET,PublicCatalog,HTTP/1.1,default,,200,,,PublicCatalog,,
http_req_sending,1780771036,0.000000,,,,true,,GET,PublicCatalog,HTTP/1.1,default,,200,,,PublicCatalog,,
http_req_waiting,1780771036,22660.708100,,,,true,,GET,PublicCatalog,HTTP/1.1,default,,200,,,PublicCatalog,,
http_req_receiving,1780771036,1.262800,,,,true,,GET,PublicCatalog,HTTP/1.1,default,,200,,,PublicCatalog,,
http_req_failed,1780771036,0.000000,,,,true,,GET,PublicCatalog,HTTP/1.1,default,,200,,,PublicCatalog,,
checks,1780771036,1.000000,Catalog page status is 200,,,,,,,,default,,,,,,,
http_reqs,1780771037,1.000000,,,,true,,GET,PublicCatalog,HTTP/1.1,default,,200,,,PublicCatalog,,
http_req_duration,1780771037,23987.660700,,,,true,,GET,PublicCatalog,HTTP/1.1,default,,200,,,PublicCatalog,,
http_req_blocked,1780771037,0.000000,,,,true,,GET,PublicCatalog,HTTP/1.1,default,,200,,,PublicCatalog,,
http_req_connecting,1780771037,0.000000,,,,true,,GET,PublicCatalog,HTTP/1.1,default,,200,,,PublicCatalog,,
http_req_tls_handshaking,1780771037,0.000000,,,,true,,GET,PublicCatalog,HTTP/1.1,default,,200,,,PublicCatalog,,
http_req_sending,1780771037,0.000000,,,,true,,GET,PublicCatalog,HTTP/1.1,default,,200,,,PublicCatalog,,
http_req_waiting,1780771037,23987.660700,,,,true,,GET,PublicCatalog,HTTP/1.1,default,,200,,,PublicCatalog,,
http_req_receiving,1780771037,0.000000,,,,true,,GET,PublicCatalog,HTTP/1.1,default,,200,,,PublicCatalog,,
http_req_failed,1780771037,0.000000,,,,true,,GET,PublicCatalog,HTTP/1.1,default,,200,,,PublicCatalog,,
checks,1780771037,1.000000,Catalog page status is 200,,,,,,,,default,,,,,,,
vus,1780771037,40.000000,,,,,,,,,,,,,,,,
vus_max,1780771037,50.000000,,,,,,,,,,,,,,,,
http_reqs,1780771038,1.000000,,,,true,,GET,PublicCatalog,HTTP/1.1,default,,200,,,PublicCatalog,,
http_req_duration,1780771038,13780.521900,,,,true,,GET,PublicCatalog,HTTP/1.1,default,,200,,,PublicCatalog,,
http_req_blocked,1780771038,0.000000,,,,true,,GET,PublicCatalog,HTTP/1.1,default,,200,,,PublicCatalog,,
http_req_connecting,1780771038,0.000000,,,,true,,GET,PublicCatalog,HTTP/1.1,default,,200,,,PublicCatalog,,
http_req_tls_handshaking,1780771038,0.000000,,,,true,,GET,PublicCatalog,HTTP/1.1,default,,200,,,PublicCatalog,,
http_req_sending,1780771038,0.000000,,,,true,,GET,PublicCatalog,HTTP/1.1,default,,200,,,PublicCatalog,,
http_req_waiting,1780771038,13778.415100,,,,true,,GET,PublicCatalog,HTTP/1.1,default,,200,,,PublicCatalog,,
http_req_receiving,1780771038,2.106800,,,,true,,GET,PublicCatalog,HTTP/1.1,default,,200,,,PublicCatalog,,
http_req_failed,1780771038,0.000000,,,,true,,GET,PublicCatalog,HTTP/1.1,default,,200,,,PublicCatalog,,
checks,1780771038,1.000000,Catalog page status is 200,,,,,,,,default,,,,,,,
http_reqs,1780771038,1.000000,,,,true,,GET,PublicCatalog,HTTP/1.1,default,,200,,,PublicCatalog,,
http_req_duration,1780771038,24265.325800,,,,true,,GET,PublicCatalog,HTTP/1.1,default,,200,,,PublicCatalog,,
http_req_blocked,1780771038,0.000000,,,,true,,GET,PublicCatalog,HTTP/1.1,default,,200,,,PublicCatalog,,
http_req_connecting,1780771038,0.000000,,,,true,,GET,PublicCatalog,HTTP/1.1,default,,200,,,PublicCatalog,,
http_req_tls_handshaking,1780771038,0.000000,,,,true,,GET,PublicCatalog,HTTP/1.1,default,,200,,,PublicCatalog,,
http_req_sending,1780771038,0.000000,,,,true,,GET,PublicCatalog,HTTP/1.1,default,,200,,,PublicCatalog,,
http_req_waiting,1780771038,24263.825900,,,,true,,GET,PublicCatalog,HTTP/1.1,default,,200,,,PublicCatalog,,
http_req_receiving,1780771038,1.499900,,,,true,,GET,PublicCatalog,HTTP/1.1,default,,200,,,PublicCatalog,,
http_req_failed,1780771038,0.000000,,,,true,,GET,PublicCatalog,HTTP/1.1,default,,200,,,PublicCatalog,,
checks,1780771038,1.000000,Catalog page status is 200,,,,,,,,default,,,,,,,
vus,1780771038,40.000000,,,,,,,,,,,,,,,,
vus_max,1780771038,50.000000,,,,,,,,,,,,,,,,
http_reqs,1780771038,1.000000,,,,true,,GET,PublicCatalog,HTTP/1.1,default,,200,,,PublicCatalog,,
http_req_duration,1780771038,14340.241500,,,,true,,GET,PublicCatalog,HTTP/1.1,default,,200,,,PublicCatalog,,
http_req_blocked,1780771038,0.000000,,,,true,,GET,PublicCatalog,HTTP/1.1,default,,200,,,PublicCatalog,,
http_req_connecting,1780771038,0.000000,,,,true,,GET,PublicCatalog,HTTP/1.1,default,,200,,,PublicCatalog,,
http_req_tls_handshaking,1780771038,0.000000,,,,true,,GET,PublicCatalog,HTTP/1.1,default,,200,,,PublicCatalog,,
http_req_sending,1780771038,0.000000,,,,true,,GET,PublicCatalog,HTTP/1.1,default,,200,,,PublicCatalog,,
http_req_waiting,1780771038,14337.710500,,,,true,,GET,PublicCatalog,HTTP/1.1,default,,200,,,PublicCatalog,,
http_req_receiving,1780771038,2.531000,,,,true,,GET,PublicCatalog,HTTP/1.1,default,,200,,,PublicCatalog,,
http_req_failed,1780771038,0.000000,,,,true,,GET,PublicCatalog,HTTP/1.1,default,,200,,,PublicCatalog,,
checks,1780771038,1.000000,Catalog page status is 200,,,,,,,,default,,,,,,,
http_reqs,1780771039,1.000000,,,,true,,GET,PublicCatalog,HTTP/1.1,default,,200,,,PublicCatalog,,
http_req_duration,1780771039,14275.860200,,,,true,,GET,PublicCatalog,HTTP/1.1,default,,200,,,PublicCatalog,,
http_req_blocked,1780771039,0.000000,,,,true,,GET,PublicCatalog,HTTP/1.1,default,,200,,,PublicCatalog,,
http_req_connecting,1780771039,0.000000,,,,true,,GET,PublicCatalog,HTTP/1.1,default,,200,,,PublicCatalog,,
http_req_tls_handshaking,1780771039,0.000000,,,,true,,GET,PublicCatalog,HTTP/1.1,default,,200,,,PublicCatalog,,
http_req_sending,1780771039,0.000000,,,,true,,GET,PublicCatalog,HTTP/1.1,default,,200,,,PublicCatalog,,
http_req_waiting,1780771039,14275.137300,,,,true,,GET,PublicCatalog,HTTP/1.1,default,,200,,,PublicCatalog,,
http_req_receiving,1780771039,0.722900,,,,true,,GET,PublicCatalog,HTTP/1.1,default,,200,,,PublicCatalog,,
http_req_failed,1780771039,0.000000,,,,true,,GET,PublicCatalog,HTTP/1.1,default,,200,,,PublicCatalog,,
checks,1780771039,1.000000,Catalog page status is 200,,,,,,,,default,,,,,,,
vus,1780771039,40.000000,,,,,,,,,,,,,,,,
vus_max,1780771039,50.000000,,,,,,,,,,,,,,,,
http_reqs,1780771039,1.000000,,,,true,,GET,PublicCatalog,HTTP/1.1,default,,200,,,PublicCatalog,,
http_req_duration,1780771039,13915.426100,,,,true,,GET,PublicCatalog,HTTP/1.1,default,,200,,,PublicCatalog,,
http_req_blocked,1780771039,0.000000,,,,true,,GET,PublicCatalog,HTTP/1.1,default,,200,,,PublicCatalog,,
http_req_connecting,1780771039,0.000000,,,,true,,GET,PublicCatalog,HTTP/1.1,default,,200,,,PublicCatalog,,
http_req_tls_handshaking,1780771039,0.000000,,,,true,,GET,PublicCatalog,HTTP/1.1,default,,200,,,PublicCatalog,,
http_req_sending,1780771039,0.000000,,,,true,,GET,PublicCatalog,HTTP/1.1,default,,200,,,PublicCatalog,,
http_req_waiting,1780771039,13914.557000,,,,true,,GET,PublicCatalog,HTTP/1.1,default,,200,,,PublicCatalog,,
http_req_receiving,1780771039,0.869100,,,,true,,GET,PublicCatalog,HTTP/1.1,default,,200,,,PublicCatalog,,
http_req_failed,1780771039,0.000000,,,,true,,GET,PublicCatalog,HTTP/1.1,default,,200,,,PublicCatalog,,
checks,1780771039,1.000000,Catalog page status is 200,,,,,,,,default,,,,,,,
http_reqs,1780771039,1.000000,,,,true,,GET,PublicCatalog,HTTP/1.1,default,,200,,,PublicCatalog,,
http_req_duration,1780771039,13838.642200,,,,true,,GET,PublicCatalog,HTTP/1.1,default,,200,,,PublicCatalog,,
http_req_blocked,1780771039,0.000000,,,,true,,GET,PublicCatalog,HTTP/1.1,default,,200,,,PublicCatalog,,
http_req_connecting,1780771039,0.000000,,,,true,,GET,PublicCatalog,HTTP/1.1,default,,200,,,PublicCatalog,,
http_req_tls_handshaking,1780771039,0.000000,,,,true,,GET,PublicCatalog,HTTP/1.1,default,,200,,,PublicCatalog,,
http_req_sending,1780771039,0.994700,,,,true,,GET,PublicCatalog,HTTP/1.1,default,,200,,,PublicCatalog,,
http_req_waiting,1780771039,13835.985600,,,,true,,GET,PublicCatalog,HTTP/1.1,default,,200,,,PublicCatalog,,
http_req_receiving,1780771039,1.661900,,,,true,,GET,PublicCatalog,HTTP/1.1,default,,200,,,PublicCatalog,,
http_req_failed,1780771039,0.000000,,,,true,,GET,PublicCatalog,HTTP/1.1,default,,200,,,PublicCatalog,,
checks,1780771039,1.000000,Catalog page status is 200,,,,,,,,default,,,,,,,
http_reqs,1780771040,1.000000,,,,true,,GET,BookDetailsJoin,HTTP/1.1,default,,200,,,BookDetailsJoin,,
http_req_duration,1780771040,21525.319300,,,,true,,GET,BookDetailsJoin,HTTP/1.1,default,,200,,,BookDetailsJoin,,
http_req_blocked,1780771040,0.000000,,,,true,,GET,BookDetailsJoin,HTTP/1.1,default,,200,,,BookDetailsJoin,,
http_req_connecting,1780771040,0.000000,,,,true,,GET,BookDetailsJoin,HTTP/1.1,default,,200,,,BookDetailsJoin,,
http_req_tls_handshaking,1780771040,0.000000,,,,true,,GET,BookDetailsJoin,HTTP/1.1,default,,200,,,BookDetailsJoin,,
http_req_sending,1780771040,0.000000,,,,true,,GET,BookDetailsJoin,HTTP/1.1,default,,200,,,BookDetailsJoin,,
http_req_waiting,1780771040,21521.488100,,,,true,,GET,BookDetailsJoin,HTTP/1.1,default,,200,,,BookDetailsJoin,,
http_req_receiving,1780771040,3.831200,,,,true,,GET,BookDetailsJoin,HTTP/1.1,default,,200,,,BookDetailsJoin,,
http_req_failed,1780771040,0.000000,,,,true,,GET,BookDetailsJoin,HTTP/1.1,default,,200,,,BookDetailsJoin,,
checks,1780771040,1.000000,Book details status is 200,,,,,,,,default,,,,,,,
http_reqs,1780771040,1.000000,,,,true,,GET,BookDetailsJoin,HTTP/1.1,default,,200,,,BookDetailsJoin,,
http_req_duration,1780771040,22110.300100,,,,true,,GET,BookDetailsJoin,HTTP/1.1,default,,200,,,BookDetailsJoin,,
http_req_blocked,1780771040,0.000000,,,,true,,GET,BookDetailsJoin,HTTP/1.1,default,,200,,,BookDetailsJoin,,
http_req_connecting,1780771040,0.000000,,,,true,,GET,BookDetailsJoin,HTTP/1.1,default,,200,,,BookDetailsJoin,,
http_req_tls_handshaking,1780771040,0.000000,,,,true,,GET,BookDetailsJoin,HTTP/1.1,default,,200,,,BookDetailsJoin,,
http_req_sending,1780771040,0.000000,,,,true,,GET,BookDetailsJoin,HTTP/1.1,default,,200,,,BookDetailsJoin,,
http_req_waiting,1780771040,22103.808100,,,,true,,GET,BookDetailsJoin,HTTP/1.1,default,,200,,,BookDetailsJoin,,
http_req_receiving,1780771040,6.492000,,,,true,,GET,BookDetailsJoin,HTTP/1.1,default,,200,,,BookDetailsJoin,,
http_req_failed,1780771040,0.000000,,,,true,,GET,BookDetailsJoin,HTTP/1.1,default,,200,,,BookDetailsJoin,,
checks,1780771040,1.000000,Book details status is 200,,,,,,,,default,,,,,,,
http_reqs,1780771040,1.000000,,,,true,,GET,BookDetailsJoin,HTTP/1.1,default,,200,,,BookDetailsJoin,,
http_req_duration,1780771040,17328.106800,,,,true,,GET,BookDetailsJoin,HTTP/1.1,default,,200,,,BookDetailsJoin,,
http_req_blocked,1780771040,0.000000,,,,true,,GET,BookDetailsJoin,HTTP/1.1,default,,200,,,BookDetailsJoin,,
http_req_connecting,1780771040,0.000000,,,,true,,GET,BookDetailsJoin,HTTP/1.1,default,,200,,,BookDetailsJoin,,
http_req_tls_handshaking,1780771040,0.000000,,,,true,,GET,BookDetailsJoin,HTTP/1.1,default,,200,,,BookDetailsJoin,,
http_req_sending,1780771040,0.000000,,,,true,,GET,BookDetailsJoin,HTTP/1.1,default,,200,,,BookDetailsJoin,,
http_req_waiting,1780771040,17326.766800,,,,true,,GET,BookDetailsJoin,HTTP/1.1,default,,200,,,BookDetailsJoin,,
http_req_receiving,1780771040,1.340000,,,,true,,GET,BookDetailsJoin,HTTP/1.1,default,,200,,,BookDetailsJoin,,
http_req_failed,1780771040,0.000000,,,,true,,GET,BookDetailsJoin,HTTP/1.1,default,,200,,,BookDetailsJoin,,
checks,1780771040,1.000000,Book details status is 200,,,,,,,,default,,,,,,,
http_reqs,1780771040,1.000000,,,,true,,GET,BookDetailsJoin,HTTP/1.1,default,,200,,,BookDetailsJoin,,
http_req_duration,1780771040,17076.551000,,,,true,,GET,BookDetailsJoin,HTTP/1.1,default,,200,,,BookDetailsJoin,,
http_req_blocked,1780771040,0.000000,,,,true,,GET,BookDetailsJoin,HTTP/1.1,default,,200,,,BookDetailsJoin,,
http_req_connecting,1780771040,0.000000,,,,true,,GET,BookDetailsJoin,HTTP/1.1,default,,200,,,BookDetailsJoin,,
http_req_tls_handshaking,1780771040,0.000000,,,,true,,GET,BookDetailsJoin,HTTP/1.1,default,,200,,,BookDetailsJoin,,
http_req_sending,1780771040,0.000000,,,,true,,GET,BookDetailsJoin,HTTP/1.1,default,,200,,,BookDetailsJoin,,
http_req_waiting,1780771040,17074.285800,,,,true,,GET,BookDetailsJoin,HTTP/1.1,default,,200,,,BookDetailsJoin,,
http_req_receiving,1780771040,2.265200,,,,true,,GET,BookDetailsJoin,HTTP/1.1,default,,200,,,BookDetailsJoin,,
http_req_failed,1780771040,0.000000,,,,true,,GET,BookDetailsJoin,HTTP/1.1,default,,200,,,BookDetailsJoin,,
checks,1780771040,1.000000,Book details status is 200,,,,,,,,default,,,,,,,
vus,1780771040,40.000000,,,,,,,,,,,,,,,,
vus_max,1780771040,50.000000,,,,,,,,,,,,,,,,
http_reqs,1780771040,1.000000,,,,true,,GET,BookDetailsJoin,HTTP/1.1,default,,200,,,BookDetailsJoin,,
http_req_duration,1780771040,16681.597300,,,,true,,GET,BookDetailsJoin,HTTP/1.1,default,,200,,,BookDetailsJoin,,
http_req_blocked,1780771040,0.000000,,,,true,,GET,BookDetailsJoin,HTTP/1.1,default,,200,,,BookDetailsJoin,,
http_req_connecting,1780771040,0.000000,,,,true,,GET,BookDetailsJoin,HTTP/1.1,default,,200,,,BookDetailsJoin,,
http_req_tls_handshaking,1780771040,0.000000,,,,true,,GET,BookDetailsJoin,HTTP/1.1,default,,200,,,BookDetailsJoin,,
http_req_sending,1780771040,0.000000,,,,true,,GET,BookDetailsJoin,HTTP/1.1,default,,200,,,BookDetailsJoin,,
http_req_waiting,1780771040,16680.525100,,,,true,,GET,BookDetailsJoin,HTTP/1.1,default,,200,,,BookDetailsJoin,,
http_req_receiving,1780771040,1.072200,,,,true,,GET,BookDetailsJoin,HTTP/1.1,default,,200,,,BookDetailsJoin,,
http_req_failed,1780771040,0.000000,,,,true,,GET,BookDetailsJoin,HTTP/1.1,default,,200,,,BookDetailsJoin,,
checks,1780771040,1.000000,Book details status is 200,,,,,,,,default,,,,,,,
http_reqs,1780771040,1.000000,,,,true,,GET,BookDetailsJoin,HTTP/1.1,default,,200,,,BookDetailsJoin,,
http_req_duration,1780771040,16238.333100,,,,true,,GET,BookDetailsJoin,HTTP/1.1,default,,200,,,BookDetailsJoin,,
http_req_blocked,1780771040,0.000000,,,,true,,GET,BookDetailsJoin,HTTP/1.1,default,,200,,,BookDetailsJoin,,
http_req_connecting,1780771040,0.000000,,,,true,,GET,BookDetailsJoin,HTTP/1.1,default,,200,,,BookDetailsJoin,,
http_req_tls_handshaking,1780771040,0.000000,,,,true,,GET,BookDetailsJoin,HTTP/1.1,default,,200,,,BookDetailsJoin,,
http_req_sending,1780771040,0.000000,,,,true,,GET,BookDetailsJoin,HTTP/1.1,default,,200,,,BookDetailsJoin,,
http_req_waiting,1780771040,16236.509100,,,,true,,GET,BookDetailsJoin,HTTP/1.1,default,,200,,,BookDetailsJoin,,
http_req_receiving,1780771040,1.824000,,,,true,,GET,BookDetailsJoin,HTTP/1.1,default,,200,,,BookDetailsJoin,,
http_req_failed,1780771040,0.000000,,,,true,,GET,BookDetailsJoin,HTTP/1.1,default,,200,,,BookDetailsJoin,,
checks,1780771040,1.000000,Book details status is 200,,,,,,,,default,,,,,,,
http_reqs,1780771041,1.000000,,,,true,,GET,BookDetailsJoin,HTTP/1.1,default,,200,,,BookDetailsJoin,,
http_req_duration,1780771041,23457.113000,,,,true,,GET,BookDetailsJoin,HTTP/1.1,default,,200,,,BookDetailsJoin,,
http_req_blocked,1780771041,0.000000,,,,true,,GET,BookDetailsJoin,HTTP/1.1,default,,200,,,BookDetailsJoin,,
http_req_connecting,1780771041,0.000000,,,,true,,GET,BookDetailsJoin,HTTP/1.1,default,,200,,,BookDetailsJoin,,
http_req_tls_handshaking,1780771041,0.000000,,,,true,,GET,BookDetailsJoin,HTTP/1.1,default,,200,,,BookDetailsJoin,,
http_req_sending,1780771041,0.000000,,,,true,,GET,BookDetailsJoin,HTTP/1.1,default,,200,,,BookDetailsJoin,,
http_req_waiting,1780771041,23456.517200,,,,true,,GET,BookDetailsJoin,HTTP/1.1,default,,200,,,BookDetailsJoin,,
http_req_receiving,1780771041,0.595800,,,,true,,GET,BookDetailsJoin,HTTP/1.1,default,,200,,,BookDetailsJoin,,
http_req_failed,1780771041,0.000000,,,,true,,GET,BookDetailsJoin,HTTP/1.1,default,,200,,,BookDetailsJoin,,
checks,1780771041,1.000000,Book details status is 200,,,,,,,,default,,,,,,,
vus,1780771041,40.000000,,,,,,,,,,,,,,,,
vus_max,1780771041,50.000000,,,,,,,,,,,,,,,,
http_reqs,1780771041,1.000000,,,,true,,GET,BookDetailsJoin,HTTP/1.1,default,,200,,,BookDetailsJoin,,
http_req_duration,1780771041,19320.963300,,,,true,,GET,BookDetailsJoin,HTTP/1.1,default,,200,,,BookDetailsJoin,,
http_req_blocked,1780771041,0.000000,,,,true,,GET,BookDetailsJoin,HTTP/1.1,default,,200,,,BookDetailsJoin,,
http_req_connecting,1780771041,0.000000,,,,true,,GET,BookDetailsJoin,HTTP/1.1,default,,200,,,BookDetailsJoin,,
http_req_tls_handshaking,1780771041,0.000000,,,,true,,GET,BookDetailsJoin,HTTP/1.1,default,,200,,,BookDetailsJoin,,
http_req_sending,1780771041,1.003500,,,,true,,GET,BookDetailsJoin,HTTP/1.1,default,,200,,,BookDetailsJoin,,
http_req_waiting,1780771041,19317.853200,,,,true,,GET,BookDetailsJoin,HTTP/1.1,default,,200,,,BookDetailsJoin,,
http_req_receiving,1780771041,2.106600,,,,true,,GET,BookDetailsJoin,HTTP/1.1,default,,200,,,BookDetailsJoin,,
http_req_failed,1780771041,0.000000,,,,true,,GET,BookDetailsJoin,HTTP/1.1,default,,200,,,BookDetailsJoin,,
checks,1780771041,1.000000,Book details status is 200,,,,,,,,default,,,,,,,
http_reqs,1780771042,1.000000,,,,true,,GET,PublicCatalog,HTTP/1.1,default,,200,,,PublicCatalog,,
http_req_duration,1780771042,15224.760900,,,,true,,GET,PublicCatalog,HTTP/1.1,default,,200,,,PublicCatalog,,
http_req_blocked,1780771042,0.000000,,,,true,,GET,PublicCatalog,HTTP/1.1,default,,200,,,PublicCatalog,,
http_req_connecting,1780771042,0.000000,,,,true,,GET,PublicCatalog,HTTP/1.1,default,,200,,,PublicCatalog,,
http_req_tls_handshaking,1780771042,0.000000,,,,true,,GET,PublicCatalog,HTTP/1.1,default,,200,,,PublicCatalog,,
http_req_sending,1780771042,0.000000,,,,true,,GET,PublicCatalog,HTTP/1.1,default,,200,,,PublicCatalog,,
http_req_waiting,1780771042,15223.610100,,,,true,,GET,PublicCatalog,HTTP/1.1,default,,200,,,PublicCatalog,,
http_req_receiving,1780771042,1.150800,,,,true,,GET,PublicCatalog,HTTP/1.1,default,,200,,,PublicCatalog,,
http_req_failed,1780771042,0.000000,,,,true,,GET,PublicCatalog,HTTP/1.1,default,,200,,,PublicCatalog,,
checks,1780771042,1.000000,Catalog page status is 200,,,,,,,,default,,,,,,,
latency_cold_start,1780771042,1778.000000,,,,,,,,,default,,,,,,,
http_reqs,1780771042,1.000000,,,,true,,GET,BookDetailsJoin,HTTP/1.1,default,,200,,,BookDetailsJoin,,
http_req_duration,1780771042,24260.629700,,,,true,,GET,BookDetailsJoin,HTTP/1.1,default,,200,,,BookDetailsJoin,,
http_req_blocked,1780771042,0.000000,,,,true,,GET,BookDetailsJoin,HTTP/1.1,default,,200,,,BookDetailsJoin,,
http_req_connecting,1780771042,0.000000,,,,true,,GET,BookDetailsJoin,HTTP/1.1,default,,200,,,BookDetailsJoin,,
http_req_tls_handshaking,1780771042,0.000000,,,,true,,GET,BookDetailsJoin,HTTP/1.1,default,,200,,,BookDetailsJoin,,
http_req_sending,1780771042,0.000000,,,,true,,GET,BookDetailsJoin,HTTP/1.1,default,,200,,,BookDetailsJoin,,
http_req_waiting,1780771042,24258.380700,,,,true,,GET,BookDetailsJoin,HTTP/1.1,default,,200,,,BookDetailsJoin,,
http_req_receiving,1780771042,2.249000,,,,true,,GET,BookDetailsJoin,HTTP/1.1,default,,200,,,BookDetailsJoin,,
http_req_failed,1780771042,0.000000,,,,true,,GET,BookDetailsJoin,HTTP/1.1,default,,200,,,BookDetailsJoin,,
vus,1780771042,41.000000,,,,,,,,,,,,,,,,
vus_max,1780771042,50.000000,,,,,,,,,,,,,,,,
checks,1780771042,1.000000,Book details status is 200,,,,,,,,default,,,,,,,
http_reqs,1780771042,1.000000,,,,true,,GET,PublicCatalog,HTTP/1.1,default,,200,,,PublicCatalog,,
http_req_duration,1780771042,14718.178100,,,,true,,GET,PublicCatalog,HTTP/1.1,default,,200,,,PublicCatalog,,
http_req_blocked,1780771042,0.000000,,,,true,,GET,PublicCatalog,HTTP/1.1,default,,200,,,PublicCatalog,,
http_req_connecting,1780771042,0.000000,,,,true,,GET,PublicCatalog,HTTP/1.1,default,,200,,,PublicCatalog,,
http_req_tls_handshaking,1780771042,0.000000,,,,true,,GET,PublicCatalog,HTTP/1.1,default,,200,,,PublicCatalog,,
http_req_sending,1780771042,0.000000,,,,true,,GET,PublicCatalog,HTTP/1.1,default,,200,,,PublicCatalog,,
http_req_waiting,1780771042,14716.944700,,,,true,,GET,PublicCatalog,HTTP/1.1,default,,200,,,PublicCatalog,,
http_req_receiving,1780771042,1.233400,,,,true,,GET,PublicCatalog,HTTP/1.1,default,,200,,,PublicCatalog,,
http_req_failed,1780771042,0.000000,,,,true,,GET,PublicCatalog,HTTP/1.1,default,,200,,,PublicCatalog,,
checks,1780771042,1.000000,Catalog page status is 200,,,,,,,,default,,,,,,,
data_sent,1780771043,264.000000,,,,,,,,,default,,,,,,,
data_received,1780771043,110625.000000,,,,,,,,,default,,,,,,,
iteration_duration,1780771043,48705.684600,,,,,,,,,default,,,,,,,
iterations,1780771043,1.000000,,,,,,,,,default,,,,,,,
data_sent,1780771043,264.000000,,,,,,,,,default,,,,,,,
data_received,1780771043,110501.000000,,,,,,,,,default,,,,,,,
iteration_duration,1780771043,60775.065800,,,,,,,,,default,,,,,,,
iterations,1780771043,1.000000,,,,,,,,,default,,,,,,,
data_sent,1780771043,264.000000,,,,,,,,,default,,,,,,,
data_received,1780771043,111089.000000,,,,,,,,,default,,,,,,,
iteration_duration,1780771043,43835.453500,,,,,,,,,default,,,,,,,
iterations,1780771043,1.000000,,,,,,,,,default,,,,,,,
http_reqs,1780771043,1.000000,,,,true,,GET,PublicCatalog,HTTP/1.1,default,,200,,,PublicCatalog,,
http_req_duration,1780771043,14324.905900,,,,true,,GET,PublicCatalog,HTTP/1.1,default,,200,,,PublicCatalog,,
http_req_blocked,1780771043,0.000000,,,,true,,GET,PublicCatalog,HTTP/1.1,default,,200,,,PublicCatalog,,
http_req_connecting,1780771043,0.000000,,,,true,,GET,PublicCatalog,HTTP/1.1,default,,200,,,PublicCatalog,,
http_req_tls_handshaking,1780771043,0.000000,,,,true,,GET,PublicCatalog,HTTP/1.1,default,,200,,,PublicCatalog,,
http_req_sending,1780771043,0.000000,,,,true,,GET,PublicCatalog,HTTP/1.1,default,,200,,,PublicCatalog,,
http_req_waiting,1780771043,14323.757200,,,,true,,GET,PublicCatalog,HTTP/1.1,default,,200,,,PublicCatalog,,
http_req_receiving,1780771043,1.148700,,,,true,,GET,PublicCatalog,HTTP/1.1,default,,200,,,PublicCatalog,,
http_req_failed,1780771043,0.000000,,,,true,,GET,PublicCatalog,HTTP/1.1,default,,200,,,PublicCatalog,,
checks,1780771043,1.000000,Catalog page status is 200,,,,,,,,default,,,,,,,
data_sent,1780771043,264.000000,,,,,,,,,default,,,,,,,
data_received,1780771043,110280.000000,,,,,,,,,default,,,,,,,
iteration_duration,1780771043,44277.466200,,,,,,,,,default,,,,,,,
iterations,1780771043,1.000000,,,,,,,,,default,,,,,,,
vus,1780771043,41.000000,,,,,,,,,,,,,,,,
vus_max,1780771043,50.000000,,,,,,,,,,,,,,,,
data_sent,1780771043,264.000000,,,,,,,,,default,,,,,,,
data_received,1780771043,110403.000000,,,,,,,,,default,,,,,,,
iteration_duration,1780771043,45173.658200,,,,,,,,,default,,,,,,,
iterations,1780771043,1.000000,,,,,,,,,default,,,,,,,
http_reqs,1780771043,1.000000,,,,true,,GET,PublicCatalog,HTTP/1.1,default,,200,,,PublicCatalog,,
http_req_duration,1780771043,18567.144700,,,,true,,GET,PublicCatalog,HTTP/1.1,default,,200,,,PublicCatalog,,
http_req_blocked,1780771043,0.000000,,,,true,,GET,PublicCatalog,HTTP/1.1,default,,200,,,PublicCatalog,,
http_req_connecting,1780771043,0.000000,,,,true,,GET,PublicCatalog,HTTP/1.1,default,,200,,,PublicCatalog,,
http_req_tls_handshaking,1780771043,0.000000,,,,true,,GET,PublicCatalog,HTTP/1.1,default,,200,,,PublicCatalog,,
http_req_sending,1780771043,0.000000,,,,true,,GET,PublicCatalog,HTTP/1.1,default,,200,,,PublicCatalog,,
http_req_waiting,1780771043,18566.136600,,,,true,,GET,PublicCatalog,HTTP/1.1,default,,200,,,PublicCatalog,,
http_req_receiving,1780771043,1.008100,,,,true,,GET,PublicCatalog,HTTP/1.1,default,,200,,,PublicCatalog,,
http_req_failed,1780771043,0.000000,,,,true,,GET,PublicCatalog,HTTP/1.1,default,,200,,,PublicCatalog,,
checks,1780771043,1.000000,Catalog page status is 200,,,,,,,,default,,,,,,,
data_sent,1780771043,264.000000,,,,,,,,,default,,,,,,,
data_received,1780771043,110364.000000,,,,,,,,,default,,,,,,,
iteration_duration,1780771043,44232.070800,,,,,,,,,default,,,,,,,
iterations,1780771043,1.000000,,,,,,,,,default,,,,,,,
http_reqs,1780771044,1.000000,,,,true,,GET,PublicCatalog,HTTP/1.1,default,,200,,,PublicCatalog,,
http_req_duration,1780771044,15708.385600,,,,true,,GET,PublicCatalog,HTTP/1.1,default,,200,,,PublicCatalog,,
http_req_blocked,1780771044,0.000000,,,,true,,GET,PublicCatalog,HTTP/1.1,default,,200,,,PublicCatalog,,
http_req_connecting,1780771044,0.000000,,,,true,,GET,PublicCatalog,HTTP/1.1,default,,200,,,PublicCatalog,,
http_req_tls_handshaking,1780771044,0.000000,,,,true,,GET,PublicCatalog,HTTP/1.1,default,,200,,,PublicCatalog,,
http_req_sending,1780771044,0.000000,,,,true,,GET,PublicCatalog,HTTP/1.1,default,,200,,,PublicCatalog,,
http_req_waiting,1780771044,15704.609300,,,,true,,GET,PublicCatalog,HTTP/1.1,default,,200,,,PublicCatalog,,
http_req_receiving,1780771044,3.776300,,,,true,,GET,PublicCatalog,HTTP/1.1,default,,200,,,PublicCatalog,,
http_req_failed,1780771044,0.000000,,,,true,,GET,PublicCatalog,HTTP/1.1,default,,200,,,PublicCatalog,,
checks,1780771044,1.000000,Catalog page status is 200,,,,,,,,default,,,,,,,
data_sent,1780771044,264.000000,,,,,,,,,default,,,,,,,
data_received,1780771044,110356.000000,,,,,,,,,default,,,,,,,
iteration_duration,1780771044,61981.754900,,,,,,,,,default,,,,,,,
iterations,1780771044,1.000000,,,,,,,,,default,,,,,,,
vus,1780771044,41.000000,,,,,,,,,,,,,,,,
vus_max,1780771044,50.000000,,,,,,,,,,,,,,,,
http_reqs,1780771044,1.000000,,,,true,,GET,PublicCatalog,HTTP/1.1,default,,200,,,PublicCatalog,,
http_req_duration,1780771044,17074.400000,,,,true,,GET,PublicCatalog,HTTP/1.1,default,,200,,,PublicCatalog,,
http_req_blocked,1780771044,0.000000,,,,true,,GET,PublicCatalog,HTTP/1.1,default,,200,,,PublicCatalog,,
http_req_connecting,1780771044,0.000000,,,,true,,GET,PublicCatalog,HTTP/1.1,default,,200,,,PublicCatalog,,
http_req_tls_handshaking,1780771044,0.000000,,,,true,,GET,PublicCatalog,HTTP/1.1,default,,200,,,PublicCatalog,,
http_req_sending,1780771044,0.000000,,,,true,,GET,PublicCatalog,HTTP/1.1,default,,200,,,PublicCatalog,,
http_req_waiting,1780771044,17071.199600,,,,true,,GET,PublicCatalog,HTTP/1.1,default,,200,,,PublicCatalog,,
http_req_receiving,1780771044,3.200400,,,,true,,GET,PublicCatalog,HTTP/1.1,default,,200,,,PublicCatalog,,
http_req_failed,1780771044,0.000000,,,,true,,GET,PublicCatalog,HTTP/1.1,default,,200,,,PublicCatalog,,
checks,1780771044,1.000000,Catalog page status is 200,,,,,,,,default,,,,,,,
data_sent,1780771044,264.000000,,,,,,,,,default,,,,,,,
data_received,1780771044,110483.000000,,,,,,,,,default,,,,,,,
iteration_duration,1780771044,46765.487700,,,,,,,,,default,,,,,,,
iterations,1780771044,1.000000,,,,,,,,,default,,,,,,,
http_reqs,1780771045,1.000000,,,,true,,GET,PublicCatalog,HTTP/1.1,default,,200,,,PublicCatalog,,
http_req_duration,1780771045,18879.733600,,,,true,,GET,PublicCatalog,HTTP/1.1,default,,200,,,PublicCatalog,,
http_req_blocked,1780771045,0.000000,,,,true,,GET,PublicCatalog,HTTP/1.1,default,,200,,,PublicCatalog,,
http_req_connecting,1780771045,0.000000,,,,true,,GET,PublicCatalog,HTTP/1.1,default,,200,,,PublicCatalog,,
http_req_tls_handshaking,1780771045,0.000000,,,,true,,GET,PublicCatalog,HTTP/1.1,default,,200,,,PublicCatalog,,
http_req_sending,1780771045,0.000000,,,,true,,GET,PublicCatalog,HTTP/1.1,default,,200,,,PublicCatalog,,
http_req_waiting,1780771045,18879.023700,,,,true,,GET,PublicCatalog,HTTP/1.1,default,,200,,,PublicCatalog,,
http_req_receiving,1780771045,0.709900,,,,true,,GET,PublicCatalog,HTTP/1.1,default,,200,,,PublicCatalog,,
http_req_failed,1780771045,0.000000,,,,true,,GET,PublicCatalog,HTTP/1.1,default,,200,,,PublicCatalog,,
checks,1780771045,1.000000,Catalog page status is 200,,,,,,,,default,,,,,,,
vus,1780771045,41.000000,,,,,,,,,,,,,,,,
vus_max,1780771045,50.000000,,,,,,,,,,,,,,,,
data_sent,1780771045,264.000000,,,,,,,,,default,,,,,,,
data_received,1780771045,110614.000000,,,,,,,,,default,,,,,,,
iteration_duration,1780771045,57157.198600,,,,,,,,,default,,,,,,,
iterations,1780771045,1.000000,,,,,,,,,default,,,,,,,
http_reqs,1780771045,1.000000,,,,true,,GET,PublicCatalog,HTTP/1.1,default,,200,,,PublicCatalog,,
http_req_duration,1780771045,15626.551900,,,,true,,GET,PublicCatalog,HTTP/1.1,default,,200,,,PublicCatalog,,
http_req_blocked,1780771045,0.000000,,,,true,,GET,PublicCatalog,HTTP/1.1,default,,200,,,PublicCatalog,,
http_req_connecting,1780771045,0.000000,,,,true,,GET,PublicCatalog,HTTP/1.1,default,,200,,,PublicCatalog,,
http_req_tls_handshaking,1780771045,0.000000,,,,true,,GET,PublicCatalog,HTTP/1.1,default,,200,,,PublicCatalog,,
http_req_sending,1780771045,0.000000,,,,true,,GET,PublicCatalog,HTTP/1.1,default,,200,,,PublicCatalog,,
http_req_waiting,1780771045,15619.764000,,,,true,,GET,PublicCatalog,HTTP/1.1,default,,200,,,PublicCatalog,,
http_req_receiving,1780771045,6.787900,,,,true,,GET,PublicCatalog,HTTP/1.1,default,,200,,,PublicCatalog,,
http_req_failed,1780771045,0.000000,,,,true,,GET,PublicCatalog,HTTP/1.1,default,,200,,,PublicCatalog,,
checks,1780771045,1.000000,Catalog page status is 200,,,,,,,,default,,,,,,,
http_reqs,1780771046,1.000000,,,,true,,GET,PublicCatalog,HTTP/1.1,default,,200,,,PublicCatalog,,
http_req_duration,1780771046,16548.410900,,,,true,,GET,PublicCatalog,HTTP/1.1,default,,200,,,PublicCatalog,,
http_req_blocked,1780771046,0.000000,,,,true,,GET,PublicCatalog,HTTP/1.1,default,,200,,,PublicCatalog,,
http_req_connecting,1780771046,0.000000,,,,true,,GET,PublicCatalog,HTTP/1.1,default,,200,,,PublicCatalog,,
http_req_tls_handshaking,1780771046,0.000000,,,,true,,GET,PublicCatalog,HTTP/1.1,default,,200,,,PublicCatalog,,
http_req_sending,1780771046,0.514700,,,,true,,GET,PublicCatalog,HTTP/1.1,default,,200,,,PublicCatalog,,
http_req_waiting,1780771046,16546.866200,,,,true,,GET,PublicCatalog,HTTP/1.1,default,,200,,,PublicCatalog,,
http_req_receiving,1780771046,1.030000,,,,true,,GET,PublicCatalog,HTTP/1.1,default,,200,,,PublicCatalog,,
http_req_failed,1780771046,0.000000,,,,true,,GET,PublicCatalog,HTTP/1.1,default,,200,,,PublicCatalog,,
checks,1780771046,1.000000,Catalog page status is 200,,,,,,,,default,,,,,,,
http_reqs,1780771046,1.000000,,,,true,,GET,PublicCatalog,HTTP/1.1,default,,200,,,PublicCatalog,,
http_req_duration,1780771046,16515.554700,,,,true,,GET,PublicCatalog,HTTP/1.1,default,,200,,,PublicCatalog,,
http_req_blocked,1780771046,0.000000,,,,true,,GET,PublicCatalog,HTTP/1.1,default,,200,,,PublicCatalog,,
http_req_connecting,1780771046,0.000000,,,,true,,GET,PublicCatalog,HTTP/1.1,default,,200,,,PublicCatalog,,
http_req_tls_handshaking,1780771046,0.000000,,,,true,,GET,PublicCatalog,HTTP/1.1,default,,200,,,PublicCatalog,,
http_req_sending,1780771046,0.000000,,,,true,,GET,PublicCatalog,HTTP/1.1,default,,200,,,PublicCatalog,,
http_req_waiting,1780771046,16513.861700,,,,true,,GET,PublicCatalog,HTTP/1.1,default,,200,,,PublicCatalog,,
http_req_receiving,1780771046,1.693000,,,,true,,GET,PublicCatalog,HTTP/1.1,default,,200,,,PublicCatalog,,
http_req_failed,1780771046,0.000000,,,,true,,GET,PublicCatalog,HTTP/1.1,default,,200,,,PublicCatalog,,
checks,1780771046,1.000000,Catalog page status is 200,,,,,,,,default,,,,,,,
vus,1780771046,41.000000,,,,,,,,,,,,,,,,
vus_max,1780771046,50.000000,,,,,,,,,,,,,,,,
http_reqs,1780771047,1.000000,,,,true,,GET,LandingPage,HTTP/1.1,default,,200,,,LandingPage,,
http_req_duration,1780771047,10984.817100,,,,true,,GET,LandingPage,HTTP/1.1,default,,200,,,LandingPage,,
http_req_blocked,1780771047,1.184700,,,,true,,GET,LandingPage,HTTP/1.1,default,,200,,,LandingPage,,
http_req_connecting,1780771047,0.676700,,,,true,,GET,LandingPage,HTTP/1.1,default,,200,,,LandingPage,,
http_req_tls_handshaking,1780771047,0.000000,,,,true,,GET,LandingPage,HTTP/1.1,default,,200,,,LandingPage,,
http_req_sending,1780771047,0.000000,,,,true,,GET,LandingPage,HTTP/1.1,default,,200,,,LandingPage,,
http_req_waiting,1780771047,10984.817100,,,,true,,GET,LandingPage,HTTP/1.1,default,,200,,,LandingPage,,
http_req_receiving,1780771047,0.000000,,,,true,,GET,LandingPage,HTTP/1.1,default,,200,,,LandingPage,,
http_req_failed,1780771047,0.000000,,,,true,,GET,LandingPage,HTTP/1.1,default,,200,,,LandingPage,,
checks,1780771047,1.000000,Home page status is 200,,,,,,,,default,,,,,,,
vus,1780771047,41.000000,,,,,,,,,,,,,,,,
vus_max,1780771047,50.000000,,,,,,,,,,,,,,,,
http_reqs,1780771048,1.000000,,,,true,,GET,LandingPage,HTTP/1.1,default,,200,,,LandingPage,,
http_req_duration,1780771048,5626.564000,,,,true,,GET,LandingPage,HTTP/1.1,default,,200,,,LandingPage,,
http_req_blocked,1780771048,1.069900,,,,true,,GET,LandingPage,HTTP/1.1,default,,200,,,LandingPage,,
http_req_connecting,1780771048,1.069900,,,,true,,GET,LandingPage,HTTP/1.1,default,,200,,,LandingPage,,
http_req_tls_handshaking,1780771048,0.000000,,,,true,,GET,LandingPage,HTTP/1.1,default,,200,,,LandingPage,,
http_req_sending,1780771048,0.000000,,,,true,,GET,LandingPage,HTTP/1.1,default,,200,,,LandingPage,,
http_req_waiting,1780771048,5626.564000,,,,true,,GET,LandingPage,HTTP/1.1,default,,200,,,LandingPage,,
http_req_receiving,1780771048,0.000000,,,,true,,GET,LandingPage,HTTP/1.1,default,,200,,,LandingPage,,
http_req_failed,1780771048,0.000000,,,,true,,GET,LandingPage,HTTP/1.1,default,,200,,,LandingPage,,
checks,1780771048,1.000000,Home page status is 200,,,,,,,,default,,,,,,,
latency_cold_start,1780771048,1778.000000,,,,,,,,,default,,,,,,,
http_reqs,1780771048,1.000000,,,,true,,GET,LandingPage,HTTP/1.1,default,,200,,,LandingPage,,
http_req_duration,1780771048,5419.994800,,,,true,,GET,LandingPage,HTTP/1.1,default,,200,,,LandingPage,,
http_req_blocked,1780771048,0.000000,,,,true,,GET,LandingPage,HTTP/1.1,default,,200,,,LandingPage,,
http_req_connecting,1780771048,0.000000,,,,true,,GET,LandingPage,HTTP/1.1,default,,200,,,LandingPage,,
http_req_tls_handshaking,1780771048,0.000000,,,,true,,GET,LandingPage,HTTP/1.1,default,,200,,,LandingPage,,
http_req_sending,1780771048,0.000000,,,,true,,GET,LandingPage,HTTP/1.1,default,,200,,,LandingPage,,
http_req_waiting,1780771048,5419.420900,,,,true,,GET,LandingPage,HTTP/1.1,default,,200,,,LandingPage,,
http_req_receiving,1780771048,0.573900,,,,true,,GET,LandingPage,HTTP/1.1,default,,200,,,LandingPage,,
http_req_failed,1780771048,0.000000,,,,true,,GET,LandingPage,HTTP/1.1,default,,200,,,LandingPage,,
checks,1780771048,1.000000,Home page status is 200,,,,,,,,default,,,,,,,
vus,1780771048,42.000000,,,,,,,,,,,,,,,,
vus_max,1780771048,50.000000,,,,,,,,,,,,,,,,
http_reqs,1780771049,1.000000,,,,true,,GET,LandingPage,HTTP/1.1,default,,200,,,LandingPage,,
http_req_duration,1780771049,5768.158700,,,,true,,GET,LandingPage,HTTP/1.1,default,,200,,,LandingPage,,
http_req_blocked,1780771049,0.000000,,,,true,,GET,LandingPage,HTTP/1.1,default,,200,,,LandingPage,,
http_req_connecting,1780771049,0.000000,,,,true,,GET,LandingPage,HTTP/1.1,default,,200,,,LandingPage,,
http_req_tls_handshaking,1780771049,0.000000,,,,true,,GET,LandingPage,HTTP/1.1,default,,200,,,LandingPage,,
http_req_sending,1780771049,0.000000,,,,true,,GET,LandingPage,HTTP/1.1,default,,200,,,LandingPage,,
http_req_waiting,1780771049,5766.308300,,,,true,,GET,LandingPage,HTTP/1.1,default,,200,,,LandingPage,,
http_req_receiving,1780771049,1.850400,,,,true,,GET,LandingPage,HTTP/1.1,default,,200,,,LandingPage,,
http_req_failed,1780771049,0.000000,,,,true,,GET,LandingPage,HTTP/1.1,default,,200,,,LandingPage,,
checks,1780771049,1.000000,Home page status is 200,,,,,,,,default,,,,,,,
http_reqs,1780771049,1.000000,,,,true,,GET,LandingPage,HTTP/1.1,default,,200,,,LandingPage,,
http_req_duration,1780771049,5996.159900,,,,true,,GET,LandingPage,HTTP/1.1,default,,200,,,LandingPage,,
http_req_blocked,1780771049,0.000000,,,,true,,GET,LandingPage,HTTP/1.1,default,,200,,,LandingPage,,
http_req_connecting,1780771049,0.000000,,,,true,,GET,LandingPage,HTTP/1.1,default,,200,,,LandingPage,,
http_req_tls_handshaking,1780771049,0.000000,,,,true,,GET,LandingPage,HTTP/1.1,default,,200,,,LandingPage,,
http_req_sending,1780771049,0.000000,,,,true,,GET,LandingPage,HTTP/1.1,default,,200,,,LandingPage,,
http_req_waiting,1780771049,5990.339300,,,,true,,GET,LandingPage,HTTP/1.1,default,,200,,,LandingPage,,
http_req_receiving,1780771049,5.820600,,,,true,,GET,LandingPage,HTTP/1.1,default,,200,,,LandingPage,,
http_req_failed,1780771049,0.000000,,,,true,,GET,LandingPage,HTTP/1.1,default,,200,,,LandingPage,,
checks,1780771049,1.000000,Home page status is 200,,,,,,,,default,,,,,,,
vus,1780771049,42.000000,,,,,,,,,,,,,,,,
vus_max,1780771049,50.000000,,,,,,,,,,,,,,,,
http_reqs,1780771049,1.000000,,,,true,,GET,LandingPage,HTTP/1.1,default,,200,,,LandingPage,,
http_req_duration,1780771049,6099.627300,,,,true,,GET,LandingPage,HTTP/1.1,default,,200,,,LandingPage,,
http_req_blocked,1780771049,0.000000,,,,true,,GET,LandingPage,HTTP/1.1,default,,200,,,LandingPage,,
http_req_connecting,1780771049,0.000000,,,,true,,GET,LandingPage,HTTP/1.1,default,,200,,,LandingPage,,
http_req_tls_handshaking,1780771049,0.000000,,,,true,,GET,LandingPage,HTTP/1.1,default,,200,,,LandingPage,,
http_req_sending,1780771049,0.000000,,,,true,,GET,LandingPage,HTTP/1.1,default,,200,,,LandingPage,,
http_req_waiting,1780771049,6098.961800,,,,true,,GET,LandingPage,HTTP/1.1,default,,200,,,LandingPage,,
http_req_receiving,1780771049,0.665500,,,,true,,GET,LandingPage,HTTP/1.1,default,,200,,,LandingPage,,
http_req_failed,1780771049,0.000000,,,,true,,GET,LandingPage,HTTP/1.1,default,,200,,,LandingPage,,
checks,1780771049,1.000000,Home page status is 200,,,,,,,,default,,,,,,,
http_reqs,1780771050,1.000000,,,,true,,GET,LandingPage,HTTP/1.1,default,,200,,,LandingPage,,
http_req_duration,1780771050,6037.503900,,,,true,,GET,LandingPage,HTTP/1.1,default,,200,,,LandingPage,,
http_req_blocked,1780771050,0.000000,,,,true,,GET,LandingPage,HTTP/1.1,default,,200,,,LandingPage,,
http_req_connecting,1780771050,0.000000,,,,true,,GET,LandingPage,HTTP/1.1,default,,200,,,LandingPage,,
http_req_tls_handshaking,1780771050,0.000000,,,,true,,GET,LandingPage,HTTP/1.1,default,,200,,,LandingPage,,
http_req_sending,1780771050,0.000000,,,,true,,GET,LandingPage,HTTP/1.1,default,,200,,,LandingPage,,
http_req_waiting,1780771050,6036.083300,,,,true,,GET,LandingPage,HTTP/1.1,default,,200,,,LandingPage,,
http_req_receiving,1780771050,1.420600,,,,true,,GET,LandingPage,HTTP/1.1,default,,200,,,LandingPage,,
http_req_failed,1780771050,0.000000,,,,true,,GET,LandingPage,HTTP/1.1,default,,200,,,LandingPage,,
checks,1780771050,1.000000,Home page status is 200,,,,,,,,default,,,,,,,
http_reqs,1780771050,1.000000,,,,true,,GET,LandingPage,HTTP/1.1,default,,200,,,LandingPage,,
http_req_duration,1780771050,6841.721500,,,,true,,GET,LandingPage,HTTP/1.1,default,,200,,,LandingPage,,
http_req_blocked,1780771050,0.000000,,,,true,,GET,LandingPage,HTTP/1.1,default,,200,,,LandingPage,,
http_req_connecting,1780771050,0.000000,,,,true,,GET,LandingPage,HTTP/1.1,default,,200,,,LandingPage,,
http_req_tls_handshaking,1780771050,0.000000,,,,true,,GET,LandingPage,HTTP/1.1,default,,200,,,LandingPage,,
http_req_sending,1780771050,0.000000,,,,true,,GET,LandingPage,HTTP/1.1,default,,200,,,LandingPage,,
http_req_waiting,1780771050,6841.721500,,,,true,,GET,LandingPage,HTTP/1.1,default,,200,,,LandingPage,,
http_req_receiving,1780771050,0.000000,,,,true,,GET,LandingPage,HTTP/1.1,default,,200,,,LandingPage,,
http_req_failed,1780771050,0.000000,,,,true,,GET,LandingPage,HTTP/1.1,default,,200,,,LandingPage,,
checks,1780771050,1.000000,Home page status is 200,,,,,,,,default,,,,,,,
vus,1780771050,42.000000,,,,,,,,,,,,,,,,
vus_max,1780771050,50.000000,,,,,,,,,,,,,,,,
http_reqs,1780771050,1.000000,,,,true,,GET,LandingPage,HTTP/1.1,default,,200,,,LandingPage,,
http_req_duration,1780771050,6414.796900,,,,true,,GET,LandingPage,HTTP/1.1,default,,200,,,LandingPage,,
http_req_blocked,1780771050,0.000000,,,,true,,GET,LandingPage,HTTP/1.1,default,,200,,,LandingPage,,
http_req_connecting,1780771050,0.000000,,,,true,,GET,LandingPage,HTTP/1.1,default,,200,,,LandingPage,,
http_req_tls_handshaking,1780771050,0.000000,,,,true,,GET,LandingPage,HTTP/1.1,default,,200,,,LandingPage,,
http_req_sending,1780771050,0.000000,,,,true,,GET,LandingPage,HTTP/1.1,default,,200,,,LandingPage,,
http_req_waiting,1780771050,6413.957900,,,,true,,GET,LandingPage,HTTP/1.1,default,,200,,,LandingPage,,
http_req_receiving,1780771050,0.839000,,,,true,,GET,LandingPage,HTTP/1.1,default,,200,,,LandingPage,,
http_req_failed,1780771050,0.000000,,,,true,,GET,LandingPage,HTTP/1.1,default,,200,,,LandingPage,,
checks,1780771050,1.000000,Home page status is 200,,,,,,,,default,,,,,,,
http_reqs,1780771051,1.000000,,,,true,,GET,LandingPage,HTTP/1.1,default,,200,,,LandingPage,,
http_req_duration,1780771051,6567.351000,,,,true,,GET,LandingPage,HTTP/1.1,default,,200,,,LandingPage,,
http_req_blocked,1780771051,0.000000,,,,true,,GET,LandingPage,HTTP/1.1,default,,200,,,LandingPage,,
http_req_connecting,1780771051,0.000000,,,,true,,GET,LandingPage,HTTP/1.1,default,,200,,,LandingPage,,
http_req_tls_handshaking,1780771051,0.000000,,,,true,,GET,LandingPage,HTTP/1.1,default,,200,,,LandingPage,,
http_req_sending,1780771051,0.000000,,,,true,,GET,LandingPage,HTTP/1.1,default,,200,,,LandingPage,,
http_req_waiting,1780771051,6565.977300,,,,true,,GET,LandingPage,HTTP/1.1,default,,200,,,LandingPage,,
http_req_receiving,1780771051,1.373700,,,,true,,GET,LandingPage,HTTP/1.1,default,,200,,,LandingPage,,
http_req_failed,1780771051,0.000000,,,,true,,GET,LandingPage,HTTP/1.1,default,,200,,,LandingPage,,
checks,1780771051,1.000000,Home page status is 200,,,,,,,,default,,,,,,,
vus,1780771051,42.000000,,,,,,,,,,,,,,,,
vus_max,1780771051,50.000000,,,,,,,,,,,,,,,,
http_reqs,1780771051,1.000000,,,,true,,GET,PublicCatalog,HTTP/1.1,default,,200,,,PublicCatalog,,
http_req_duration,1780771051,19058.565800,,,,true,,GET,PublicCatalog,HTTP/1.1,default,,200,,,PublicCatalog,,
http_req_blocked,1780771051,0.000000,,,,true,,GET,PublicCatalog,HTTP/1.1,default,,200,,,PublicCatalog,,
http_req_connecting,1780771051,0.000000,,,,true,,GET,PublicCatalog,HTTP/1.1,default,,200,,,PublicCatalog,,
http_req_tls_handshaking,1780771051,0.000000,,,,true,,GET,PublicCatalog,HTTP/1.1,default,,200,,,PublicCatalog,,
http_req_sending,1780771051,0.000000,,,,true,,GET,PublicCatalog,HTTP/1.1,default,,200,,,PublicCatalog,,
http_req_waiting,1780771051,19057.873800,,,,true,,GET,PublicCatalog,HTTP/1.1,default,,200,,,PublicCatalog,,
http_req_receiving,1780771051,0.692000,,,,true,,GET,PublicCatalog,HTTP/1.1,default,,200,,,PublicCatalog,,
http_req_failed,1780771051,0.000000,,,,true,,GET,PublicCatalog,HTTP/1.1,default,,200,,,PublicCatalog,,
checks,1780771051,1.000000,Catalog page status is 200,,,,,,,,default,,,,,,,
http_reqs,1780771052,1.000000,,,,true,,GET,LandingPage,HTTP/1.1,default,,200,,,LandingPage,,
http_req_duration,1780771052,6882.194800,,,,true,,GET,LandingPage,HTTP/1.1,default,,200,,,LandingPage,,
http_req_blocked,1780771052,0.000000,,,,true,,GET,LandingPage,HTTP/1.1,default,,200,,,LandingPage,,
http_req_connecting,1780771052,0.000000,,,,true,,GET,LandingPage,HTTP/1.1,default,,200,,,LandingPage,,
http_req_tls_handshaking,1780771052,0.000000,,,,true,,GET,LandingPage,HTTP/1.1,default,,200,,,LandingPage,,
http_req_sending,1780771052,0.000000,,,,true,,GET,LandingPage,HTTP/1.1,default,,200,,,LandingPage,,
http_req_waiting,1780771052,6877.639000,,,,true,,GET,LandingPage,HTTP/1.1,default,,200,,,LandingPage,,
http_req_receiving,1780771052,4.555800,,,,true,,GET,LandingPage,HTTP/1.1,default,,200,,,LandingPage,,
http_req_failed,1780771052,0.000000,,,,true,,GET,LandingPage,HTTP/1.1,default,,200,,,LandingPage,,
checks,1780771052,1.000000,Home page status is 200,,,,,,,,default,,,,,,,
vus,1780771052,42.000000,,,,,,,,,,,,,,,,
vus_max,1780771052,50.000000,,,,,,,,,,,,,,,,
http_reqs,1780771053,1.000000,,,,true,,GET,PublicCatalog,HTTP/1.1,default,,200,,,PublicCatalog,,
http_req_duration,1780771053,20564.042700,,,,true,,GET,PublicCatalog,HTTP/1.1,default,,200,,,PublicCatalog,,
http_req_blocked,1780771053,0.000000,,,,true,,GET,PublicCatalog,HTTP/1.1,default,,200,,,PublicCatalog,,
http_req_connecting,1780771053,0.000000,,,,true,,GET,PublicCatalog,HTTP/1.1,default,,200,,,PublicCatalog,,
http_req_tls_handshaking,1780771053,0.000000,,,,true,,GET,PublicCatalog,HTTP/1.1,default,,200,,,PublicCatalog,,
http_req_sending,1780771053,0.000000,,,,true,,GET,PublicCatalog,HTTP/1.1,default,,200,,,PublicCatalog,,
http_req_waiting,1780771053,20563.162300,,,,true,,GET,PublicCatalog,HTTP/1.1,default,,200,,,PublicCatalog,,
http_req_receiving,1780771053,0.880400,,,,true,,GET,PublicCatalog,HTTP/1.1,default,,200,,,PublicCatalog,,
http_req_failed,1780771053,0.000000,,,,true,,GET,PublicCatalog,HTTP/1.1,default,,200,,,PublicCatalog,,
checks,1780771053,1.000000,Catalog page status is 200,,,,,,,,default,,,,,,,
vus,1780771053,42.000000,,,,,,,,,,,,,,,,
vus_max,1780771053,50.000000,,,,,,,,,,,,,,,,
http_reqs,1780771053,1.000000,,,,true,,GET,PublicCatalog,HTTP/1.1,default,,200,,,PublicCatalog,,
http_req_duration,1780771053,20599.950400,,,,true,,GET,PublicCatalog,HTTP/1.1,default,,200,,,PublicCatalog,,
http_req_blocked,1780771053,0.000000,,,,true,,GET,PublicCatalog,HTTP/1.1,default,,200,,,PublicCatalog,,
http_req_connecting,1780771053,0.000000,,,,true,,GET,PublicCatalog,HTTP/1.1,default,,200,,,PublicCatalog,,
http_req_tls_handshaking,1780771053,0.000000,,,,true,,GET,PublicCatalog,HTTP/1.1,default,,200,,,PublicCatalog,,
http_req_sending,1780771053,0.000000,,,,true,,GET,PublicCatalog,HTTP/1.1,default,,200,,,PublicCatalog,,
http_req_waiting,1780771053,20598.438400,,,,true,,GET,PublicCatalog,HTTP/1.1,default,,200,,,PublicCatalog,,
http_req_receiving,1780771053,1.512000,,,,true,,GET,PublicCatalog,HTTP/1.1,default,,200,,,PublicCatalog,,
http_req_failed,1780771053,0.000000,,,,true,,GET,PublicCatalog,HTTP/1.1,default,,200,,,PublicCatalog,,
checks,1780771053,1.000000,Catalog page status is 200,,,,,,,,default,,,,,,,
http_reqs,1780771054,1.000000,,,,true,,GET,PublicCatalog,HTTP/1.1,default,,200,,,PublicCatalog,,
http_req_duration,1780771054,20946.901800,,,,true,,GET,PublicCatalog,HTTP/1.1,default,,200,,,PublicCatalog,,
http_req_blocked,1780771054,0.000000,,,,true,,GET,PublicCatalog,HTTP/1.1,default,,200,,,PublicCatalog,,
http_req_connecting,1780771054,0.000000,,,,true,,GET,PublicCatalog,HTTP/1.1,default,,200,,,PublicCatalog,,
http_req_tls_handshaking,1780771054,0.000000,,,,true,,GET,PublicCatalog,HTTP/1.1,default,,200,,,PublicCatalog,,
http_req_sending,1780771054,0.000000,,,,true,,GET,PublicCatalog,HTTP/1.1,default,,200,,,PublicCatalog,,
http_req_waiting,1780771054,20945.272700,,,,true,,GET,PublicCatalog,HTTP/1.1,default,,200,,,PublicCatalog,,
http_req_receiving,1780771054,1.629100,,,,true,,GET,PublicCatalog,HTTP/1.1,default,,200,,,PublicCatalog,,
http_req_failed,1780771054,0.000000,,,,true,,GET,PublicCatalog,HTTP/1.1,default,,200,,,PublicCatalog,,
checks,1780771054,1.000000,Catalog page status is 200,,,,,,,,default,,,,,,,
http_reqs,1780771054,1.000000,,,,true,,GET,PublicCatalog,HTTP/1.1,default,,200,,,PublicCatalog,,
http_req_duration,1780771054,20831.956800,,,,true,,GET,PublicCatalog,HTTP/1.1,default,,200,,,PublicCatalog,,
http_req_blocked,1780771054,0.000000,,,,true,,GET,PublicCatalog,HTTP/1.1,default,,200,,,PublicCatalog,,
http_req_connecting,1780771054,0.000000,,,,true,,GET,PublicCatalog,HTTP/1.1,default,,200,,,PublicCatalog,,
http_req_tls_handshaking,1780771054,0.000000,,,,true,,GET,PublicCatalog,HTTP/1.1,default,,200,,,PublicCatalog,,
http_req_sending,1780771054,0.000000,,,,true,,GET,PublicCatalog,HTTP/1.1,default,,200,,,PublicCatalog,,
http_req_waiting,1780771054,20822.369400,,,,true,,GET,PublicCatalog,HTTP/1.1,default,,200,,,PublicCatalog,,
http_req_receiving,1780771054,9.587400,,,,true,,GET,PublicCatalog,HTTP/1.1,default,,200,,,PublicCatalog,,
http_req_failed,1780771054,0.000000,,,,true,,GET,PublicCatalog,HTTP/1.1,default,,200,,,PublicCatalog,,
checks,1780771054,1.000000,Catalog page status is 200,,,,,,,,default,,,,,,,
http_reqs,1780771054,1.000000,,,,true,,GET,PublicCatalog,HTTP/1.1,default,,200,,,PublicCatalog,,
http_req_duration,1780771054,20871.479200,,,,true,,GET,PublicCatalog,HTTP/1.1,default,,200,,,PublicCatalog,,
http_req_blocked,1780771054,0.000000,,,,true,,GET,PublicCatalog,HTTP/1.1,default,,200,,,PublicCatalog,,
http_req_connecting,1780771054,0.000000,,,,true,,GET,PublicCatalog,HTTP/1.1,default,,200,,,PublicCatalog,,
http_req_tls_handshaking,1780771054,0.000000,,,,true,,GET,PublicCatalog,HTTP/1.1,default,,200,,,PublicCatalog,,
http_req_sending,1780771054,0.000000,,,,true,,GET,PublicCatalog,HTTP/1.1,default,,200,,,PublicCatalog,,
http_req_waiting,1780771054,20863.614200,,,,true,,GET,PublicCatalog,HTTP/1.1,default,,200,,,PublicCatalog,,
http_req_receiving,1780771054,7.865000,,,,true,,GET,PublicCatalog,HTTP/1.1,default,,200,,,PublicCatalog,,
http_req_failed,1780771054,0.000000,,,,true,,GET,PublicCatalog,HTTP/1.1,default,,200,,,PublicCatalog,,
checks,1780771054,1.000000,Catalog page status is 200,,,,,,,,default,,,,,,,
latency_cold_start,1780771054,1778.000000,,,,,,,,,default,,,,,,,
vus,1780771054,43.000000,,,,,,,,,,,,,,,,
vus_max,1780771054,50.000000,,,,,,,,,,,,,,,,
http_reqs,1780771054,1.000000,,,,true,,GET,BookDetailsJoin,HTTP/1.1,default,,200,,,BookDetailsJoin,,
http_req_duration,1780771054,16347.007900,,,,true,,GET,BookDetailsJoin,HTTP/1.1,default,,200,,,BookDetailsJoin,,
http_req_blocked,1780771054,0.000000,,,,true,,GET,BookDetailsJoin,HTTP/1.1,default,,200,,,BookDetailsJoin,,
http_req_connecting,1780771054,0.000000,,,,true,,GET,BookDetailsJoin,HTTP/1.1,default,,200,,,BookDetailsJoin,,
http_req_tls_handshaking,1780771054,0.000000,,,,true,,GET,BookDetailsJoin,HTTP/1.1,default,,200,,,BookDetailsJoin,,
http_req_sending,1780771054,0.000000,,,,true,,GET,BookDetailsJoin,HTTP/1.1,default,,200,,,BookDetailsJoin,,
http_req_waiting,1780771054,16345.505400,,,,true,,GET,BookDetailsJoin,HTTP/1.1,default,,200,,,BookDetailsJoin,,
http_req_receiving,1780771054,1.502500,,,,true,,GET,BookDetailsJoin,HTTP/1.1,default,,200,,,BookDetailsJoin,,
http_req_failed,1780771054,0.000000,,,,true,,GET,BookDetailsJoin,HTTP/1.1,default,,200,,,BookDetailsJoin,,
checks,1780771054,1.000000,Book details status is 200,,,,,,,,default,,,,,,,
http_reqs,1780771055,1.000000,,,,true,,GET,BookDetailsJoin,HTTP/1.1,default,,200,,,BookDetailsJoin,,
http_req_duration,1780771055,17348.002000,,,,true,,GET,BookDetailsJoin,HTTP/1.1,default,,200,,,BookDetailsJoin,,
http_req_blocked,1780771055,0.000000,,,,true,,GET,BookDetailsJoin,HTTP/1.1,default,,200,,,BookDetailsJoin,,
http_req_connecting,1780771055,0.000000,,,,true,,GET,BookDetailsJoin,HTTP/1.1,default,,200,,,BookDetailsJoin,,
http_req_tls_handshaking,1780771055,0.000000,,,,true,,GET,BookDetailsJoin,HTTP/1.1,default,,200,,,BookDetailsJoin,,
http_req_sending,1780771055,0.000000,,,,true,,GET,BookDetailsJoin,HTTP/1.1,default,,200,,,BookDetailsJoin,,
http_req_waiting,1780771055,17347.001900,,,,true,,GET,BookDetailsJoin,HTTP/1.1,default,,200,,,BookDetailsJoin,,
http_req_receiving,1780771055,1.000100,,,,true,,GET,BookDetailsJoin,HTTP/1.1,default,,200,,,BookDetailsJoin,,
http_req_failed,1780771055,0.000000,,,,true,,GET,BookDetailsJoin,HTTP/1.1,default,,200,,,BookDetailsJoin,,
checks,1780771055,1.000000,Book details status is 200,,,,,,,,default,,,,,,,
http_reqs,1780771055,1.000000,,,,true,,GET,BookDetailsJoin,HTTP/1.1,default,,200,,,BookDetailsJoin,,
http_req_duration,1780771055,17994.844200,,,,true,,GET,BookDetailsJoin,HTTP/1.1,default,,200,,,BookDetailsJoin,,
http_req_blocked,1780771055,0.516300,,,,true,,GET,BookDetailsJoin,HTTP/1.1,default,,200,,,BookDetailsJoin,,
http_req_connecting,1780771055,0.000000,,,,true,,GET,BookDetailsJoin,HTTP/1.1,default,,200,,,BookDetailsJoin,,
http_req_tls_handshaking,1780771055,0.000000,,,,true,,GET,BookDetailsJoin,HTTP/1.1,default,,200,,,BookDetailsJoin,,
http_req_sending,1780771055,0.000000,,,,true,,GET,BookDetailsJoin,HTTP/1.1,default,,200,,,BookDetailsJoin,,
http_req_waiting,1780771055,17993.693100,,,,true,,GET,BookDetailsJoin,HTTP/1.1,default,,200,,,BookDetailsJoin,,
http_req_receiving,1780771055,1.151100,,,,true,,GET,BookDetailsJoin,HTTP/1.1,default,,200,,,BookDetailsJoin,,
http_req_failed,1780771055,0.000000,,,,true,,GET,BookDetailsJoin,HTTP/1.1,default,,200,,,BookDetailsJoin,,
checks,1780771055,1.000000,Book details status is 200,,,,,,,,default,,,,,,,
http_reqs,1780771055,1.000000,,,,true,,GET,BookDetailsJoin,HTTP/1.1,default,,200,,,BookDetailsJoin,,
http_req_duration,1780771055,17229.393900,,,,true,,GET,BookDetailsJoin,HTTP/1.1,default,,200,,,BookDetailsJoin,,
http_req_blocked,1780771055,0.000000,,,,true,,GET,BookDetailsJoin,HTTP/1.1,default,,200,,,BookDetailsJoin,,
http_req_connecting,1780771055,0.000000,,,,true,,GET,BookDetailsJoin,HTTP/1.1,default,,200,,,BookDetailsJoin,,
http_req_tls_handshaking,1780771055,0.000000,,,,true,,GET,BookDetailsJoin,HTTP/1.1,default,,200,,,BookDetailsJoin,,
http_req_sending,1780771055,0.000000,,,,true,,GET,BookDetailsJoin,HTTP/1.1,default,,200,,,BookDetailsJoin,,
http_req_waiting,1780771055,17229.393900,,,,true,,GET,BookDetailsJoin,HTTP/1.1,default,,200,,,BookDetailsJoin,,
http_req_receiving,1780771055,0.000000,,,,true,,GET,BookDetailsJoin,HTTP/1.1,default,,200,,,BookDetailsJoin,,
http_req_failed,1780771055,0.000000,,,,true,,GET,BookDetailsJoin,HTTP/1.1,default,,200,,,BookDetailsJoin,,
checks,1780771055,1.000000,Book details status is 200,,,,,,,,default,,,,,,,
http_reqs,1780771055,1.000000,,,,true,,GET,BookDetailsJoin,HTTP/1.1,default,,200,,,BookDetailsJoin,,
http_req_duration,1780771055,15012.126100,,,,true,,GET,BookDetailsJoin,HTTP/1.1,default,,200,,,BookDetailsJoin,,
http_req_blocked,1780771055,0.000000,,,,true,,GET,BookDetailsJoin,HTTP/1.1,default,,200,,,BookDetailsJoin,,
http_req_connecting,1780771055,0.000000,,,,true,,GET,BookDetailsJoin,HTTP/1.1,default,,200,,,BookDetailsJoin,,
http_req_tls_handshaking,1780771055,0.000000,,,,true,,GET,BookDetailsJoin,HTTP/1.1,default,,200,,,BookDetailsJoin,,
http_req_sending,1780771055,0.000000,,,,true,,GET,BookDetailsJoin,HTTP/1.1,default,,200,,,BookDetailsJoin,,
http_req_waiting,1780771055,15010.783300,,,,true,,GET,BookDetailsJoin,HTTP/1.1,default,,200,,,BookDetailsJoin,,
http_req_receiving,1780771055,1.342800,,,,true,,GET,BookDetailsJoin,HTTP/1.1,default,,200,,,BookDetailsJoin,,
http_req_failed,1780771055,0.000000,,,,true,,GET,BookDetailsJoin,HTTP/1.1,default,,200,,,BookDetailsJoin,,
checks,1780771055,1.000000,Book details status is 200,,,,,,,,default,,,,,,,
vus,1780771055,43.000000,,,,,,,,,,,,,,,,
vus_max,1780771055,50.000000,,,,,,,,,,,,,,,,
http_reqs,1780771055,1.000000,,,,true,,GET,BookDetailsJoin,HTTP/1.1,default,,200,,,BookDetailsJoin,,
http_req_duration,1780771055,16665.060400,,,,true,,GET,BookDetailsJoin,HTTP/1.1,default,,200,,,BookDetailsJoin,,
http_req_blocked,1780771055,0.000000,,,,true,,GET,BookDetailsJoin,HTTP/1.1,default,,200,,,BookDetailsJoin,,
http_req_connecting,1780771055,0.000000,,,,true,,GET,BookDetailsJoin,HTTP/1.1,default,,200,,,BookDetailsJoin,,
http_req_tls_handshaking,1780771055,0.000000,,,,true,,GET,BookDetailsJoin,HTTP/1.1,default,,200,,,BookDetailsJoin,,
http_req_sending,1780771055,0.000000,,,,true,,GET,BookDetailsJoin,HTTP/1.1,default,,200,,,BookDetailsJoin,,
http_req_waiting,1780771055,16662.143900,,,,true,,GET,BookDetailsJoin,HTTP/1.1,default,,200,,,BookDetailsJoin,,
http_req_receiving,1780771055,2.916500,,,,true,,GET,BookDetailsJoin,HTTP/1.1,default,,200,,,BookDetailsJoin,,
http_req_failed,1780771055,0.000000,,,,true,,GET,BookDetailsJoin,HTTP/1.1,default,,200,,,BookDetailsJoin,,
checks,1780771055,1.000000,Book details status is 200,,,,,,,,default,,,,,,,
http_reqs,1780771055,1.000000,,,,true,,GET,BookDetailsJoin,HTTP/1.1,default,,200,,,BookDetailsJoin,,
http_req_duration,1780771055,16270.808400,,,,true,,GET,BookDetailsJoin,HTTP/1.1,default,,200,,,BookDetailsJoin,,
http_req_blocked,1780771055,0.000000,,,,true,,GET,BookDetailsJoin,HTTP/1.1,default,,200,,,BookDetailsJoin,,
http_req_connecting,1780771055,0.000000,,,,true,,GET,BookDetailsJoin,HTTP/1.1,default,,200,,,BookDetailsJoin,,
http_req_tls_handshaking,1780771055,0.000000,,,,true,,GET,BookDetailsJoin,HTTP/1.1,default,,200,,,BookDetailsJoin,,
http_req_sending,1780771055,0.000000,,,,true,,GET,BookDetailsJoin,HTTP/1.1,default,,200,,,BookDetailsJoin,,
http_req_waiting,1780771055,16268.770600,,,,true,,GET,BookDetailsJoin,HTTP/1.1,default,,200,,,BookDetailsJoin,,
http_req_receiving,1780771055,2.037800,,,,true,,GET,BookDetailsJoin,HTTP/1.1,default,,200,,,BookDetailsJoin,,
http_req_failed,1780771055,0.000000,,,,true,,GET,BookDetailsJoin,HTTP/1.1,default,,200,,,BookDetailsJoin,,
checks,1780771055,1.000000,Book details status is 200,,,,,,,,default,,,,,,,
http_reqs,1780771055,1.000000,,,,true,,GET,BookDetailsJoin,HTTP/1.1,default,,200,,,BookDetailsJoin,,
http_req_duration,1780771055,15794.250200,,,,true,,GET,BookDetailsJoin,HTTP/1.1,default,,200,,,BookDetailsJoin,,
http_req_blocked,1780771055,0.000000,,,,true,,GET,BookDetailsJoin,HTTP/1.1,default,,200,,,BookDetailsJoin,,
http_req_connecting,1780771055,0.000000,,,,true,,GET,BookDetailsJoin,HTTP/1.1,default,,200,,,BookDetailsJoin,,
http_req_tls_handshaking,1780771055,0.000000,,,,true,,GET,BookDetailsJoin,HTTP/1.1,default,,200,,,BookDetailsJoin,,
http_req_sending,1780771055,0.000000,,,,true,,GET,BookDetailsJoin,HTTP/1.1,default,,200,,,BookDetailsJoin,,
http_req_waiting,1780771055,15794.250200,,,,true,,GET,BookDetailsJoin,HTTP/1.1,default,,200,,,BookDetailsJoin,,
http_req_receiving,1780771055,0.000000,,,,true,,GET,BookDetailsJoin,HTTP/1.1,default,,200,,,BookDetailsJoin,,
http_req_failed,1780771055,0.000000,,,,true,,GET,BookDetailsJoin,HTTP/1.1,default,,200,,,BookDetailsJoin,,
checks,1780771055,1.000000,Book details status is 200,,,,,,,,default,,,,,,,
http_reqs,1780771055,1.000000,,,,true,,GET,BookDetailsJoin,HTTP/1.1,default,,200,,,BookDetailsJoin,,
http_req_duration,1780771055,15113.609500,,,,true,,GET,BookDetailsJoin,HTTP/1.1,default,,200,,,BookDetailsJoin,,
http_req_blocked,1780771055,0.000000,,,,true,,GET,BookDetailsJoin,HTTP/1.1,default,,200,,,BookDetailsJoin,,
http_req_connecting,1780771055,0.000000,,,,true,,GET,BookDetailsJoin,HTTP/1.1,default,,200,,,BookDetailsJoin,,
http_req_tls_handshaking,1780771055,0.000000,,,,true,,GET,BookDetailsJoin,HTTP/1.1,default,,200,,,BookDetailsJoin,,
http_req_sending,1780771055,0.000000,,,,true,,GET,BookDetailsJoin,HTTP/1.1,default,,200,,,BookDetailsJoin,,
http_req_waiting,1780771055,15104.478800,,,,true,,GET,BookDetailsJoin,HTTP/1.1,default,,200,,,BookDetailsJoin,,
http_req_receiving,1780771055,9.130700,,,,true,,GET,BookDetailsJoin,HTTP/1.1,default,,200,,,BookDetailsJoin,,
http_req_failed,1780771055,0.000000,,,,true,,GET,BookDetailsJoin,HTTP/1.1,default,,200,,,BookDetailsJoin,,
checks,1780771055,1.000000,Book details status is 200,,,,,,,,default,,,,,,,
http_reqs,1780771056,1.000000,,,,true,,GET,BookDetailsJoin,HTTP/1.1,default,,200,,,BookDetailsJoin,,
http_req_duration,1780771056,14817.528700,,,,true,,GET,BookDetailsJoin,HTTP/1.1,default,,200,,,BookDetailsJoin,,
http_req_blocked,1780771056,0.000000,,,,true,,GET,BookDetailsJoin,HTTP/1.1,default,,200,,,BookDetailsJoin,,
http_req_connecting,1780771056,0.000000,,,,true,,GET,BookDetailsJoin,HTTP/1.1,default,,200,,,BookDetailsJoin,,
http_req_tls_handshaking,1780771056,0.000000,,,,true,,GET,BookDetailsJoin,HTTP/1.1,default,,200,,,BookDetailsJoin,,
http_req_sending,1780771056,0.000000,,,,true,,GET,BookDetailsJoin,HTTP/1.1,default,,200,,,BookDetailsJoin,,
http_req_waiting,1780771056,14817.149400,,,,true,,GET,BookDetailsJoin,HTTP/1.1,default,,200,,,BookDetailsJoin,,
http_req_receiving,1780771056,0.379300,,,,true,,GET,BookDetailsJoin,HTTP/1.1,default,,200,,,BookDetailsJoin,,
http_req_failed,1780771056,0.000000,,,,true,,GET,BookDetailsJoin,HTTP/1.1,default,,200,,,BookDetailsJoin,,
checks,1780771056,1.000000,Book details status is 200,,,,,,,,default,,,,,,,
http_reqs,1780771056,1.000000,,,,true,,GET,BookDetailsJoin,HTTP/1.1,default,,200,,,BookDetailsJoin,,
http_req_duration,1780771056,14692.679500,,,,true,,GET,BookDetailsJoin,HTTP/1.1,default,,200,,,BookDetailsJoin,,
http_req_blocked,1780771056,0.000000,,,,true,,GET,BookDetailsJoin,HTTP/1.1,default,,200,,,BookDetailsJoin,,
http_req_connecting,1780771056,0.000000,,,,true,,GET,BookDetailsJoin,HTTP/1.1,default,,200,,,BookDetailsJoin,,
http_req_tls_handshaking,1780771056,0.000000,,,,true,,GET,BookDetailsJoin,HTTP/1.1,default,,200,,,BookDetailsJoin,,
http_req_sending,1780771056,0.000000,,,,true,,GET,BookDetailsJoin,HTTP/1.1,default,,200,,,BookDetailsJoin,,
http_req_waiting,1780771056,14691.687100,,,,true,,GET,BookDetailsJoin,HTTP/1.1,default,,200,,,BookDetailsJoin,,
http_req_receiving,1780771056,0.992400,,,,true,,GET,BookDetailsJoin,HTTP/1.1,default,,200,,,BookDetailsJoin,,
http_req_failed,1780771056,0.000000,,,,true,,GET,BookDetailsJoin,HTTP/1.1,default,,200,,,BookDetailsJoin,,
checks,1780771056,1.000000,Book details status is 200,,,,,,,,default,,,,,,,
vus,1780771056,43.000000,,,,,,,,,,,,,,,,
vus_max,1780771056,50.000000,,,,,,,,,,,,,,,,
http_reqs,1780771056,1.000000,,,,true,,GET,BookDetailsJoin,HTTP/1.1,default,,200,,,BookDetailsJoin,,
http_req_duration,1780771056,14712.715800,,,,true,,GET,BookDetailsJoin,HTTP/1.1,default,,200,,,BookDetailsJoin,,
http_req_blocked,1780771056,0.000000,,,,true,,GET,BookDetailsJoin,HTTP/1.1,default,,200,,,BookDetailsJoin,,
http_req_connecting,1780771056,0.000000,,,,true,,GET,BookDetailsJoin,HTTP/1.1,default,,200,,,BookDetailsJoin,,
http_req_tls_handshaking,1780771056,0.000000,,,,true,,GET,BookDetailsJoin,HTTP/1.1,default,,200,,,BookDetailsJoin,,
http_req_sending,1780771056,0.000000,,,,true,,GET,BookDetailsJoin,HTTP/1.1,default,,200,,,BookDetailsJoin,,
http_req_waiting,1780771056,14710.689300,,,,true,,GET,BookDetailsJoin,HTTP/1.1,default,,200,,,BookDetailsJoin,,
http_req_receiving,1780771056,2.026500,,,,true,,GET,BookDetailsJoin,HTTP/1.1,default,,200,,,BookDetailsJoin,,
http_req_failed,1780771056,0.000000,,,,true,,GET,BookDetailsJoin,HTTP/1.1,default,,200,,,BookDetailsJoin,,
checks,1780771056,1.000000,Book details status is 200,,,,,,,,default,,,,,,,
http_reqs,1780771057,1.000000,,,,true,,GET,LandingPage,HTTP/1.1,default,,200,,,LandingPage,,
http_req_duration,1780771057,8615.078500,,,,true,,GET,LandingPage,HTTP/1.1,default,,200,,,LandingPage,,
http_req_blocked,1780771057,1.025500,,,,true,,GET,LandingPage,HTTP/1.1,default,,200,,,LandingPage,,
http_req_connecting,1780771057,0.511800,,,,true,,GET,LandingPage,HTTP/1.1,default,,200,,,LandingPage,,
http_req_tls_handshaking,1780771057,0.000000,,,,true,,GET,LandingPage,HTTP/1.1,default,,200,,,LandingPage,,
http_req_sending,1780771057,0.000000,,,,true,,GET,LandingPage,HTTP/1.1,default,,200,,,LandingPage,,
http_req_waiting,1780771057,8614.438800,,,,true,,GET,LandingPage,HTTP/1.1,default,,200,,,LandingPage,,
http_req_receiving,1780771057,0.639700,,,,true,,GET,LandingPage,HTTP/1.1,default,,200,,,LandingPage,,
http_req_failed,1780771057,0.000000,,,,true,,GET,LandingPage,HTTP/1.1,default,,200,,,LandingPage,,
checks,1780771057,1.000000,Home page status is 200,,,,,,,,default,,,,,,,
http_reqs,1780771057,1.000000,,,,true,,GET,PublicCatalog,HTTP/1.1,default,,200,,,PublicCatalog,,
http_req_duration,1780771057,21860.515600,,,,true,,GET,PublicCatalog,HTTP/1.1,default,,200,,,PublicCatalog,,
http_req_blocked,1780771057,0.000000,,,,true,,GET,PublicCatalog,HTTP/1.1,default,,200,,,PublicCatalog,,
http_req_connecting,1780771057,0.000000,,,,true,,GET,PublicCatalog,HTTP/1.1,default,,200,,,PublicCatalog,,
http_req_tls_handshaking,1780771057,0.000000,,,,true,,GET,PublicCatalog,HTTP/1.1,default,,200,,,PublicCatalog,,
http_req_sending,1780771057,0.000000,,,,true,,GET,PublicCatalog,HTTP/1.1,default,,200,,,PublicCatalog,,
http_req_waiting,1780771057,21859.330200,,,,true,,GET,PublicCatalog,HTTP/1.1,default,,200,,,PublicCatalog,,
http_req_receiving,1780771057,1.185400,,,,true,,GET,PublicCatalog,HTTP/1.1,default,,200,,,PublicCatalog,,
http_req_failed,1780771057,0.000000,,,,true,,GET,PublicCatalog,HTTP/1.1,default,,200,,,PublicCatalog,,
checks,1780771057,1.000000,Catalog page status is 200,,,,,,,,default,,,,,,,
http_reqs,1780771057,1.000000,,,,true,,GET,BookDetailsJoin,HTTP/1.1,default,,200,,,BookDetailsJoin,,
http_req_duration,1780771057,12405.796600,,,,true,,GET,BookDetailsJoin,HTTP/1.1,default,,200,,,BookDetailsJoin,,
http_req_blocked,1780771057,0.000000,,,,true,,GET,BookDetailsJoin,HTTP/1.1,default,,200,,,BookDetailsJoin,,
http_req_connecting,1780771057,0.000000,,,,true,,GET,BookDetailsJoin,HTTP/1.1,default,,200,,,BookDetailsJoin,,
http_req_tls_handshaking,1780771057,0.000000,,,,true,,GET,BookDetailsJoin,HTTP/1.1,default,,200,,,BookDetailsJoin,,
http_req_sending,1780771057,0.000000,,,,true,,GET,BookDetailsJoin,HTTP/1.1,default,,200,,,BookDetailsJoin,,
http_req_waiting,1780771057,12404.855600,,,,true,,GET,BookDetailsJoin,HTTP/1.1,default,,200,,,BookDetailsJoin,,
http_req_receiving,1780771057,0.941000,,,,true,,GET,BookDetailsJoin,HTTP/1.1,default,,200,,,BookDetailsJoin,,
http_req_failed,1780771057,0.000000,,,,true,,GET,BookDetailsJoin,HTTP/1.1,default,,200,,,BookDetailsJoin,,
checks,1780771057,1.000000,Book details status is 200,,,,,,,,default,,,,,,,
http_reqs,1780771057,1.000000,,,,true,,GET,BookDetailsJoin,HTTP/1.1,default,,200,,,BookDetailsJoin,,
http_req_duration,1780771057,11570.740300,,,,true,,GET,BookDetailsJoin,HTTP/1.1,default,,200,,,BookDetailsJoin,,
http_req_blocked,1780771057,0.000000,,,,true,,GET,BookDetailsJoin,HTTP/1.1,default,,200,,,BookDetailsJoin,,
http_req_connecting,1780771057,0.000000,,,,true,,GET,BookDetailsJoin,HTTP/1.1,default,,200,,,BookDetailsJoin,,
http_req_tls_handshaking,1780771057,0.000000,,,,true,,GET,BookDetailsJoin,HTTP/1.1,default,,200,,,BookDetailsJoin,,
http_req_sending,1780771057,0.000000,,,,true,,GET,BookDetailsJoin,HTTP/1.1,default,,200,,,BookDetailsJoin,,
http_req_waiting,1780771057,11568.766800,,,,true,,GET,BookDetailsJoin,HTTP/1.1,default,,200,,,BookDetailsJoin,,
http_req_receiving,1780771057,1.973500,,,,true,,GET,BookDetailsJoin,HTTP/1.1,default,,200,,,BookDetailsJoin,,
http_req_failed,1780771057,0.000000,,,,true,,GET,BookDetailsJoin,HTTP/1.1,default,,200,,,BookDetailsJoin,,
checks,1780771057,1.000000,Book details status is 200,,,,,,,,default,,,,,,,
vus,1780771057,43.000000,,,,,,,,,,,,,,,,
vus_max,1780771057,50.000000,,,,,,,,,,,,,,,,
http_reqs,1780771057,1.000000,,,,true,,GET,BookDetailsJoin,HTTP/1.1,default,,200,,,BookDetailsJoin,,
http_req_duration,1780771057,10795.295200,,,,true,,GET,BookDetailsJoin,HTTP/1.1,default,,200,,,BookDetailsJoin,,
http_req_blocked,1780771057,0.000000,,,,true,,GET,BookDetailsJoin,HTTP/1.1,default,,200,,,BookDetailsJoin,,
http_req_connecting,1780771057,0.000000,,,,true,,GET,BookDetailsJoin,HTTP/1.1,default,,200,,,BookDetailsJoin,,
http_req_tls_handshaking,1780771057,0.000000,,,,true,,GET,BookDetailsJoin,HTTP/1.1,default,,200,,,BookDetailsJoin,,
http_req_sending,1780771057,0.000000,,,,true,,GET,BookDetailsJoin,HTTP/1.1,default,,200,,,BookDetailsJoin,,
http_req_waiting,1780771057,10795.295200,,,,true,,GET,BookDetailsJoin,HTTP/1.1,default,,200,,,BookDetailsJoin,,
http_req_receiving,1780771057,0.000000,,,,true,,GET,BookDetailsJoin,HTTP/1.1,default,,200,,,BookDetailsJoin,,
http_req_failed,1780771057,0.000000,,,,true,,GET,BookDetailsJoin,HTTP/1.1,default,,200,,,BookDetailsJoin,,
checks,1780771057,1.000000,Book details status is 200,,,,,,,,default,,,,,,,
http_reqs,1780771057,1.000000,,,,true,,GET,BookDetailsJoin,HTTP/1.1,default,,200,,,BookDetailsJoin,,
http_req_duration,1780771057,10355.078500,,,,true,,GET,BookDetailsJoin,HTTP/1.1,default,,200,,,BookDetailsJoin,,
http_req_blocked,1780771057,0.000000,,,,true,,GET,BookDetailsJoin,HTTP/1.1,default,,200,,,BookDetailsJoin,,
http_req_connecting,1780771057,0.000000,,,,true,,GET,BookDetailsJoin,HTTP/1.1,default,,200,,,BookDetailsJoin,,
http_req_tls_handshaking,1780771057,0.000000,,,,true,,GET,BookDetailsJoin,HTTP/1.1,default,,200,,,BookDetailsJoin,,
http_req_sending,1780771057,0.000000,,,,true,,GET,BookDetailsJoin,HTTP/1.1,default,,200,,,BookDetailsJoin,,
http_req_waiting,1780771057,10354.074000,,,,true,,GET,BookDetailsJoin,HTTP/1.1,default,,200,,,BookDetailsJoin,,
http_req_receiving,1780771057,1.004500,,,,true,,GET,BookDetailsJoin,HTTP/1.1,default,,200,,,BookDetailsJoin,,
http_req_failed,1780771057,0.000000,,,,true,,GET,BookDetailsJoin,HTTP/1.1,default,,200,,,BookDetailsJoin,,
checks,1780771057,1.000000,Book details status is 200,,,,,,,,default,,,,,,,
data_sent,1780771057,264.000000,,,,,,,,,default,,,,,,,
data_received,1780771057,110594.000000,,,,,,,,,default,,,,,,,
iteration_duration,1780771057,45417.858800,,,,,,,,,default,,,,,,,
iterations,1780771057,1.000000,,,,,,,,,default,,,,,,,
http_reqs,1780771057,1.000000,,,,true,,GET,BookDetailsJoin,HTTP/1.1,default,,200,,,BookDetailsJoin,,
http_req_duration,1780771057,21043.110400,,,,true,,GET,BookDetailsJoin,HTTP/1.1,default,,200,,,BookDetailsJoin,,
http_req_blocked,1780771057,0.000000,,,,true,,GET,BookDetailsJoin,HTTP/1.1,default,,200,,,BookDetailsJoin,,
http_req_connecting,1780771057,0.000000,,,,true,,GET,BookDetailsJoin,HTTP/1.1,default,,200,,,BookDetailsJoin,,
http_req_tls_handshaking,1780771057,0.000000,,,,true,,GET,BookDetailsJoin,HTTP/1.1,default,,200,,,BookDetailsJoin,,
http_req_sending,1780771057,0.000000,,,,true,,GET,BookDetailsJoin,HTTP/1.1,default,,200,,,BookDetailsJoin,,
http_req_waiting,1780771057,21042.067500,,,,true,,GET,BookDetailsJoin,HTTP/1.1,default,,200,,,BookDetailsJoin,,
http_req_receiving,1780771057,1.042900,,,,true,,GET,BookDetailsJoin,HTTP/1.1,default,,200,,,BookDetailsJoin,,
http_req_failed,1780771057,0.000000,,,,true,,GET,BookDetailsJoin,HTTP/1.1,default,,200,,,BookDetailsJoin,,
checks,1780771057,1.000000,Book details status is 200,,,,,,,,default,,,,,,,
http_reqs,1780771057,1.000000,,,,true,,GET,BookDetailsJoin,HTTP/1.1,default,,200,,,BookDetailsJoin,,
http_req_duration,1780771057,10175.241500,,,,true,,GET,BookDetailsJoin,HTTP/1.1,default,,200,,,BookDetailsJoin,,
http_req_blocked,1780771057,0.000000,,,,true,,GET,BookDetailsJoin,HTTP/1.1,default,,200,,,BookDetailsJoin,,
http_req_connecting,1780771057,0.000000,,,,true,,GET,BookDetailsJoin,HTTP/1.1,default,,200,,,BookDetailsJoin,,
http_req_tls_handshaking,1780771057,0.000000,,,,true,,GET,BookDetailsJoin,HTTP/1.1,default,,200,,,BookDetailsJoin,,
http_req_sending,1780771057,0.000000,,,,true,,GET,BookDetailsJoin,HTTP/1.1,default,,200,,,BookDetailsJoin,,
http_req_waiting,1780771057,10173.531800,,,,true,,GET,BookDetailsJoin,HTTP/1.1,default,,200,,,BookDetailsJoin,,
http_req_receiving,1780771057,1.709700,,,,true,,GET,BookDetailsJoin,HTTP/1.1,default,,200,,,BookDetailsJoin,,
http_req_failed,1780771057,0.000000,,,,true,,GET,BookDetailsJoin,HTTP/1.1,default,,200,,,BookDetailsJoin,,
checks,1780771057,1.000000,Book details status is 200,,,,,,,,default,,,,,,,
data_sent,1780771058,264.000000,,,,,,,,,default,,,,,,,
data_received,1780771058,110392.000000,,,,,,,,,default,,,,,,,
iteration_duration,1780771058,58193.718800,,,,,,,,,default,,,,,,,
iterations,1780771058,1.000000,,,,,,,,,default,,,,,,,
http_reqs,1780771058,1.000000,,,,true,,GET,BookDetailsJoin,HTTP/1.1,default,,200,,,BookDetailsJoin,,
http_req_duration,1780771058,9923.185400,,,,true,,GET,BookDetailsJoin,HTTP/1.1,default,,200,,,BookDetailsJoin,,
http_req_blocked,1780771058,0.000000,,,,true,,GET,BookDetailsJoin,HTTP/1.1,default,,200,,,BookDetailsJoin,,
http_req_connecting,1780771058,0.000000,,,,true,,GET,BookDetailsJoin,HTTP/1.1,default,,200,,,BookDetailsJoin,,
http_req_tls_handshaking,1780771058,0.000000,,,,true,,GET,BookDetailsJoin,HTTP/1.1,default,,200,,,BookDetailsJoin,,
http_req_sending,1780771058,0.000000,,,,true,,GET,BookDetailsJoin,HTTP/1.1,default,,200,,,BookDetailsJoin,,
http_req_waiting,1780771058,9920.666100,,,,true,,GET,BookDetailsJoin,HTTP/1.1,default,,200,,,BookDetailsJoin,,
http_req_receiving,1780771058,2.519300,,,,true,,GET,BookDetailsJoin,HTTP/1.1,default,,200,,,BookDetailsJoin,,
http_req_failed,1780771058,0.000000,,,,true,,GET,BookDetailsJoin,HTTP/1.1,default,,200,,,BookDetailsJoin,,
checks,1780771058,1.000000,Book details status is 200,,,,,,,,default,,,,,,,
http_reqs,1780771058,1.000000,,,,true,,GET,BookDetailsJoin,HTTP/1.1,default,,200,,,BookDetailsJoin,,
http_req_duration,1780771058,9784.695100,,,,true,,GET,BookDetailsJoin,HTTP/1.1,default,,200,,,BookDetailsJoin,,
http_req_blocked,1780771058,0.000000,,,,true,,GET,BookDetailsJoin,HTTP/1.1,default,,200,,,BookDetailsJoin,,
http_req_connecting,1780771058,0.000000,,,,true,,GET,BookDetailsJoin,HTTP/1.1,default,,200,,,BookDetailsJoin,,
http_req_tls_handshaking,1780771058,0.000000,,,,true,,GET,BookDetailsJoin,HTTP/1.1,default,,200,,,BookDetailsJoin,,
http_req_sending,1780771058,0.000000,,,,true,,GET,BookDetailsJoin,HTTP/1.1,default,,200,,,BookDetailsJoin,,
http_req_waiting,1780771058,9783.372200,,,,true,,GET,BookDetailsJoin,HTTP/1.1,default,,200,,,BookDetailsJoin,,
http_req_receiving,1780771058,1.322900,,,,true,,GET,BookDetailsJoin,HTTP/1.1,default,,200,,,BookDetailsJoin,,
http_req_failed,1780771058,0.000000,,,,true,,GET,BookDetailsJoin,HTTP/1.1,default,,200,,,BookDetailsJoin,,
checks,1780771058,1.000000,Book details status is 200,,,,,,,,default,,,,,,,
data_sent,1780771058,264.000000,,,,,,,,,default,,,,,,,
data_received,1780771058,110919.000000,,,,,,,,,default,,,,,,,
iteration_duration,1780771058,57793.883500,,,,,,,,,default,,,,,,,
iterations,1780771058,1.000000,,,,,,,,,default,,,,,,,
http_reqs,1780771058,1.000000,,,,true,,GET,BookDetailsJoin,HTTP/1.1,default,,200,,,BookDetailsJoin,,
http_req_duration,1780771058,14020.468400,,,,true,,GET,BookDetailsJoin,HTTP/1.1,default,,200,,,BookDetailsJoin,,
http_req_blocked,1780771058,0.000000,,,,true,,GET,BookDetailsJoin,HTTP/1.1,default,,200,,,BookDetailsJoin,,
http_req_connecting,1780771058,0.000000,,,,true,,GET,BookDetailsJoin,HTTP/1.1,default,,200,,,BookDetailsJoin,,
http_req_tls_handshaking,1780771058,0.000000,,,,true,,GET,BookDetailsJoin,HTTP/1.1,default,,200,,,BookDetailsJoin,,
http_req_sending,1780771058,0.000000,,,,true,,GET,BookDetailsJoin,HTTP/1.1,default,,200,,,BookDetailsJoin,,
http_req_waiting,1780771058,14019.079300,,,,true,,GET,BookDetailsJoin,HTTP/1.1,default,,200,,,BookDetailsJoin,,
http_req_receiving,1780771058,1.389100,,,,true,,GET,BookDetailsJoin,HTTP/1.1,default,,200,,,BookDetailsJoin,,
http_req_failed,1780771058,0.000000,,,,true,,GET,BookDetailsJoin,HTTP/1.1,default,,200,,,BookDetailsJoin,,
checks,1780771058,1.000000,Book details status is 200,,,,,,,,default,,,,,,,
data_sent,1780771058,264.000000,,,,,,,,,default,,,,,,,
data_received,1780771058,110487.000000,,,,,,,,,default,,,,,,,
iteration_duration,1780771058,51950.312700,,,,,,,,,default,,,,,,,
iterations,1780771058,1.000000,,,,,,,,,default,,,,,,,
data_sent,1780771058,264.000000,,,,,,,,,default,,,,,,,
data_received,1780771058,110330.000000,,,,,,,,,default,,,,,,,
iteration_duration,1780771058,57152.082600,,,,,,,,,default,,,,,,,
iterations,1780771058,1.000000,,,,,,,,,default,,,,,,,
http_reqs,1780771058,1.000000,,,,true,,GET,BookDetailsJoin,HTTP/1.1,default,,200,,,BookDetailsJoin,,
http_req_duration,1780771058,13033.245900,,,,true,,GET,BookDetailsJoin,HTTP/1.1,default,,200,,,BookDetailsJoin,,
http_req_blocked,1780771058,0.000000,,,,true,,GET,BookDetailsJoin,HTTP/1.1,default,,200,,,BookDetailsJoin,,
http_req_connecting,1780771058,0.000000,,,,true,,GET,BookDetailsJoin,HTTP/1.1,default,,200,,,BookDetailsJoin,,
http_req_tls_handshaking,1780771058,0.000000,,,,true,,GET,BookDetailsJoin,HTTP/1.1,default,,200,,,BookDetailsJoin,,
http_req_sending,1780771058,0.000000,,,,true,,GET,BookDetailsJoin,HTTP/1.1,default,,200,,,BookDetailsJoin,,
http_req_waiting,1780771058,13029.251700,,,,true,,GET,BookDetailsJoin,HTTP/1.1,default,,200,,,BookDetailsJoin,,
http_req_receiving,1780771058,3.994200,,,,true,,GET,BookDetailsJoin,HTTP/1.1,default,,200,,,BookDetailsJoin,,
http_req_failed,1780771058,0.000000,,,,true,,GET,BookDetailsJoin,HTTP/1.1,default,,200,,,BookDetailsJoin,,
checks,1780771058,1.000000,Book details status is 200,,,,,,,,default,,,,,,,
vus,1780771058,43.000000,,,,,,,,,,,,,,,,
vus_max,1780771058,50.000000,,,,,,,,,,,,,,,,
data_sent,1780771058,264.000000,,,,,,,,,default,,,,,,,
data_received,1780771058,111062.000000,,,,,,,,,default,,,,,,,
iteration_duration,1780771058,56758.511200,,,,,,,,,default,,,,,,,
iterations,1780771058,1.000000,,,,,,,,,default,,,,,,,
http_reqs,1780771058,1.000000,,,,true,,GET,BookDetailsJoin,HTTP/1.1,default,,200,,,BookDetailsJoin,,
http_req_duration,1780771058,12219.344800,,,,true,,GET,BookDetailsJoin,HTTP/1.1,default,,200,,,BookDetailsJoin,,
http_req_blocked,1780771058,0.000000,,,,true,,GET,BookDetailsJoin,HTTP/1.1,default,,200,,,BookDetailsJoin,,
http_req_connecting,1780771058,0.000000,,,,true,,GET,BookDetailsJoin,HTTP/1.1,default,,200,,,BookDetailsJoin,,
http_req_tls_handshaking,1780771058,0.000000,,,,true,,GET,BookDetailsJoin,HTTP/1.1,default,,200,,,BookDetailsJoin,,
http_req_sending,1780771058,0.000000,,,,true,,GET,BookDetailsJoin,HTTP/1.1,default,,200,,,BookDetailsJoin,,
http_req_waiting,1780771058,12217.785100,,,,true,,GET,BookDetailsJoin,HTTP/1.1,default,,200,,,BookDetailsJoin,,
http_req_receiving,1780771058,1.559700,,,,true,,GET,BookDetailsJoin,HTTP/1.1,default,,200,,,BookDetailsJoin,,
http_req_failed,1780771058,0.000000,,,,true,,GET,BookDetailsJoin,HTTP/1.1,default,,200,,,BookDetailsJoin,,
checks,1780771058,1.000000,Book details status is 200,,,,,,,,default,,,,,,,
data_sent,1780771058,264.000000,,,,,,,,,default,,,,,,,
data_received,1780771058,110429.000000,,,,,,,,,default,,,,,,,
iteration_duration,1780771058,57669.760300,,,,,,,,,default,,,,,,,
iterations,1780771058,1.000000,,,,,,,,,default,,,,,,,
data_sent,1780771058,264.000000,,,,,,,,,default,,,,,,,
data_received,1780771058,110797.000000,,,,,,,,,default,,,,,,,
iteration_duration,1780771058,40867.028700,,,,,,,,,default,,,,,,,
iterations,1780771058,1.000000,,,,,,,,,default,,,,,,,
data_sent,1780771058,264.000000,,,,,,,,,default,,,,,,,
data_received,1780771058,110820.000000,,,,,,,,,default,,,,,,,
iteration_duration,1780771058,40714.642100,,,,,,,,,default,,,,,,,
iterations,1780771058,1.000000,,,,,,,,,default,,,,,,,
data_sent,1780771059,264.000000,,,,,,,,,default,,,,,,,
data_received,1780771059,110788.000000,,,,,,,,,default,,,,,,,
iteration_duration,1780771059,40578.629600,,,,,,,,,default,,,,,,,
iterations,1780771059,1.000000,,,,,,,,,default,,,,,,,
data_sent,1780771059,264.000000,,,,,,,,,default,,,,,,,
data_received,1780771059,110221.000000,,,,,,,,,default,,,,,,,
iteration_duration,1780771059,40956.160300,,,,,,,,,default,,,,,,,
iterations,1780771059,1.000000,,,,,,,,,default,,,,,,,
vus,1780771059,43.000000,,,,,,,,,,,,,,,,
vus_max,1780771059,50.000000,,,,,,,,,,,,,,,,
data_sent,1780771059,264.000000,,,,,,,,,default,,,,,,,
data_received,1780771059,110617.000000,,,,,,,,,default,,,,,,,
iteration_duration,1780771059,39969.277100,,,,,,,,,default,,,,,,,
iterations,1780771059,1.000000,,,,,,,,,default,,,,,,,
data_sent,1780771060,264.000000,,,,,,,,,default,,,,,,,
data_received,1780771060,110751.000000,,,,,,,,,default,,,,,,,
iteration_duration,1780771060,39947.741900,,,,,,,,,default,,,,,,,
iterations,1780771060,1.000000,,,,,,,,,default,,,,,,,
latency_cold_start,1780771060,1778.000000,,,,,,,,,default,,,,,,,
data_sent,1780771060,264.000000,,,,,,,,,default,,,,,,,
data_received,1780771060,110984.000000,,,,,,,,,default,,,,,,,
iteration_duration,1780771060,41061.233700,,,,,,,,,default,,,,,,,
iterations,1780771060,1.000000,,,,,,,,,default,,,,,,,
http_reqs,1780771060,1.000000,,,,true,,GET,LandingPage,HTTP/1.1,default,,200,,,LandingPage,,
http_req_duration,1780771060,2456.491300,,,,true,,GET,LandingPage,HTTP/1.1,default,,200,,,LandingPage,,
http_req_blocked,1780771060,0.000000,,,,true,,GET,LandingPage,HTTP/1.1,default,,200,,,LandingPage,,
http_req_connecting,1780771060,0.000000,,,,true,,GET,LandingPage,HTTP/1.1,default,,200,,,LandingPage,,
http_req_tls_handshaking,1780771060,0.000000,,,,true,,GET,LandingPage,HTTP/1.1,default,,200,,,LandingPage,,
http_req_sending,1780771060,0.000000,,,,true,,GET,LandingPage,HTTP/1.1,default,,200,,,LandingPage,,
http_req_waiting,1780771060,2455.527900,,,,true,,GET,LandingPage,HTTP/1.1,default,,200,,,LandingPage,,
http_req_receiving,1780771060,0.963400,,,,true,,GET,LandingPage,HTTP/1.1,default,,200,,,LandingPage,,
http_req_failed,1780771060,0.000000,,,,true,,GET,LandingPage,HTTP/1.1,default,,200,,,LandingPage,,
checks,1780771060,1.000000,Home page status is 200,,,,,,,,default,,,,,,,
vus,1780771060,44.000000,,,,,,,,,,,,,,,,
vus_max,1780771060,50.000000,,,,,,,,,,,,,,,,
data_sent,1780771060,264.000000,,,,,,,,,default,,,,,,,
data_received,1780771060,110263.000000,,,,,,,,,default,,,,,,,
iteration_duration,1780771060,40349.494800,,,,,,,,,default,,,,,,,
iterations,1780771060,1.000000,,,,,,,,,default,,,,,,,
data_sent,1780771060,264.000000,,,,,,,,,default,,,,,,,
data_received,1780771060,110633.000000,,,,,,,,,default,,,,,,,
iteration_duration,1780771060,40886.923200,,,,,,,,,default,,,,,,,
iterations,1780771060,1.000000,,,,,,,,,default,,,,,,,
data_sent,1780771060,264.000000,,,,,,,,,default,,,,,,,
data_received,1780771060,110160.000000,,,,,,,,,default,,,,,,,
iteration_duration,1780771060,59346.968600,,,,,,,,,default,,,,,,,
iterations,1780771060,1.000000,,,,,,,,,default,,,,,,,
data_sent,1780771060,264.000000,,,,,,,,,default,,,,,,,
data_received,1780771060,110212.000000,,,,,,,,,default,,,,,,,
iteration_duration,1780771060,39633.886700,,,,,,,,,default,,,,,,,
iterations,1780771060,1.000000,,,,,,,,,default,,,,,,,
data_sent,1780771061,264.000000,,,,,,,,,default,,,,,,,
data_received,1780771061,111157.000000,,,,,,,,,default,,,,,,,
iteration_duration,1780771061,40419.180800,,,,,,,,,default,,,,,,,
iterations,1780771061,1.000000,,,,,,,,,default,,,,,,,
http_reqs,1780771061,1.000000,,,,true,,GET,LandingPage,HTTP/1.1,default,,200,,,LandingPage,,
http_req_duration,1780771061,3279.864300,,,,true,,GET,LandingPage,HTTP/1.1,default,,200,,,LandingPage,,
http_req_blocked,1780771061,0.000000,,,,true,,GET,LandingPage,HTTP/1.1,default,,200,,,LandingPage,,
http_req_connecting,1780771061,0.000000,,,,true,,GET,LandingPage,HTTP/1.1,default,,200,,,LandingPage,,
http_req_tls_handshaking,1780771061,0.000000,,,,true,,GET,LandingPage,HTTP/1.1,default,,200,,,LandingPage,,
http_req_sending,1780771061,0.000000,,,,true,,GET,LandingPage,HTTP/1.1,default,,200,,,LandingPage,,
http_req_waiting,1780771061,3278.687300,,,,true,,GET,LandingPage,HTTP/1.1,default,,200,,,LandingPage,,
http_req_receiving,1780771061,1.177000,,,,true,,GET,LandingPage,HTTP/1.1,default,,200,,,LandingPage,,
http_req_failed,1780771061,0.000000,,,,true,,GET,LandingPage,HTTP/1.1,default,,200,,,LandingPage,,
checks,1780771061,1.000000,Home page status is 200,,,,,,,,default,,,,,,,
data_sent,1780771061,264.000000,,,,,,,,,default,,,,,,,
data_received,1780771061,110814.000000,,,,,,,,,default,,,,,,,
iteration_duration,1780771061,40173.135800,,,,,,,,,default,,,,,,,
iterations,1780771061,1.000000,,,,,,,,,default,,,,,,,
http_reqs,1780771061,1.000000,,,,true,,GET,LandingPage,HTTP/1.1,default,,200,,,LandingPage,,
http_req_duration,1780771061,6932.295500,,,,true,,GET,LandingPage,HTTP/1.1,default,,200,,,LandingPage,,
http_req_blocked,1780771061,1.634000,,,,true,,GET,LandingPage,HTTP/1.1,default,,200,,,LandingPage,,
http_req_connecting,1780771061,1.634000,,,,true,,GET,LandingPage,HTTP/1.1,default,,200,,,LandingPage,,
http_req_tls_handshaking,1780771061,0.000000,,,,true,,GET,LandingPage,HTTP/1.1,default,,200,,,LandingPage,,
http_req_sending,1780771061,0.000000,,,,true,,GET,LandingPage,HTTP/1.1,default,,200,,,LandingPage,,
http_req_waiting,1780771061,6926.777600,,,,true,,GET,LandingPage,HTTP/1.1,default,,200,,,LandingPage,,
http_req_receiving,1780771061,5.517900,,,,true,,GET,LandingPage,HTTP/1.1,default,,200,,,LandingPage,,
http_req_failed,1780771061,0.000000,,,,true,,GET,LandingPage,HTTP/1.1,default,,200,,,LandingPage,,
checks,1780771061,1.000000,Home page status is 200,,,,,,,,default,,,,,,,
data_sent,1780771061,264.000000,,,,,,,,,default,,,,,,,
data_received,1780771061,110287.000000,,,,,,,,,default,,,,,,,
iteration_duration,1780771061,41205.086300,,,,,,,,,default,,,,,,,
iterations,1780771061,1.000000,,,,,,,,,default,,,,,,,
data_sent,1780771061,264.000000,,,,,,,,,default,,,,,,,
data_received,1780771061,110384.000000,,,,,,,,,default,,,,,,,
iteration_duration,1780771061,40698.021400,,,,,,,,,default,,,,,,,
iterations,1780771061,1.000000,,,,,,,,,default,,,,,,,
http_reqs,1780771061,1.000000,,,,true,,GET,LandingPage,HTTP/1.1,default,,200,,,LandingPage,,
http_req_duration,1780771061,3308.832100,,,,true,,GET,LandingPage,HTTP/1.1,default,,200,,,LandingPage,,
http_req_blocked,1780771061,0.000000,,,,true,,GET,LandingPage,HTTP/1.1,default,,200,,,LandingPage,,
http_req_connecting,1780771061,0.000000,,,,true,,GET,LandingPage,HTTP/1.1,default,,200,,,LandingPage,,
http_req_tls_handshaking,1780771061,0.000000,,,,true,,GET,LandingPage,HTTP/1.1,default,,200,,,LandingPage,,
http_req_sending,1780771061,0.000000,,,,true,,GET,LandingPage,HTTP/1.1,default,,200,,,LandingPage,,
http_req_waiting,1780771061,3307.443500,,,,true,,GET,LandingPage,HTTP/1.1,default,,200,,,LandingPage,,
http_req_receiving,1780771061,1.388600,,,,true,,GET,LandingPage,HTTP/1.1,default,,200,,,LandingPage,,
http_req_failed,1780771061,0.000000,,,,true,,GET,LandingPage,HTTP/1.1,default,,200,,,LandingPage,,
checks,1780771061,1.000000,Home page status is 200,,,,,,,,default,,,,,,,
vus,1780771061,44.000000,,,,,,,,,,,,,,,,
vus_max,1780771061,50.000000,,,,,,,,,,,,,,,,
data_sent,1780771061,264.000000,,,,,,,,,default,,,,,,,
data_received,1780771061,110112.000000,,,,,,,,,default,,,,,,,
iteration_duration,1780771061,41084.150900,,,,,,,,,default,,,,,,,
iterations,1780771061,1.000000,,,,,,,,,default,,,,,,,
http_reqs,1780771062,1.000000,,,,true,,GET,LandingPage,HTTP/1.1,default,,200,,,LandingPage,,
http_req_duration,1780771062,3579.925500,,,,true,,GET,LandingPage,HTTP/1.1,default,,200,,,LandingPage,,
http_req_blocked,1780771062,0.000000,,,,true,,GET,LandingPage,HTTP/1.1,default,,200,,,LandingPage,,
http_req_connecting,1780771062,0.000000,,,,true,,GET,LandingPage,HTTP/1.1,default,,200,,,LandingPage,,
http_req_tls_handshaking,1780771062,0.000000,,,,true,,GET,LandingPage,HTTP/1.1,default,,200,,,LandingPage,,
http_req_sending,1780771062,0.000000,,,,true,,GET,LandingPage,HTTP/1.1,default,,200,,,LandingPage,,
http_req_waiting,1780771062,3575.841900,,,,true,,GET,LandingPage,HTTP/1.1,default,,200,,,LandingPage,,
http_req_receiving,1780771062,4.083600,,,,true,,GET,LandingPage,HTTP/1.1,default,,200,,,LandingPage,,
http_req_failed,1780771062,0.000000,,,,true,,GET,LandingPage,HTTP/1.1,default,,200,,,LandingPage,,
checks,1780771062,1.000000,Home page status is 200,,,,,,,,default,,,,,,,
http_reqs,1780771062,1.000000,,,,true,,GET,LandingPage,HTTP/1.1,default,,200,,,LandingPage,,
http_req_duration,1780771062,4131.060300,,,,true,,GET,LandingPage,HTTP/1.1,default,,200,,,LandingPage,,
http_req_blocked,1780771062,0.000000,,,,true,,GET,LandingPage,HTTP/1.1,default,,200,,,LandingPage,,
http_req_connecting,1780771062,0.000000,,,,true,,GET,LandingPage,HTTP/1.1,default,,200,,,LandingPage,,
http_req_tls_handshaking,1780771062,0.000000,,,,true,,GET,LandingPage,HTTP/1.1,default,,200,,,LandingPage,,
http_req_sending,1780771062,0.000000,,,,true,,GET,LandingPage,HTTP/1.1,default,,200,,,LandingPage,,
http_req_waiting,1780771062,4130.398600,,,,true,,GET,LandingPage,HTTP/1.1,default,,200,,,LandingPage,,
http_req_receiving,1780771062,0.661700,,,,true,,GET,LandingPage,HTTP/1.1,default,,200,,,LandingPage,,
http_req_failed,1780771062,0.000000,,,,true,,GET,LandingPage,HTTP/1.1,default,,200,,,LandingPage,,
checks,1780771062,1.000000,Home page status is 200,,,,,,,,default,,,,,,,
vus,1780771062,44.000000,,,,,,,,,,,,,,,,
vus_max,1780771062,50.000000,,,,,,,,,,,,,,,,
http_reqs,1780771063,1.000000,,,,true,,GET,LandingPage,HTTP/1.1,default,,200,,,LandingPage,,
http_req_duration,1780771063,4538.838400,,,,true,,GET,LandingPage,HTTP/1.1,default,,200,,,LandingPage,,
http_req_blocked,1780771063,0.000000,,,,true,,GET,LandingPage,HTTP/1.1,default,,200,,,LandingPage,,
http_req_connecting,1780771063,0.000000,,,,true,,GET,LandingPage,HTTP/1.1,default,,200,,,LandingPage,,
http_req_tls_handshaking,1780771063,0.000000,,,,true,,GET,LandingPage,HTTP/1.1,default,,200,,,LandingPage,,
http_req_sending,1780771063,0.000000,,,,true,,GET,LandingPage,HTTP/1.1,default,,200,,,LandingPage,,
http_req_waiting,1780771063,4537.637800,,,,true,,GET,LandingPage,HTTP/1.1,default,,200,,,LandingPage,,
http_req_receiving,1780771063,1.200600,,,,true,,GET,LandingPage,HTTP/1.1,default,,200,,,LandingPage,,
http_req_failed,1780771063,0.000000,,,,true,,GET,LandingPage,HTTP/1.1,default,,200,,,LandingPage,,
checks,1780771063,1.000000,Home page status is 200,,,,,,,,default,,,,,,,
vus,1780771063,44.000000,,,,,,,,,,,,,,,,
vus_max,1780771063,50.000000,,,,,,,,,,,,,,,,
http_reqs,1780771063,1.000000,,,,true,,GET,PublicCatalog,HTTP/1.1,default,,200,,,PublicCatalog,,
http_req_duration,1780771063,12579.474100,,,,true,,GET,PublicCatalog,HTTP/1.1,default,,200,,,PublicCatalog,,
http_req_blocked,1780771063,0.000000,,,,true,,GET,PublicCatalog,HTTP/1.1,default,,200,,,PublicCatalog,,
http_req_connecting,1780771063,0.000000,,,,true,,GET,PublicCatalog,HTTP/1.1,default,,200,,,PublicCatalog,,
http_req_tls_handshaking,1780771063,0.000000,,,,true,,GET,PublicCatalog,HTTP/1.1,default,,200,,,PublicCatalog,,
http_req_sending,1780771063,0.000000,,,,true,,GET,PublicCatalog,HTTP/1.1,default,,200,,,PublicCatalog,,
http_req_waiting,1780771063,12577.092900,,,,true,,GET,PublicCatalog,HTTP/1.1,default,,200,,,PublicCatalog,,
http_req_receiving,1780771063,2.381200,,,,true,,GET,PublicCatalog,HTTP/1.1,default,,200,,,PublicCatalog,,
http_req_failed,1780771063,0.000000,,,,true,,GET,PublicCatalog,HTTP/1.1,default,,200,,,PublicCatalog,,
checks,1780771063,1.000000,Catalog page status is 200,,,,,,,,default,,,,,,,
http_reqs,1780771064,1.000000,,,,true,,GET,PublicCatalog,HTTP/1.1,default,,200,,,PublicCatalog,,
http_req_duration,1780771064,14663.347000,,,,true,,GET,PublicCatalog,HTTP/1.1,default,,200,,,PublicCatalog,,
http_req_blocked,1780771064,0.000000,,,,true,,GET,PublicCatalog,HTTP/1.1,default,,200,,,PublicCatalog,,
http_req_connecting,1780771064,0.000000,,,,true,,GET,PublicCatalog,HTTP/1.1,default,,200,,,PublicCatalog,,
http_req_tls_handshaking,1780771064,0.000000,,,,true,,GET,PublicCatalog,HTTP/1.1,default,,200,,,PublicCatalog,,
http_req_sending,1780771064,0.000000,,,,true,,GET,PublicCatalog,HTTP/1.1,default,,200,,,PublicCatalog,,
http_req_waiting,1780771064,14662.343300,,,,true,,GET,PublicCatalog,HTTP/1.1,default,,200,,,PublicCatalog,,
http_req_receiving,1780771064,1.003700,,,,true,,GET,PublicCatalog,HTTP/1.1,default,,200,,,PublicCatalog,,
http_req_failed,1780771064,0.000000,,,,true,,GET,PublicCatalog,HTTP/1.1,default,,200,,,PublicCatalog,,
checks,1780771064,1.000000,Catalog page status is 200,,,,,,,,default,,,,,,,
vus,1780771064,44.000000,,,,,,,,,,,,,,,,
vus_max,1780771064,50.000000,,,,,,,,,,,,,,,,
http_reqs,1780771065,1.000000,,,,true,,GET,PublicCatalog,HTTP/1.1,default,,200,,,PublicCatalog,,
http_req_duration,1780771065,13572.942000,,,,true,,GET,PublicCatalog,HTTP/1.1,default,,200,,,PublicCatalog,,
http_req_blocked,1780771065,0.000000,,,,true,,GET,PublicCatalog,HTTP/1.1,default,,200,,,PublicCatalog,,
http_req_connecting,1780771065,0.000000,,,,true,,GET,PublicCatalog,HTTP/1.1,default,,200,,,PublicCatalog,,
http_req_tls_handshaking,1780771065,0.000000,,,,true,,GET,PublicCatalog,HTTP/1.1,default,,200,,,PublicCatalog,,
http_req_sending,1780771065,0.000000,,,,true,,GET,PublicCatalog,HTTP/1.1,default,,200,,,PublicCatalog,,
http_req_waiting,1780771065,13572.942000,,,,true,,GET,PublicCatalog,HTTP/1.1,default,,200,,,PublicCatalog,,
http_req_receiving,1780771065,0.000000,,,,true,,GET,PublicCatalog,HTTP/1.1,default,,200,,,PublicCatalog,,
http_req_failed,1780771065,0.000000,,,,true,,GET,PublicCatalog,HTTP/1.1,default,,200,,,PublicCatalog,,
checks,1780771065,1.000000,Catalog page status is 200,,,,,,,,default,,,,,,,
vus,1780771065,44.000000,,,,,,,,,,,,,,,,
vus_max,1780771065,50.000000,,,,,,,,,,,,,,,,
http_reqs,1780771065,1.000000,,,,true,,GET,PublicCatalog,HTTP/1.1,default,,200,,,PublicCatalog,,
http_req_duration,1780771065,13845.430900,,,,true,,GET,PublicCatalog,HTTP/1.1,default,,200,,,PublicCatalog,,
http_req_blocked,1780771065,0.000000,,,,true,,GET,PublicCatalog,HTTP/1.1,default,,200,,,PublicCatalog,,
http_req_connecting,1780771065,0.000000,,,,true,,GET,PublicCatalog,HTTP/1.1,default,,200,,,PublicCatalog,,
http_req_tls_handshaking,1780771065,0.000000,,,,true,,GET,PublicCatalog,HTTP/1.1,default,,200,,,PublicCatalog,,
http_req_sending,1780771065,0.000000,,,,true,,GET,PublicCatalog,HTTP/1.1,default,,200,,,PublicCatalog,,
http_req_waiting,1780771065,13844.891500,,,,true,,GET,PublicCatalog,HTTP/1.1,default,,200,,,PublicCatalog,,
http_req_receiving,1780771065,0.539400,,,,true,,GET,PublicCatalog,HTTP/1.1,default,,200,,,PublicCatalog,,
http_req_failed,1780771065,0.000000,,,,true,,GET,PublicCatalog,HTTP/1.1,default,,200,,,PublicCatalog,,
checks,1780771065,1.000000,Catalog page status is 200,,,,,,,,default,,,,,,,
http_reqs,1780771066,1.000000,,,,true,,GET,PublicCatalog,HTTP/1.1,default,,200,,,PublicCatalog,,
http_req_duration,1780771066,13734.691300,,,,true,,GET,PublicCatalog,HTTP/1.1,default,,200,,,PublicCatalog,,
http_req_blocked,1780771066,0.000000,,,,true,,GET,PublicCatalog,HTTP/1.1,default,,200,,,PublicCatalog,,
http_req_connecting,1780771066,0.000000,,,,true,,GET,PublicCatalog,HTTP/1.1,default,,200,,,PublicCatalog,,
http_req_tls_handshaking,1780771066,0.000000,,,,true,,GET,PublicCatalog,HTTP/1.1,default,,200,,,PublicCatalog,,
http_req_sending,1780771066,0.000000,,,,true,,GET,PublicCatalog,HTTP/1.1,default,,200,,,PublicCatalog,,
http_req_waiting,1780771066,13733.616300,,,,true,,GET,PublicCatalog,HTTP/1.1,default,,200,,,PublicCatalog,,
http_req_receiving,1780771066,1.075000,,,,true,,GET,PublicCatalog,HTTP/1.1,default,,200,,,PublicCatalog,,
http_req_failed,1780771066,0.000000,,,,true,,GET,PublicCatalog,HTTP/1.1,default,,200,,,PublicCatalog,,
checks,1780771066,1.000000,Catalog page status is 200,,,,,,,,default,,,,,,,
latency_cold_start,1780771066,1778.000000,,,,,,,,,default,,,,,,,
vus,1780771066,45.000000,,,,,,,,,,,,,,,,
vus_max,1780771066,50.000000,,,,,,,,,,,,,,,,
http_reqs,1780771066,1.000000,,,,true,,GET,PublicCatalog,HTTP/1.1,default,,200,,,PublicCatalog,,
http_req_duration,1780771066,18505.956600,,,,true,,GET,PublicCatalog,HTTP/1.1,default,,200,,,PublicCatalog,,
http_req_blocked,1780771066,0.000000,,,,true,,GET,PublicCatalog,HTTP/1.1,default,,200,,,PublicCatalog,,
http_req_connecting,1780771066,0.000000,,,,true,,GET,PublicCatalog,HTTP/1.1,default,,200,,,PublicCatalog,,
http_req_tls_handshaking,1780771066,0.000000,,,,true,,GET,PublicCatalog,HTTP/1.1,default,,200,,,PublicCatalog,,
http_req_sending,1780771066,0.000000,,,,true,,GET,PublicCatalog,HTTP/1.1,default,,200,,,PublicCatalog,,
http_req_waiting,1780771066,18504.974200,,,,true,,GET,PublicCatalog,HTTP/1.1,default,,200,,,PublicCatalog,,
http_req_receiving,1780771066,0.982400,,,,true,,GET,PublicCatalog,HTTP/1.1,default,,200,,,PublicCatalog,,
http_req_failed,1780771066,0.000000,,,,true,,GET,PublicCatalog,HTTP/1.1,default,,200,,,PublicCatalog,,
checks,1780771066,1.000000,Catalog page status is 200,,,,,,,,default,,,,,,,
http_reqs,1780771067,1.000000,,,,true,,GET,PublicCatalog,HTTP/1.1,default,,200,,,PublicCatalog,,
http_req_duration,1780771067,18288.080400,,,,true,,GET,PublicCatalog,HTTP/1.1,default,,200,,,PublicCatalog,,
http_req_blocked,1780771067,0.000000,,,,true,,GET,PublicCatalog,HTTP/1.1,default,,200,,,PublicCatalog,,
http_req_connecting,1780771067,0.000000,,,,true,,GET,PublicCatalog,HTTP/1.1,default,,200,,,PublicCatalog,,
http_req_tls_handshaking,1780771067,0.000000,,,,true,,GET,PublicCatalog,HTTP/1.1,default,,200,,,PublicCatalog,,
http_req_sending,1780771067,0.000000,,,,true,,GET,PublicCatalog,HTTP/1.1,default,,200,,,PublicCatalog,,
http_req_waiting,1780771067,18286.523100,,,,true,,GET,PublicCatalog,HTTP/1.1,default,,200,,,PublicCatalog,,
http_req_receiving,1780771067,1.557300,,,,true,,GET,PublicCatalog,HTTP/1.1,default,,200,,,PublicCatalog,,
http_req_failed,1780771067,0.000000,,,,true,,GET,PublicCatalog,HTTP/1.1,default,,200,,,PublicCatalog,,
checks,1780771067,1.000000,Catalog page status is 200,,,,,,,,default,,,,,,,
vus,1780771067,45.000000,,,,,,,,,,,,,,,,
vus_max,1780771067,50.000000,,,,,,,,,,,,,,,,
http_reqs,1780771067,1.000000,,,,true,,GET,PublicCatalog,HTTP/1.1,default,,200,,,PublicCatalog,,
http_req_duration,1780771067,17265.302600,,,,true,,GET,PublicCatalog,HTTP/1.1,default,,200,,,PublicCatalog,,
http_req_blocked,1780771067,0.000000,,,,true,,GET,PublicCatalog,HTTP/1.1,default,,200,,,PublicCatalog,,
http_req_connecting,1780771067,0.000000,,,,true,,GET,PublicCatalog,HTTP/1.1,default,,200,,,PublicCatalog,,
http_req_tls_handshaking,1780771067,0.000000,,,,true,,GET,PublicCatalog,HTTP/1.1,default,,200,,,PublicCatalog,,
http_req_sending,1780771067,0.000000,,,,true,,GET,PublicCatalog,HTTP/1.1,default,,200,,,PublicCatalog,,
http_req_waiting,1780771067,17265.302600,,,,true,,GET,PublicCatalog,HTTP/1.1,default,,200,,,PublicCatalog,,
http_req_receiving,1780771067,0.000000,,,,true,,GET,PublicCatalog,HTTP/1.1,default,,200,,,PublicCatalog,,
http_req_failed,1780771067,0.000000,,,,true,,GET,PublicCatalog,HTTP/1.1,default,,200,,,PublicCatalog,,
checks,1780771067,1.000000,Catalog page status is 200,,,,,,,,default,,,,,,,
http_reqs,1780771068,1.000000,,,,true,,GET,PublicCatalog,HTTP/1.1,default,,200,,,PublicCatalog,,
http_req_duration,1780771068,18448.628600,,,,true,,GET,PublicCatalog,HTTP/1.1,default,,200,,,PublicCatalog,,
http_req_blocked,1780771068,0.000000,,,,true,,GET,PublicCatalog,HTTP/1.1,default,,200,,,PublicCatalog,,
http_req_connecting,1780771068,0.000000,,,,true,,GET,PublicCatalog,HTTP/1.1,default,,200,,,PublicCatalog,,
http_req_tls_handshaking,1780771068,0.000000,,,,true,,GET,PublicCatalog,HTTP/1.1,default,,200,,,PublicCatalog,,
http_req_sending,1780771068,0.000000,,,,true,,GET,PublicCatalog,HTTP/1.1,default,,200,,,PublicCatalog,,
http_req_waiting,1780771068,18447.511100,,,,true,,GET,PublicCatalog,HTTP/1.1,default,,200,,,PublicCatalog,,
http_req_receiving,1780771068,1.117500,,,,true,,GET,PublicCatalog,HTTP/1.1,default,,200,,,PublicCatalog,,
http_req_failed,1780771068,0.000000,,,,true,,GET,PublicCatalog,HTTP/1.1,default,,200,,,PublicCatalog,,
checks,1780771068,1.000000,Catalog page status is 200,,,,,,,,default,,,,,,,
vus,1780771068,45.000000,,,,,,,,,,,,,,,,
vus_max,1780771068,50.000000,,,,,,,,,,,,,,,,
http_reqs,1780771068,1.000000,,,,true,,GET,LandingPage,HTTP/1.1,default,,200,,,LandingPage,,
http_req_duration,1780771068,10182.330500,,,,true,,GET,LandingPage,HTTP/1.1,default,,200,,,LandingPage,,
http_req_blocked,1780771068,0.000000,,,,true,,GET,LandingPage,HTTP/1.1,default,,200,,,LandingPage,,
http_req_connecting,1780771068,0.000000,,,,true,,GET,LandingPage,HTTP/1.1,default,,200,,,LandingPage,,
http_req_tls_handshaking,1780771068,0.000000,,,,true,,GET,LandingPage,HTTP/1.1,default,,200,,,LandingPage,,
http_req_sending,1780771068,0.000000,,,,true,,GET,LandingPage,HTTP/1.1,default,,200,,,LandingPage,,
http_req_waiting,1780771068,10181.658800,,,,true,,GET,LandingPage,HTTP/1.1,default,,200,,,LandingPage,,
http_req_receiving,1780771068,0.671700,,,,true,,GET,LandingPage,HTTP/1.1,default,,200,,,LandingPage,,
http_req_failed,1780771068,0.000000,,,,true,,GET,LandingPage,HTTP/1.1,default,,200,,,LandingPage,,
checks,1780771068,1.000000,Home page status is 200,,,,,,,,default,,,,,,,
http_reqs,1780771069,1.000000,,,,true,,GET,PublicCatalog,HTTP/1.1,default,,200,,,PublicCatalog,,
http_req_duration,1780771069,15761.954700,,,,true,,GET,PublicCatalog,HTTP/1.1,default,,200,,,PublicCatalog,,
http_req_blocked,1780771069,0.000000,,,,true,,GET,PublicCatalog,HTTP/1.1,default,,200,,,PublicCatalog,,
http_req_connecting,1780771069,0.000000,,,,true,,GET,PublicCatalog,HTTP/1.1,default,,200,,,PublicCatalog,,
http_req_tls_handshaking,1780771069,0.000000,,,,true,,GET,PublicCatalog,HTTP/1.1,default,,200,,,PublicCatalog,,
http_req_sending,1780771069,0.000000,,,,true,,GET,PublicCatalog,HTTP/1.1,default,,200,,,PublicCatalog,,
http_req_waiting,1780771069,15760.832900,,,,true,,GET,PublicCatalog,HTTP/1.1,default,,200,,,PublicCatalog,,
http_req_receiving,1780771069,1.121800,,,,true,,GET,PublicCatalog,HTTP/1.1,default,,200,,,PublicCatalog,,
http_req_failed,1780771069,0.000000,,,,true,,GET,PublicCatalog,HTTP/1.1,default,,200,,,PublicCatalog,,
checks,1780771069,1.000000,Catalog page status is 200,,,,,,,,default,,,,,,,
http_reqs,1780771069,1.000000,,,,true,,GET,PublicCatalog,HTTP/1.1,default,,200,,,PublicCatalog,,
http_req_duration,1780771069,19075.630200,,,,true,,GET,PublicCatalog,HTTP/1.1,default,,200,,,PublicCatalog,,
http_req_blocked,1780771069,0.000000,,,,true,,GET,PublicCatalog,HTTP/1.1,default,,200,,,PublicCatalog,,
http_req_connecting,1780771069,0.000000,,,,true,,GET,PublicCatalog,HTTP/1.1,default,,200,,,PublicCatalog,,
http_req_tls_handshaking,1780771069,0.000000,,,,true,,GET,PublicCatalog,HTTP/1.1,default,,200,,,PublicCatalog,,
http_req_sending,1780771069,2.719600,,,,true,,GET,PublicCatalog,HTTP/1.1,default,,200,,,PublicCatalog,,
http_req_waiting,1780771069,19072.210000,,,,true,,GET,PublicCatalog,HTTP/1.1,default,,200,,,PublicCatalog,,
http_req_receiving,1780771069,0.700600,,,,true,,GET,PublicCatalog,HTTP/1.1,default,,200,,,PublicCatalog,,
http_req_failed,1780771069,0.000000,,,,true,,GET,PublicCatalog,HTTP/1.1,default,,200,,,PublicCatalog,,
checks,1780771069,1.000000,Catalog page status is 200,,,,,,,,default,,,,,,,
vus,1780771069,45.000000,,,,,,,,,,,,,,,,
vus_max,1780771069,50.000000,,,,,,,,,,,,,,,,
vus,1780771070,45.000000,,,,,,,,,,,,,,,,
vus_max,1780771070,50.000000,,,,,,,,,,,,,,,,
http_reqs,1780771070,1.000000,,,,true,,GET,LandingPage,HTTP/1.1,default,,200,,,LandingPage,,
http_req_duration,1780771070,11456.982200,,,,true,,GET,LandingPage,HTTP/1.1,default,,200,,,LandingPage,,
http_req_blocked,1780771070,0.000000,,,,true,,GET,LandingPage,HTTP/1.1,default,,200,,,LandingPage,,
http_req_connecting,1780771070,0.000000,,,,true,,GET,LandingPage,HTTP/1.1,default,,200,,,LandingPage,,
http_req_tls_handshaking,1780771070,0.000000,,,,true,,GET,LandingPage,HTTP/1.1,default,,200,,,LandingPage,,
http_req_sending,1780771070,0.000000,,,,true,,GET,LandingPage,HTTP/1.1,default,,200,,,LandingPage,,
http_req_waiting,1780771070,11456.314400,,,,true,,GET,LandingPage,HTTP/1.1,default,,200,,,LandingPage,,
http_req_receiving,1780771070,0.667800,,,,true,,GET,LandingPage,HTTP/1.1,default,,200,,,LandingPage,,
http_req_failed,1780771070,0.000000,,,,true,,GET,LandingPage,HTTP/1.1,default,,200,,,LandingPage,,
checks,1780771070,1.000000,Home page status is 200,,,,,,,,default,,,,,,,
http_reqs,1780771070,1.000000,,,,true,,GET,LandingPage,HTTP/1.1,default,,200,,,LandingPage,,
http_req_duration,1780771070,12145.470500,,,,true,,GET,LandingPage,HTTP/1.1,default,,200,,,LandingPage,,
http_req_blocked,1780771070,0.000000,,,,true,,GET,LandingPage,HTTP/1.1,default,,200,,,LandingPage,,
http_req_connecting,1780771070,0.000000,,,,true,,GET,LandingPage,HTTP/1.1,default,,200,,,LandingPage,,
http_req_tls_handshaking,1780771070,0.000000,,,,true,,GET,LandingPage,HTTP/1.1,default,,200,,,LandingPage,,
http_req_sending,1780771070,0.000000,,,,true,,GET,LandingPage,HTTP/1.1,default,,200,,,LandingPage,,
http_req_waiting,1780771070,12144.749700,,,,true,,GET,LandingPage,HTTP/1.1,default,,200,,,LandingPage,,
http_req_receiving,1780771070,0.720800,,,,true,,GET,LandingPage,HTTP/1.1,default,,200,,,LandingPage,,
http_req_failed,1780771070,0.000000,,,,true,,GET,LandingPage,HTTP/1.1,default,,200,,,LandingPage,,
checks,1780771070,1.000000,Home page status is 200,,,,,,,,default,,,,,,,
http_reqs,1780771071,1.000000,,,,true,,GET,LandingPage,HTTP/1.1,default,,200,,,LandingPage,,
http_req_duration,1780771071,12175.693900,,,,true,,GET,LandingPage,HTTP/1.1,default,,200,,,LandingPage,,
http_req_blocked,1780771071,0.000000,,,,true,,GET,LandingPage,HTTP/1.1,default,,200,,,LandingPage,,
http_req_connecting,1780771071,0.000000,,,,true,,GET,LandingPage,HTTP/1.1,default,,200,,,LandingPage,,
http_req_tls_handshaking,1780771071,0.000000,,,,true,,GET,LandingPage,HTTP/1.1,default,,200,,,LandingPage,,
http_req_sending,1780771071,0.000000,,,,true,,GET,LandingPage,HTTP/1.1,default,,200,,,LandingPage,,
http_req_waiting,1780771071,12174.874300,,,,true,,GET,LandingPage,HTTP/1.1,default,,200,,,LandingPage,,
http_req_receiving,1780771071,0.819600,,,,true,,GET,LandingPage,HTTP/1.1,default,,200,,,LandingPage,,
http_req_failed,1780771071,0.000000,,,,true,,GET,LandingPage,HTTP/1.1,default,,200,,,LandingPage,,
checks,1780771071,1.000000,Home page status is 200,,,,,,,,default,,,,,,,
http_reqs,1780771071,1.000000,,,,true,,GET,LandingPage,HTTP/1.1,default,,200,,,LandingPage,,
http_req_duration,1780771071,11973.170900,,,,true,,GET,LandingPage,HTTP/1.1,default,,200,,,LandingPage,,
http_req_blocked,1780771071,0.000000,,,,true,,GET,LandingPage,HTTP/1.1,default,,200,,,LandingPage,,
http_req_connecting,1780771071,0.000000,,,,true,,GET,LandingPage,HTTP/1.1,default,,200,,,LandingPage,,
http_req_tls_handshaking,1780771071,0.000000,,,,true,,GET,LandingPage,HTTP/1.1,default,,200,,,LandingPage,,
http_req_sending,1780771071,0.000000,,,,true,,GET,LandingPage,HTTP/1.1,default,,200,,,LandingPage,,
http_req_waiting,1780771071,11972.214900,,,,true,,GET,LandingPage,HTTP/1.1,default,,200,,,LandingPage,,
http_req_receiving,1780771071,0.956000,,,,true,,GET,LandingPage,HTTP/1.1,default,,200,,,LandingPage,,
http_req_failed,1780771071,0.000000,,,,true,,GET,LandingPage,HTTP/1.1,default,,200,,,LandingPage,,
checks,1780771071,1.000000,Home page status is 200,,,,,,,,default,,,,,,,
vus,1780771071,45.000000,,,,,,,,,,,,,,,,
vus_max,1780771071,50.000000,,,,,,,,,,,,,,,,
http_reqs,1780771071,1.000000,,,,true,,GET,LandingPage,HTTP/1.1,default,,200,,,LandingPage,,
http_req_duration,1780771071,12152.584600,,,,true,,GET,LandingPage,HTTP/1.1,default,,200,,,LandingPage,,
http_req_blocked,1780771071,0.000000,,,,true,,GET,LandingPage,HTTP/1.1,default,,200,,,LandingPage,,
http_req_connecting,1780771071,0.000000,,,,true,,GET,LandingPage,HTTP/1.1,default,,200,,,LandingPage,,
http_req_tls_handshaking,1780771071,0.000000,,,,true,,GET,LandingPage,HTTP/1.1,default,,200,,,LandingPage,,
http_req_sending,1780771071,0.000000,,,,true,,GET,LandingPage,HTTP/1.1,default,,200,,,LandingPage,,
http_req_waiting,1780771071,12151.375200,,,,true,,GET,LandingPage,HTTP/1.1,default,,200,,,LandingPage,,
http_req_receiving,1780771071,1.209400,,,,true,,GET,LandingPage,HTTP/1.1,default,,200,,,LandingPage,,
http_req_failed,1780771071,0.000000,,,,true,,GET,LandingPage,HTTP/1.1,default,,200,,,LandingPage,,
checks,1780771071,1.000000,Home page status is 200,,,,,,,,default,,,,,,,
latency_cold_start,1780771072,1778.000000,,,,,,,,,default,,,,,,,
vus,1780771072,46.000000,,,,,,,,,,,,,,,,
vus_max,1780771072,50.000000,,,,,,,,,,,,,,,,
http_reqs,1780771072,1.000000,,,,true,,GET,LandingPage,HTTP/1.1,default,,200,,,LandingPage,,
http_req_duration,1780771072,12493.808100,,,,true,,GET,LandingPage,HTTP/1.1,default,,200,,,LandingPage,,
http_req_blocked,1780771072,0.000000,,,,true,,GET,LandingPage,HTTP/1.1,default,,200,,,LandingPage,,
http_req_connecting,1780771072,0.000000,,,,true,,GET,LandingPage,HTTP/1.1,default,,200,,,LandingPage,,
http_req_tls_handshaking,1780771072,0.000000,,,,true,,GET,LandingPage,HTTP/1.1,default,,200,,,LandingPage,,
http_req_sending,1780771072,0.000000,,,,true,,GET,LandingPage,HTTP/1.1,default,,200,,,LandingPage,,
http_req_waiting,1780771072,12491.000100,,,,true,,GET,LandingPage,HTTP/1.1,default,,200,,,LandingPage,,
http_req_receiving,1780771072,2.808000,,,,true,,GET,LandingPage,HTTP/1.1,default,,200,,,LandingPage,,
http_req_failed,1780771072,0.000000,,,,true,,GET,LandingPage,HTTP/1.1,default,,200,,,LandingPage,,
checks,1780771072,1.000000,Home page status is 200,,,,,,,,default,,,,,,,
http_reqs,1780771073,1.000000,,,,true,,GET,LandingPage,HTTP/1.1,default,,200,,,LandingPage,,
http_req_duration,1780771073,13021.169400,,,,true,,GET,LandingPage,HTTP/1.1,default,,200,,,LandingPage,,
http_req_blocked,1780771073,0.000000,,,,true,,GET,LandingPage,HTTP/1.1,default,,200,,,LandingPage,,
http_req_connecting,1780771073,0.000000,,,,true,,GET,LandingPage,HTTP/1.1,default,,200,,,LandingPage,,
http_req_tls_handshaking,1780771073,0.000000,,,,true,,GET,LandingPage,HTTP/1.1,default,,200,,,LandingPage,,
http_req_sending,1780771073,0.000000,,,,true,,GET,LandingPage,HTTP/1.1,default,,200,,,LandingPage,,
http_req_waiting,1780771073,13020.135200,,,,true,,GET,LandingPage,HTTP/1.1,default,,200,,,LandingPage,,
http_req_receiving,1780771073,1.034200,,,,true,,GET,LandingPage,HTTP/1.1,default,,200,,,LandingPage,,
http_req_failed,1780771073,0.000000,,,,true,,GET,LandingPage,HTTP/1.1,default,,200,,,LandingPage,,
checks,1780771073,1.000000,Home page status is 200,,,,,,,,default,,,,,,,
vus,1780771073,46.000000,,,,,,,,,,,,,,,,
vus_max,1780771073,50.000000,,,,,,,,,,,,,,,,
http_reqs,1780771073,1.000000,,,,true,,GET,LandingPage,HTTP/1.1,default,,200,,,LandingPage,,
http_req_duration,1780771073,13517.234200,,,,true,,GET,LandingPage,HTTP/1.1,default,,200,,,LandingPage,,
http_req_blocked,1780771073,0.784700,,,,true,,GET,LandingPage,HTTP/1.1,default,,200,,,LandingPage,,
http_req_connecting,1780771073,0.784700,,,,true,,GET,LandingPage,HTTP/1.1,default,,200,,,LandingPage,,
http_req_tls_handshaking,1780771073,0.000000,,,,true,,GET,LandingPage,HTTP/1.1,default,,200,,,LandingPage,,
http_req_sending,1780771073,0.779500,,,,true,,GET,LandingPage,HTTP/1.1,default,,200,,,LandingPage,,
http_req_waiting,1780771073,13515.536400,,,,true,,GET,LandingPage,HTTP/1.1,default,,200,,,LandingPage,,
http_req_receiving,1780771073,0.918300,,,,true,,GET,LandingPage,HTTP/1.1,default,,200,,,LandingPage,,
http_req_failed,1780771073,0.000000,,,,true,,GET,LandingPage,HTTP/1.1,default,,200,,,LandingPage,,
checks,1780771073,1.000000,Home page status is 200,,,,,,,,default,,,,,,,
http_reqs,1780771074,1.000000,,,,true,,GET,LandingPage,HTTP/1.1,default,,200,,,LandingPage,,
http_req_duration,1780771074,13732.461900,,,,true,,GET,LandingPage,HTTP/1.1,default,,200,,,LandingPage,,
http_req_blocked,1780771074,0.000000,,,,true,,GET,LandingPage,HTTP/1.1,default,,200,,,LandingPage,,
http_req_connecting,1780771074,0.000000,,,,true,,GET,LandingPage,HTTP/1.1,default,,200,,,LandingPage,,
http_req_tls_handshaking,1780771074,0.000000,,,,true,,GET,LandingPage,HTTP/1.1,default,,200,,,LandingPage,,
http_req_sending,1780771074,0.000000,,,,true,,GET,LandingPage,HTTP/1.1,default,,200,,,LandingPage,,
http_req_waiting,1780771074,13730.950000,,,,true,,GET,LandingPage,HTTP/1.1,default,,200,,,LandingPage,,
http_req_receiving,1780771074,1.511900,,,,true,,GET,LandingPage,HTTP/1.1,default,,200,,,LandingPage,,
http_req_failed,1780771074,0.000000,,,,true,,GET,LandingPage,HTTP/1.1,default,,200,,,LandingPage,,
checks,1780771074,1.000000,Home page status is 200,,,,,,,,default,,,,,,,
vus,1780771074,46.000000,,,,,,,,,,,,,,,,
vus_max,1780771074,50.000000,,,,,,,,,,,,,,,,
http_reqs,1780771074,1.000000,,,,true,,GET,LandingPage,HTTP/1.1,default,,200,,,LandingPage,,
http_req_duration,1780771074,14083.662900,,,,true,,GET,LandingPage,HTTP/1.1,default,,200,,,LandingPage,,
http_req_blocked,1780771074,0.000000,,,,true,,GET,LandingPage,HTTP/1.1,default,,200,,,LandingPage,,
http_req_connecting,1780771074,0.000000,,,,true,,GET,LandingPage,HTTP/1.1,default,,200,,,LandingPage,,
http_req_tls_handshaking,1780771074,0.000000,,,,true,,GET,LandingPage,HTTP/1.1,default,,200,,,LandingPage,,
http_req_sending,1780771074,0.000000,,,,true,,GET,LandingPage,HTTP/1.1,default,,200,,,LandingPage,,
http_req_waiting,1780771074,14082.619800,,,,true,,GET,LandingPage,HTTP/1.1,default,,200,,,LandingPage,,
http_req_receiving,1780771074,1.043100,,,,true,,GET,LandingPage,HTTP/1.1,default,,200,,,LandingPage,,
http_req_failed,1780771074,0.000000,,,,true,,GET,LandingPage,HTTP/1.1,default,,200,,,LandingPage,,
checks,1780771074,1.000000,Home page status is 200,,,,,,,,default,,,,,,,
http_reqs,1780771075,1.000000,,,,true,,GET,LandingPage,HTTP/1.1,default,,200,,,LandingPage,,
http_req_duration,1780771075,14652.993900,,,,true,,GET,LandingPage,HTTP/1.1,default,,200,,,LandingPage,,
http_req_blocked,1780771075,0.000000,,,,true,,GET,LandingPage,HTTP/1.1,default,,200,,,LandingPage,,
http_req_connecting,1780771075,0.000000,,,,true,,GET,LandingPage,HTTP/1.1,default,,200,,,LandingPage,,
http_req_tls_handshaking,1780771075,0.000000,,,,true,,GET,LandingPage,HTTP/1.1,default,,200,,,LandingPage,,
http_req_sending,1780771075,0.000000,,,,true,,GET,LandingPage,HTTP/1.1,default,,200,,,LandingPage,,
http_req_waiting,1780771075,14651.842700,,,,true,,GET,LandingPage,HTTP/1.1,default,,200,,,LandingPage,,
http_req_receiving,1780771075,1.151200,,,,true,,GET,LandingPage,HTTP/1.1,default,,200,,,LandingPage,,
http_req_failed,1780771075,0.000000,,,,true,,GET,LandingPage,HTTP/1.1,default,,200,,,LandingPage,,
checks,1780771075,1.000000,Home page status is 200,,,,,,,,default,,,,,,,
vus,1780771075,46.000000,,,,,,,,,,,,,,,,
vus_max,1780771075,50.000000,,,,,,,,,,,,,,,,
http_reqs,1780771076,1.000000,,,,true,,GET,LandingPage,HTTP/1.1,default,,200,,,LandingPage,,
http_req_duration,1780771076,15301.457200,,,,true,,GET,LandingPage,HTTP/1.1,default,,200,,,LandingPage,,
http_req_blocked,1780771076,0.000000,,,,true,,GET,LandingPage,HTTP/1.1,default,,200,,,LandingPage,,
http_req_connecting,1780771076,0.000000,,,,true,,GET,LandingPage,HTTP/1.1,default,,200,,,LandingPage,,
http_req_tls_handshaking,1780771076,0.000000,,,,true,,GET,LandingPage,HTTP/1.1,default,,200,,,LandingPage,,
http_req_sending,1780771076,0.000000,,,,true,,GET,LandingPage,HTTP/1.1,default,,200,,,LandingPage,,
http_req_waiting,1780771076,15300.466000,,,,true,,GET,LandingPage,HTTP/1.1,default,,200,,,LandingPage,,
http_req_receiving,1780771076,0.991200,,,,true,,GET,LandingPage,HTTP/1.1,default,,200,,,LandingPage,,
http_req_failed,1780771076,0.000000,,,,true,,GET,LandingPage,HTTP/1.1,default,,200,,,LandingPage,,
checks,1780771076,1.000000,Home page status is 200,,,,,,,,default,,,,,,,
vus,1780771076,46.000000,,,,,,,,,,,,,,,,
vus_max,1780771076,50.000000,,,,,,,,,,,,,,,,
http_reqs,1780771076,1.000000,,,,true,,GET,LandingPage,HTTP/1.1,default,,200,,,LandingPage,,
http_req_duration,1780771076,15747.892400,,,,true,,GET,LandingPage,HTTP/1.1,default,,200,,,LandingPage,,
http_req_blocked,1780771076,0.000000,,,,true,,GET,LandingPage,HTTP/1.1,default,,200,,,LandingPage,,
http_req_connecting,1780771076,0.000000,,,,true,,GET,LandingPage,HTTP/1.1,default,,200,,,LandingPage,,
http_req_tls_handshaking,1780771076,0.000000,,,,true,,GET,LandingPage,HTTP/1.1,default,,200,,,LandingPage,,
http_req_sending,1780771076,0.000000,,,,true,,GET,LandingPage,HTTP/1.1,default,,200,,,LandingPage,,
http_req_waiting,1780771076,15746.159000,,,,true,,GET,LandingPage,HTTP/1.1,default,,200,,,LandingPage,,
http_req_receiving,1780771076,1.733400,,,,true,,GET,LandingPage,HTTP/1.1,default,,200,,,LandingPage,,
http_req_failed,1780771076,0.000000,,,,true,,GET,LandingPage,HTTP/1.1,default,,200,,,LandingPage,,
checks,1780771076,1.000000,Home page status is 200,,,,,,,,default,,,,,,,
vus,1780771077,46.000000,,,,,,,,,,,,,,,,
vus_max,1780771077,50.000000,,,,,,,,,,,,,,,,
http_reqs,1780771077,1.000000,,,,true,,GET,LandingPage,HTTP/1.1,default,,200,,,LandingPage,,
http_req_duration,1780771077,16756.786900,,,,true,,GET,LandingPage,HTTP/1.1,default,,200,,,LandingPage,,
http_req_blocked,1780771077,0.000000,,,,true,,GET,LandingPage,HTTP/1.1,default,,200,,,LandingPage,,
http_req_connecting,1780771077,0.000000,,,,true,,GET,LandingPage,HTTP/1.1,default,,200,,,LandingPage,,
http_req_tls_handshaking,1780771077,0.000000,,,,true,,GET,LandingPage,HTTP/1.1,default,,200,,,LandingPage,,
http_req_sending,1780771077,0.000000,,,,true,,GET,LandingPage,HTTP/1.1,default,,200,,,LandingPage,,
http_req_waiting,1780771077,16749.599200,,,,true,,GET,LandingPage,HTTP/1.1,default,,200,,,LandingPage,,
http_req_receiving,1780771077,7.187700,,,,true,,GET,LandingPage,HTTP/1.1,default,,200,,,LandingPage,,
http_req_failed,1780771077,0.000000,,,,true,,GET,LandingPage,HTTP/1.1,default,,200,,,LandingPage,,
checks,1780771077,1.000000,Home page status is 200,,,,,,,,default,,,,,,,
latency_cold_start,1780771078,1778.000000,,,,,,,,,default,,,,,,,
http_reqs,1780771078,1.000000,,,,true,,GET,LandingPage,HTTP/1.1,default,,200,,,LandingPage,,
http_req_duration,1780771078,17159.631000,,,,true,,GET,LandingPage,HTTP/1.1,default,,200,,,LandingPage,,
http_req_blocked,1780771078,0.000000,,,,true,,GET,LandingPage,HTTP/1.1,default,,200,,,LandingPage,,
http_req_connecting,1780771078,0.000000,,,,true,,GET,LandingPage,HTTP/1.1,default,,200,,,LandingPage,,
http_req_tls_handshaking,1780771078,0.000000,,,,true,,GET,LandingPage,HTTP/1.1,default,,200,,,LandingPage,,
http_req_sending,1780771078,0.000000,,,,true,,GET,LandingPage,HTTP/1.1,default,,200,,,LandingPage,,
http_req_waiting,1780771078,17158.311000,,,,true,,GET,LandingPage,HTTP/1.1,default,,200,,,LandingPage,,
http_req_receiving,1780771078,1.320000,,,,true,,GET,LandingPage,HTTP/1.1,default,,200,,,LandingPage,,
http_req_failed,1780771078,0.000000,,,,true,,GET,LandingPage,HTTP/1.1,default,,200,,,LandingPage,,
checks,1780771078,1.000000,Home page status is 200,,,,,,,,default,,,,,,,
vus,1780771078,47.000000,,,,,,,,,,,,,,,,
vus_max,1780771078,50.000000,,,,,,,,,,,,,,,,
http_reqs,1780771078,1.000000,,,,true,,GET,LandingPage,HTTP/1.1,default,,200,,,LandingPage,,
http_req_duration,1780771078,17486.460000,,,,true,,GET,LandingPage,HTTP/1.1,default,,200,,,LandingPage,,
http_req_blocked,1780771078,0.000000,,,,true,,GET,LandingPage,HTTP/1.1,default,,200,,,LandingPage,,
http_req_connecting,1780771078,0.000000,,,,true,,GET,LandingPage,HTTP/1.1,default,,200,,,LandingPage,,
http_req_tls_handshaking,1780771078,0.000000,,,,true,,GET,LandingPage,HTTP/1.1,default,,200,,,LandingPage,,
http_req_sending,1780771078,0.000000,,,,true,,GET,LandingPage,HTTP/1.1,default,,200,,,LandingPage,,
http_req_waiting,1780771078,17485.789300,,,,true,,GET,LandingPage,HTTP/1.1,default,,200,,,LandingPage,,
http_req_receiving,1780771078,0.670700,,,,true,,GET,LandingPage,HTTP/1.1,default,,200,,,LandingPage,,
http_req_failed,1780771078,0.000000,,,,true,,GET,LandingPage,HTTP/1.1,default,,200,,,LandingPage,,
checks,1780771078,1.000000,Home page status is 200,,,,,,,,default,,,,,,,
http_reqs,1780771079,1.000000,,,,true,,GET,LandingPage,HTTP/1.1,default,,200,,,LandingPage,,
http_req_duration,1780771079,17649.644600,,,,true,,GET,LandingPage,HTTP/1.1,default,,200,,,LandingPage,,
http_req_blocked,1780771079,0.000000,,,,true,,GET,LandingPage,HTTP/1.1,default,,200,,,LandingPage,,
http_req_connecting,1780771079,0.000000,,,,true,,GET,LandingPage,HTTP/1.1,default,,200,,,LandingPage,,
http_req_tls_handshaking,1780771079,0.000000,,,,true,,GET,LandingPage,HTTP/1.1,default,,200,,,LandingPage,,
http_req_sending,1780771079,0.000000,,,,true,,GET,LandingPage,HTTP/1.1,default,,200,,,LandingPage,,
http_req_waiting,1780771079,17647.788400,,,,true,,GET,LandingPage,HTTP/1.1,default,,200,,,LandingPage,,
http_req_receiving,1780771079,1.856200,,,,true,,GET,LandingPage,HTTP/1.1,default,,200,,,LandingPage,,
http_req_failed,1780771079,0.000000,,,,true,,GET,LandingPage,HTTP/1.1,default,,200,,,LandingPage,,
checks,1780771079,1.000000,Home page status is 200,,,,,,,,default,,,,,,,
vus,1780771079,47.000000,,,,,,,,,,,,,,,,
vus_max,1780771079,50.000000,,,,,,,,,,,,,,,,
http_reqs,1780771079,1.000000,,,,true,,GET,LandingPage,HTTP/1.1,default,,200,,,LandingPage,,
http_req_duration,1780771079,13363.710200,,,,true,,GET,LandingPage,HTTP/1.1,default,,200,,,LandingPage,,
http_req_blocked,1780771079,2.018000,,,,true,,GET,LandingPage,HTTP/1.1,default,,200,,,LandingPage,,
http_req_connecting,1780771079,2.018000,,,,true,,GET,LandingPage,HTTP/1.1,default,,200,,,LandingPage,,
http_req_tls_handshaking,1780771079,0.000000,,,,true,,GET,LandingPage,HTTP/1.1,default,,200,,,LandingPage,,
http_req_sending,1780771079,1.801800,,,,true,,GET,LandingPage,HTTP/1.1,default,,200,,,LandingPage,,
http_req_waiting,1780771079,13361.434800,,,,true,,GET,LandingPage,HTTP/1.1,default,,200,,,LandingPage,,
http_req_receiving,1780771079,0.473600,,,,true,,GET,LandingPage,HTTP/1.1,default,,200,,,LandingPage,,
http_req_failed,1780771079,0.000000,,,,true,,GET,LandingPage,HTTP/1.1,default,,200,,,LandingPage,,
checks,1780771079,1.000000,Home page status is 200,,,,,,,,default,,,,,,,
http_reqs,1780771080,1.000000,,,,true,,GET,BookDetailsJoin,HTTP/1.1,default,,200,,,BookDetailsJoin,,
http_req_duration,1780771080,24206.600300,,,,true,,GET,BookDetailsJoin,HTTP/1.1,default,,200,,,BookDetailsJoin,,
http_req_blocked,1780771080,0.000000,,,,true,,GET,BookDetailsJoin,HTTP/1.1,default,,200,,,BookDetailsJoin,,
http_req_connecting,1780771080,0.000000,,,,true,,GET,BookDetailsJoin,HTTP/1.1,default,,200,,,BookDetailsJoin,,
http_req_tls_handshaking,1780771080,0.000000,,,,true,,GET,BookDetailsJoin,HTTP/1.1,default,,200,,,BookDetailsJoin,,
http_req_sending,1780771080,0.000000,,,,true,,GET,BookDetailsJoin,HTTP/1.1,default,,200,,,BookDetailsJoin,,
http_req_waiting,1780771080,24205.392800,,,,true,,GET,BookDetailsJoin,HTTP/1.1,default,,200,,,BookDetailsJoin,,
http_req_receiving,1780771080,1.207500,,,,true,,GET,BookDetailsJoin,HTTP/1.1,default,,200,,,BookDetailsJoin,,
http_req_failed,1780771080,0.000000,,,,true,,GET,BookDetailsJoin,HTTP/1.1,default,,200,,,BookDetailsJoin,,
checks,1780771080,1.000000,Book details status is 200,,,,,,,,default,,,,,,,
http_reqs,1780771080,1.000000,,,,true,,GET,BookDetailsJoin,HTTP/1.1,default,,200,,,BookDetailsJoin,,
http_req_duration,1780771080,23927.919300,,,,true,,GET,BookDetailsJoin,HTTP/1.1,default,,200,,,BookDetailsJoin,,
http_req_blocked,1780771080,0.000000,,,,true,,GET,BookDetailsJoin,HTTP/1.1,default,,200,,,BookDetailsJoin,,
http_req_connecting,1780771080,0.000000,,,,true,,GET,BookDetailsJoin,HTTP/1.1,default,,200,,,BookDetailsJoin,,
http_req_tls_handshaking,1780771080,0.000000,,,,true,,GET,BookDetailsJoin,HTTP/1.1,default,,200,,,BookDetailsJoin,,
http_req_sending,1780771080,0.000000,,,,true,,GET,BookDetailsJoin,HTTP/1.1,default,,200,,,BookDetailsJoin,,
http_req_waiting,1780771080,23927.263200,,,,true,,GET,BookDetailsJoin,HTTP/1.1,default,,200,,,BookDetailsJoin,,
http_req_receiving,1780771080,0.656100,,,,true,,GET,BookDetailsJoin,HTTP/1.1,default,,200,,,BookDetailsJoin,,
http_req_failed,1780771080,0.000000,,,,true,,GET,BookDetailsJoin,HTTP/1.1,default,,200,,,BookDetailsJoin,,
checks,1780771080,1.000000,Book details status is 200,,,,,,,,default,,,,,,,
http_reqs,1780771080,1.000000,,,,true,,GET,BookDetailsJoin,HTTP/1.1,default,,200,,,BookDetailsJoin,,
http_req_duration,1780771080,24371.234200,,,,true,,GET,BookDetailsJoin,HTTP/1.1,default,,200,,,BookDetailsJoin,,
http_req_blocked,1780771080,0.000000,,,,true,,GET,BookDetailsJoin,HTTP/1.1,default,,200,,,BookDetailsJoin,,
http_req_connecting,1780771080,0.000000,,,,true,,GET,BookDetailsJoin,HTTP/1.1,default,,200,,,BookDetailsJoin,,
http_req_tls_handshaking,1780771080,0.000000,,,,true,,GET,BookDetailsJoin,HTTP/1.1,default,,200,,,BookDetailsJoin,,
http_req_sending,1780771080,0.000000,,,,true,,GET,BookDetailsJoin,HTTP/1.1,default,,200,,,BookDetailsJoin,,
http_req_waiting,1780771080,24370.621400,,,,true,,GET,BookDetailsJoin,HTTP/1.1,default,,200,,,BookDetailsJoin,,
http_req_receiving,1780771080,0.612800,,,,true,,GET,BookDetailsJoin,HTTP/1.1,default,,200,,,BookDetailsJoin,,
http_req_failed,1780771080,0.000000,,,,true,,GET,BookDetailsJoin,HTTP/1.1,default,,200,,,BookDetailsJoin,,
checks,1780771080,1.000000,Book details status is 200,,,,,,,,default,,,,,,,
vus,1780771080,47.000000,,,,,,,,,,,,,,,,
vus_max,1780771080,50.000000,,,,,,,,,,,,,,,,
http_reqs,1780771080,1.000000,,,,true,,GET,BookDetailsJoin,HTTP/1.1,default,,200,,,BookDetailsJoin,,
http_req_duration,1780771080,24700.209700,,,,true,,GET,BookDetailsJoin,HTTP/1.1,default,,200,,,BookDetailsJoin,,
http_req_blocked,1780771080,0.000000,,,,true,,GET,BookDetailsJoin,HTTP/1.1,default,,200,,,BookDetailsJoin,,
http_req_connecting,1780771080,0.000000,,,,true,,GET,BookDetailsJoin,HTTP/1.1,default,,200,,,BookDetailsJoin,,
http_req_tls_handshaking,1780771080,0.000000,,,,true,,GET,BookDetailsJoin,HTTP/1.1,default,,200,,,BookDetailsJoin,,
http_req_sending,1780771080,0.000000,,,,true,,GET,BookDetailsJoin,HTTP/1.1,default,,200,,,BookDetailsJoin,,
http_req_waiting,1780771080,24698.808000,,,,true,,GET,BookDetailsJoin,HTTP/1.1,default,,200,,,BookDetailsJoin,,
http_req_receiving,1780771080,1.401700,,,,true,,GET,BookDetailsJoin,HTTP/1.1,default,,200,,,BookDetailsJoin,,
http_req_failed,1780771080,0.000000,,,,true,,GET,BookDetailsJoin,HTTP/1.1,default,,200,,,BookDetailsJoin,,
checks,1780771080,1.000000,Book details status is 200,,,,,,,,default,,,,,,,
http_reqs,1780771080,1.000000,,,,true,,GET,BookDetailsJoin,HTTP/1.1,default,,200,,,BookDetailsJoin,,
http_req_duration,1780771080,27027.560600,,,,true,,GET,BookDetailsJoin,HTTP/1.1,default,,200,,,BookDetailsJoin,,
http_req_blocked,1780771080,0.000000,,,,true,,GET,BookDetailsJoin,HTTP/1.1,default,,200,,,BookDetailsJoin,,
http_req_connecting,1780771080,0.000000,,,,true,,GET,BookDetailsJoin,HTTP/1.1,default,,200,,,BookDetailsJoin,,
http_req_tls_handshaking,1780771080,0.000000,,,,true,,GET,BookDetailsJoin,HTTP/1.1,default,,200,,,BookDetailsJoin,,
http_req_sending,1780771080,0.000000,,,,true,,GET,BookDetailsJoin,HTTP/1.1,default,,200,,,BookDetailsJoin,,
http_req_waiting,1780771080,27026.394700,,,,true,,GET,BookDetailsJoin,HTTP/1.1,default,,200,,,BookDetailsJoin,,
http_req_receiving,1780771080,1.165900,,,,true,,GET,BookDetailsJoin,HTTP/1.1,default,,200,,,BookDetailsJoin,,
http_req_failed,1780771080,0.000000,,,,true,,GET,BookDetailsJoin,HTTP/1.1,default,,200,,,BookDetailsJoin,,
checks,1780771080,1.000000,Book details status is 200,,,,,,,,default,,,,,,,
http_reqs,1780771081,1.000000,,,,true,,GET,BookDetailsJoin,HTTP/1.1,default,,200,,,BookDetailsJoin,,
http_req_duration,1780771081,21798.379800,,,,true,,GET,BookDetailsJoin,HTTP/1.1,default,,200,,,BookDetailsJoin,,
http_req_blocked,1780771081,0.000000,,,,true,,GET,BookDetailsJoin,HTTP/1.1,default,,200,,,BookDetailsJoin,,
http_req_connecting,1780771081,0.000000,,,,true,,GET,BookDetailsJoin,HTTP/1.1,default,,200,,,BookDetailsJoin,,
http_req_tls_handshaking,1780771081,0.000000,,,,true,,GET,BookDetailsJoin,HTTP/1.1,default,,200,,,BookDetailsJoin,,
http_req_sending,1780771081,0.000000,,,,true,,GET,BookDetailsJoin,HTTP/1.1,default,,200,,,BookDetailsJoin,,
http_req_waiting,1780771081,21796.761100,,,,true,,GET,BookDetailsJoin,HTTP/1.1,default,,200,,,BookDetailsJoin,,
http_req_receiving,1780771081,1.618700,,,,true,,GET,BookDetailsJoin,HTTP/1.1,default,,200,,,BookDetailsJoin,,
http_req_failed,1780771081,0.000000,,,,true,,GET,BookDetailsJoin,HTTP/1.1,default,,200,,,BookDetailsJoin,,
checks,1780771081,1.000000,Book details status is 200,,,,,,,,default,,,,,,,
http_reqs,1780771081,1.000000,,,,true,,GET,BookDetailsJoin,HTTP/1.1,default,,200,,,BookDetailsJoin,,
http_req_duration,1780771081,26038.871400,,,,true,,GET,BookDetailsJoin,HTTP/1.1,default,,200,,,BookDetailsJoin,,
http_req_blocked,1780771081,0.000000,,,,true,,GET,BookDetailsJoin,HTTP/1.1,default,,200,,,BookDetailsJoin,,
http_req_connecting,1780771081,0.000000,,,,true,,GET,BookDetailsJoin,HTTP/1.1,default,,200,,,BookDetailsJoin,,
http_req_tls_handshaking,1780771081,0.000000,,,,true,,GET,BookDetailsJoin,HTTP/1.1,default,,200,,,BookDetailsJoin,,
http_req_sending,1780771081,0.000000,,,,true,,GET,BookDetailsJoin,HTTP/1.1,default,,200,,,BookDetailsJoin,,
http_req_waiting,1780771081,26037.546000,,,,true,,GET,BookDetailsJoin,HTTP/1.1,default,,200,,,BookDetailsJoin,,
http_req_receiving,1780771081,1.325400,,,,true,,GET,BookDetailsJoin,HTTP/1.1,default,,200,,,BookDetailsJoin,,
http_req_failed,1780771081,0.000000,,,,true,,GET,BookDetailsJoin,HTTP/1.1,default,,200,,,BookDetailsJoin,,
checks,1780771081,1.000000,Book details status is 200,,,,,,,,default,,,,,,,
http_reqs,1780771081,1.000000,,,,true,,GET,PublicCatalog,HTTP/1.1,default,,200,,,PublicCatalog,,
http_req_duration,1780771081,23466.395600,,,,true,,GET,PublicCatalog,HTTP/1.1,default,,200,,,PublicCatalog,,
http_req_blocked,1780771081,0.000000,,,,true,,GET,PublicCatalog,HTTP/1.1,default,,200,,,PublicCatalog,,
http_req_connecting,1780771081,0.000000,,,,true,,GET,PublicCatalog,HTTP/1.1,default,,200,,,PublicCatalog,,
http_req_tls_handshaking,1780771081,0.000000,,,,true,,GET,PublicCatalog,HTTP/1.1,default,,200,,,PublicCatalog,,
http_req_sending,1780771081,0.000000,,,,true,,GET,PublicCatalog,HTTP/1.1,default,,200,,,PublicCatalog,,
http_req_waiting,1780771081,23464.754300,,,,true,,GET,PublicCatalog,HTTP/1.1,default,,200,,,PublicCatalog,,
http_req_receiving,1780771081,1.641300,,,,true,,GET,PublicCatalog,HTTP/1.1,default,,200,,,PublicCatalog,,
http_req_failed,1780771081,0.000000,,,,true,,GET,PublicCatalog,HTTP/1.1,default,,200,,,PublicCatalog,,
checks,1780771081,1.000000,Catalog page status is 200,,,,,,,,default,,,,,,,
vus,1780771081,47.000000,,,,,,,,,,,,,,,,
vus_max,1780771081,50.000000,,,,,,,,,,,,,,,,
vus,1780771082,47.000000,,,,,,,,,,,,,,,,
vus_max,1780771082,50.000000,,,,,,,,,,,,,,,,
data_sent,1780771083,264.000000,,,,,,,,,default,,,,,,,
data_received,1780771083,110869.000000,,,,,,,,,default,,,,,,,
iteration_duration,1780771083,60703.938200,,,,,,,,,default,,,,,,,
iterations,1780771083,1.000000,,,,,,,,,default,,,,,,,
data_sent,1780771083,264.000000,,,,,,,,,default,,,,,,,
data_received,1780771083,110355.000000,,,,,,,,,default,,,,,,,
iteration_duration,1780771083,58914.254300,,,,,,,,,default,,,,,,,
iterations,1780771083,1.000000,,,,,,,,,default,,,,,,,
vus,1780771083,47.000000,,,,,,,,,,,,,,,,
vus_max,1780771083,50.000000,,,,,,,,,,,,,,,,
data_sent,1780771083,264.000000,,,,,,,,,default,,,,,,,
data_received,1780771083,111306.000000,,,,,,,,,default,,,,,,,
iteration_duration,1780771083,61040.040400,,,,,,,,,default,,,,,,,
iterations,1780771083,1.000000,,,,,,,,,default,,,,,,,
data_sent,1780771083,264.000000,,,,,,,,,default,,,,,,,
data_received,1780771083,110550.000000,,,,,,,,,default,,,,,,,
iteration_duration,1780771083,61807.918500,,,,,,,,,default,,,,,,,
iterations,1780771083,1.000000,,,,,,,,,default,,,,,,,
data_sent,1780771083,264.000000,,,,,,,,,default,,,,,,,
data_received,1780771083,110462.000000,,,,,,,,,default,,,,,,,
iteration_duration,1780771083,62079.654900,,,,,,,,,default,,,,,,,
iterations,1780771083,1.000000,,,,,,,,,default,,,,,,,
data_sent,1780771084,264.000000,,,,,,,,,default,,,,,,,
data_received,1780771084,111049.000000,,,,,,,,,default,,,,,,,
iteration_duration,1780771084,53616.287200,,,,,,,,,default,,,,,,,
iterations,1780771084,1.000000,,,,,,,,,default,,,,,,,
data_sent,1780771084,264.000000,,,,,,,,,default,,,,,,,
data_received,1780771084,111024.000000,,,,,,,,,default,,,,,,,
iteration_duration,1780771084,62560.543500,,,,,,,,,default,,,,,,,
iterations,1780771084,1.000000,,,,,,,,,default,,,,,,,
latency_cold_start,1780771084,1778.000000,,,,,,,,,default,,,,,,,
http_reqs,1780771084,1.000000,,,,true,,GET,LandingPage,HTTP/1.1,default,,200,,,LandingPage,,
http_req_duration,1780771084,12062.641000,,,,true,,GET,LandingPage,HTTP/1.1,default,,200,,,LandingPage,,
http_req_blocked,1780771084,1.000600,,,,true,,GET,LandingPage,HTTP/1.1,default,,200,,,LandingPage,,
http_req_connecting,1780771084,1.000600,,,,true,,GET,LandingPage,HTTP/1.1,default,,200,,,LandingPage,,
http_req_tls_handshaking,1780771084,0.000000,,,,true,,GET,LandingPage,HTTP/1.1,default,,200,,,LandingPage,,
http_req_sending,1780771084,0.000000,,,,true,,GET,LandingPage,HTTP/1.1,default,,200,,,LandingPage,,
http_req_waiting,1780771084,12061.822300,,,,true,,GET,LandingPage,HTTP/1.1,default,,200,,,LandingPage,,
http_req_receiving,1780771084,0.818700,,,,true,,GET,LandingPage,HTTP/1.1,default,,200,,,LandingPage,,
http_req_failed,1780771084,0.000000,,,,true,,GET,LandingPage,HTTP/1.1,default,,200,,,LandingPage,,
checks,1780771084,1.000000,Home page status is 200,,,,,,,,default,,,,,,,
vus,1780771084,48.000000,,,,,,,,,,,,,,,,
vus_max,1780771084,50.000000,,,,,,,,,,,,,,,,
http_reqs,1780771084,1.000000,,,,true,,GET,LandingPage,HTTP/1.1,default,,200,,,LandingPage,,
http_req_duration,1780771084,6528.236200,,,,true,,GET,LandingPage,HTTP/1.1,default,,200,,,LandingPage,,
http_req_blocked,1780771084,1.079700,,,,true,,GET,LandingPage,HTTP/1.1,default,,200,,,LandingPage,,
http_req_connecting,1780771084,1.079700,,,,true,,GET,LandingPage,HTTP/1.1,default,,200,,,LandingPage,,
http_req_tls_handshaking,1780771084,0.000000,,,,true,,GET,LandingPage,HTTP/1.1,default,,200,,,LandingPage,,
http_req_sending,1780771084,0.000000,,,,true,,GET,LandingPage,HTTP/1.1,default,,200,,,LandingPage,,
http_req_waiting,1780771084,6527.085200,,,,true,,GET,LandingPage,HTTP/1.1,default,,200,,,LandingPage,,
http_req_receiving,1780771084,1.151000,,,,true,,GET,LandingPage,HTTP/1.1,default,,200,,,LandingPage,,
http_req_failed,1780771084,0.000000,,,,true,,GET,LandingPage,HTTP/1.1,default,,200,,,LandingPage,,
checks,1780771084,1.000000,Home page status is 200,,,,,,,,default,,,,,,,
http_reqs,1780771085,1.000000,,,,true,,GET,PublicCatalog,HTTP/1.1,default,,200,,,PublicCatalog,,
http_req_duration,1780771085,22841.101700,,,,true,,GET,PublicCatalog,HTTP/1.1,default,,200,,,PublicCatalog,,
http_req_blocked,1780771085,0.000000,,,,true,,GET,PublicCatalog,HTTP/1.1,default,,200,,,PublicCatalog,,
http_req_connecting,1780771085,0.000000,,,,true,,GET,PublicCatalog,HTTP/1.1,default,,200,,,PublicCatalog,,
http_req_tls_handshaking,1780771085,0.000000,,,,true,,GET,PublicCatalog,HTTP/1.1,default,,200,,,PublicCatalog,,
http_req_sending,1780771085,0.000000,,,,true,,GET,PublicCatalog,HTTP/1.1,default,,200,,,PublicCatalog,,
http_req_waiting,1780771085,22839.814600,,,,true,,GET,PublicCatalog,HTTP/1.1,default,,200,,,PublicCatalog,,
http_req_receiving,1780771085,1.287100,,,,true,,GET,PublicCatalog,HTTP/1.1,default,,200,,,PublicCatalog,,
http_req_failed,1780771085,0.000000,,,,true,,GET,PublicCatalog,HTTP/1.1,default,,200,,,PublicCatalog,,
checks,1780771085,1.000000,Catalog page status is 200,,,,,,,,default,,,,,,,
vus,1780771085,48.000000,,,,,,,,,,,,,,,,
vus_max,1780771085,50.000000,,,,,,,,,,,,,,,,
http_reqs,1780771085,1.000000,,,,true,,GET,PublicCatalog,HTTP/1.1,default,,200,,,PublicCatalog,,
http_req_duration,1780771085,24300.408500,,,,true,,GET,PublicCatalog,HTTP/1.1,default,,200,,,PublicCatalog,,
http_req_blocked,1780771085,0.000000,,,,true,,GET,PublicCatalog,HTTP/1.1,default,,200,,,PublicCatalog,,
http_req_connecting,1780771085,0.000000,,,,true,,GET,PublicCatalog,HTTP/1.1,default,,200,,,PublicCatalog,,
http_req_tls_handshaking,1780771085,0.000000,,,,true,,GET,PublicCatalog,HTTP/1.1,default,,200,,,PublicCatalog,,
http_req_sending,1780771085,0.000000,,,,true,,GET,PublicCatalog,HTTP/1.1,default,,200,,,PublicCatalog,,
http_req_waiting,1780771085,24298.837600,,,,true,,GET,PublicCatalog,HTTP/1.1,default,,200,,,PublicCatalog,,
http_req_receiving,1780771085,1.570900,,,,true,,GET,PublicCatalog,HTTP/1.1,default,,200,,,PublicCatalog,,
http_req_failed,1780771085,0.000000,,,,true,,GET,PublicCatalog,HTTP/1.1,default,,200,,,PublicCatalog,,
checks,1780771085,1.000000,Catalog page status is 200,,,,,,,,default,,,,,,,
http_reqs,1780771086,1.000000,,,,true,,GET,PublicCatalog,HTTP/1.1,default,,200,,,PublicCatalog,,
http_req_duration,1780771086,22778.054800,,,,true,,GET,PublicCatalog,HTTP/1.1,default,,200,,,PublicCatalog,,
http_req_blocked,1780771086,0.000000,,,,true,,GET,PublicCatalog,HTTP/1.1,default,,200,,,PublicCatalog,,
http_req_connecting,1780771086,0.000000,,,,true,,GET,PublicCatalog,HTTP/1.1,default,,200,,,PublicCatalog,,
http_req_tls_handshaking,1780771086,0.000000,,,,true,,GET,PublicCatalog,HTTP/1.1,default,,200,,,PublicCatalog,,
http_req_sending,1780771086,0.000000,,,,true,,GET,PublicCatalog,HTTP/1.1,default,,200,,,PublicCatalog,,
http_req_waiting,1780771086,22777.150000,,,,true,,GET,PublicCatalog,HTTP/1.1,default,,200,,,PublicCatalog,,
http_req_receiving,1780771086,0.904800,,,,true,,GET,PublicCatalog,HTTP/1.1,default,,200,,,PublicCatalog,,
http_req_failed,1780771086,0.000000,,,,true,,GET,PublicCatalog,HTTP/1.1,default,,200,,,PublicCatalog,,
checks,1780771086,1.000000,Catalog page status is 200,,,,,,,,default,,,,,,,
vus,1780771086,48.000000,,,,,,,,,,,,,,,,
vus_max,1780771086,50.000000,,,,,,,,,,,,,,,,
http_reqs,1780771086,1.000000,,,,true,,GET,PublicCatalog,HTTP/1.1,default,,200,,,PublicCatalog,,
http_req_duration,1780771086,24390.832900,,,,true,,GET,PublicCatalog,HTTP/1.1,default,,200,,,PublicCatalog,,
http_req_blocked,1780771086,0.000000,,,,true,,GET,PublicCatalog,HTTP/1.1,default,,200,,,PublicCatalog,,
http_req_connecting,1780771086,0.000000,,,,true,,GET,PublicCatalog,HTTP/1.1,default,,200,,,PublicCatalog,,
http_req_tls_handshaking,1780771086,0.000000,,,,true,,GET,PublicCatalog,HTTP/1.1,default,,200,,,PublicCatalog,,
http_req_sending,1780771086,0.000000,,,,true,,GET,PublicCatalog,HTTP/1.1,default,,200,,,PublicCatalog,,
http_req_waiting,1780771086,24389.632200,,,,true,,GET,PublicCatalog,HTTP/1.1,default,,200,,,PublicCatalog,,
http_req_receiving,1780771086,1.200700,,,,true,,GET,PublicCatalog,HTTP/1.1,default,,200,,,PublicCatalog,,
http_req_failed,1780771086,0.000000,,,,true,,GET,PublicCatalog,HTTP/1.1,default,,200,,,PublicCatalog,,
checks,1780771086,1.000000,Catalog page status is 200,,,,,,,,default,,,,,,,
http_reqs,1780771087,1.000000,,,,true,,GET,PublicCatalog,HTTP/1.1,default,,200,,,PublicCatalog,,
http_req_duration,1780771087,23068.006800,,,,true,,GET,PublicCatalog,HTTP/1.1,default,,200,,,PublicCatalog,,
http_req_blocked,1780771087,0.000000,,,,true,,GET,PublicCatalog,HTTP/1.1,default,,200,,,PublicCatalog,,
http_req_connecting,1780771087,0.000000,,,,true,,GET,PublicCatalog,HTTP/1.1,default,,200,,,PublicCatalog,,
http_req_tls_handshaking,1780771087,0.000000,,,,true,,GET,PublicCatalog,HTTP/1.1,default,,200,,,PublicCatalog,,
http_req_sending,1780771087,0.000000,,,,true,,GET,PublicCatalog,HTTP/1.1,default,,200,,,PublicCatalog,,
http_req_waiting,1780771087,23066.475900,,,,true,,GET,PublicCatalog,HTTP/1.1,default,,200,,,PublicCatalog,,
http_req_receiving,1780771087,1.530900,,,,true,,GET,PublicCatalog,HTTP/1.1,default,,200,,,PublicCatalog,,
http_req_failed,1780771087,0.000000,,,,true,,GET,PublicCatalog,HTTP/1.1,default,,200,,,PublicCatalog,,
checks,1780771087,1.000000,Catalog page status is 200,,,,,,,,default,,,,,,,
http_reqs,1780771087,1.000000,,,,true,,GET,PublicCatalog,HTTP/1.1,default,,200,,,PublicCatalog,,
http_req_duration,1780771087,25432.560800,,,,true,,GET,PublicCatalog,HTTP/1.1,default,,200,,,PublicCatalog,,
http_req_blocked,1780771087,0.000000,,,,true,,GET,PublicCatalog,HTTP/1.1,default,,200,,,PublicCatalog,,
http_req_connecting,1780771087,0.000000,,,,true,,GET,PublicCatalog,HTTP/1.1,default,,200,,,PublicCatalog,,
http_req_tls_handshaking,1780771087,0.000000,,,,true,,GET,PublicCatalog,HTTP/1.1,default,,200,,,PublicCatalog,,
http_req_sending,1780771087,0.000000,,,,true,,GET,PublicCatalog,HTTP/1.1,default,,200,,,PublicCatalog,,
http_req_waiting,1780771087,25430.592600,,,,true,,GET,PublicCatalog,HTTP/1.1,default,,200,,,PublicCatalog,,
http_req_receiving,1780771087,1.968200,,,,true,,GET,PublicCatalog,HTTP/1.1,default,,200,,,PublicCatalog,,
http_req_failed,1780771087,0.000000,,,,true,,GET,PublicCatalog,HTTP/1.1,default,,200,,,PublicCatalog,,
checks,1780771087,1.000000,Catalog page status is 200,,,,,,,,default,,,,,,,
vus,1780771087,48.000000,,,,,,,,,,,,,,,,
vus_max,1780771087,50.000000,,,,,,,,,,,,,,,,
http_reqs,1780771087,1.000000,,,,true,,GET,BookDetailsJoin,HTTP/1.1,default,,200,,,BookDetailsJoin,,
http_req_duration,1780771087,20076.858700,,,,true,,GET,BookDetailsJoin,HTTP/1.1,default,,200,,,BookDetailsJoin,,
http_req_blocked,1780771087,0.000000,,,,true,,GET,BookDetailsJoin,HTTP/1.1,default,,200,,,BookDetailsJoin,,
http_req_connecting,1780771087,0.000000,,,,true,,GET,BookDetailsJoin,HTTP/1.1,default,,200,,,BookDetailsJoin,,
http_req_tls_handshaking,1780771087,0.000000,,,,true,,GET,BookDetailsJoin,HTTP/1.1,default,,200,,,BookDetailsJoin,,
http_req_sending,1780771087,0.000000,,,,true,,GET,BookDetailsJoin,HTTP/1.1,default,,200,,,BookDetailsJoin,,
http_req_waiting,1780771087,20075.968700,,,,true,,GET,BookDetailsJoin,HTTP/1.1,default,,200,,,BookDetailsJoin,,
http_req_receiving,1780771087,0.890000,,,,true,,GET,BookDetailsJoin,HTTP/1.1,default,,200,,,BookDetailsJoin,,
http_req_failed,1780771087,0.000000,,,,true,,GET,BookDetailsJoin,HTTP/1.1,default,,200,,,BookDetailsJoin,,
checks,1780771087,1.000000,Book details status is 200,,,,,,,,default,,,,,,,
http_reqs,1780771087,1.000000,,,,true,,GET,BookDetailsJoin,HTTP/1.1,default,,200,,,BookDetailsJoin,,
http_req_duration,1780771087,21668.663700,,,,true,,GET,BookDetailsJoin,HTTP/1.1,default,,200,,,BookDetailsJoin,,
http_req_blocked,1780771087,0.000000,,,,true,,GET,BookDetailsJoin,HTTP/1.1,default,,200,,,BookDetailsJoin,,
http_req_connecting,1780771087,0.000000,,,,true,,GET,BookDetailsJoin,HTTP/1.1,default,,200,,,BookDetailsJoin,,
http_req_tls_handshaking,1780771087,0.000000,,,,true,,GET,BookDetailsJoin,HTTP/1.1,default,,200,,,BookDetailsJoin,,
http_req_sending,1780771087,0.000000,,,,true,,GET,BookDetailsJoin,HTTP/1.1,default,,200,,,BookDetailsJoin,,
http_req_waiting,1780771087,21668.663700,,,,true,,GET,BookDetailsJoin,HTTP/1.1,default,,200,,,BookDetailsJoin,,
http_req_receiving,1780771087,0.000000,,,,true,,GET,BookDetailsJoin,HTTP/1.1,default,,200,,,BookDetailsJoin,,
http_req_failed,1780771087,0.000000,,,,true,,GET,BookDetailsJoin,HTTP/1.1,default,,200,,,BookDetailsJoin,,
checks,1780771087,1.000000,Book details status is 200,,,,,,,,default,,,,,,,
http_reqs,1780771088,1.000000,,,,true,,GET,BookDetailsJoin,HTTP/1.1,default,,200,,,BookDetailsJoin,,
http_req_duration,1780771088,18801.598400,,,,true,,GET,BookDetailsJoin,HTTP/1.1,default,,200,,,BookDetailsJoin,,
http_req_blocked,1780771088,0.000000,,,,true,,GET,BookDetailsJoin,HTTP/1.1,default,,200,,,BookDetailsJoin,,
http_req_connecting,1780771088,0.000000,,,,true,,GET,BookDetailsJoin,HTTP/1.1,default,,200,,,BookDetailsJoin,,
http_req_tls_handshaking,1780771088,0.000000,,,,true,,GET,BookDetailsJoin,HTTP/1.1,default,,200,,,BookDetailsJoin,,
http_req_sending,1780771088,0.000000,,,,true,,GET,BookDetailsJoin,HTTP/1.1,default,,200,,,BookDetailsJoin,,
http_req_waiting,1780771088,18800.266100,,,,true,,GET,BookDetailsJoin,HTTP/1.1,default,,200,,,BookDetailsJoin,,
http_req_receiving,1780771088,1.332300,,,,true,,GET,BookDetailsJoin,HTTP/1.1,default,,200,,,BookDetailsJoin,,
http_req_failed,1780771088,0.000000,,,,true,,GET,BookDetailsJoin,HTTP/1.1,default,,200,,,BookDetailsJoin,,
checks,1780771088,1.000000,Book details status is 200,,,,,,,,default,,,,,,,
http_reqs,1780771088,1.000000,,,,true,,GET,BookDetailsJoin,HTTP/1.1,default,,200,,,BookDetailsJoin,,
http_req_duration,1780771088,18358.754400,,,,true,,GET,BookDetailsJoin,HTTP/1.1,default,,200,,,BookDetailsJoin,,
http_req_blocked,1780771088,0.000000,,,,true,,GET,BookDetailsJoin,HTTP/1.1,default,,200,,,BookDetailsJoin,,
http_req_connecting,1780771088,0.000000,,,,true,,GET,BookDetailsJoin,HTTP/1.1,default,,200,,,BookDetailsJoin,,
http_req_tls_handshaking,1780771088,0.000000,,,,true,,GET,BookDetailsJoin,HTTP/1.1,default,,200,,,BookDetailsJoin,,
http_req_sending,1780771088,0.000000,,,,true,,GET,BookDetailsJoin,HTTP/1.1,default,,200,,,BookDetailsJoin,,
http_req_waiting,1780771088,18358.046300,,,,true,,GET,BookDetailsJoin,HTTP/1.1,default,,200,,,BookDetailsJoin,,
http_req_receiving,1780771088,0.708100,,,,true,,GET,BookDetailsJoin,HTTP/1.1,default,,200,,,BookDetailsJoin,,
http_req_failed,1780771088,0.000000,,,,true,,GET,BookDetailsJoin,HTTP/1.1,default,,200,,,BookDetailsJoin,,
checks,1780771088,1.000000,Book details status is 200,,,,,,,,default,,,,,,,
http_reqs,1780771088,1.000000,,,,true,,GET,BookDetailsJoin,HTTP/1.1,default,,200,,,BookDetailsJoin,,
http_req_duration,1780771088,19583.894600,,,,true,,GET,BookDetailsJoin,HTTP/1.1,default,,200,,,BookDetailsJoin,,
http_req_blocked,1780771088,0.000000,,,,true,,GET,BookDetailsJoin,HTTP/1.1,default,,200,,,BookDetailsJoin,,
http_req_connecting,1780771088,0.000000,,,,true,,GET,BookDetailsJoin,HTTP/1.1,default,,200,,,BookDetailsJoin,,
http_req_tls_handshaking,1780771088,0.000000,,,,true,,GET,BookDetailsJoin,HTTP/1.1,default,,200,,,BookDetailsJoin,,
http_req_sending,1780771088,0.000000,,,,true,,GET,BookDetailsJoin,HTTP/1.1,default,,200,,,BookDetailsJoin,,
http_req_waiting,1780771088,19583.239100,,,,true,,GET,BookDetailsJoin,HTTP/1.1,default,,200,,,BookDetailsJoin,,
http_req_receiving,1780771088,0.655500,,,,true,,GET,BookDetailsJoin,HTTP/1.1,default,,200,,,BookDetailsJoin,,
http_req_failed,1780771088,0.000000,,,,true,,GET,BookDetailsJoin,HTTP/1.1,default,,200,,,BookDetailsJoin,,
checks,1780771088,1.000000,Book details status is 200,,,,,,,,default,,,,,,,
vus,1780771088,48.000000,,,,,,,,,,,,,,,,
vus_max,1780771088,50.000000,,,,,,,,,,,,,,,,
http_reqs,1780771088,1.000000,,,,true,,GET,BookDetailsJoin,HTTP/1.1,default,,200,,,BookDetailsJoin,,
http_req_duration,1780771088,23099.608400,,,,true,,GET,BookDetailsJoin,HTTP/1.1,default,,200,,,BookDetailsJoin,,
http_req_blocked,1780771088,0.000000,,,,true,,GET,BookDetailsJoin,HTTP/1.1,default,,200,,,BookDetailsJoin,,
http_req_connecting,1780771088,0.000000,,,,true,,GET,BookDetailsJoin,HTTP/1.1,default,,200,,,BookDetailsJoin,,
http_req_tls_handshaking,1780771088,0.000000,,,,true,,GET,BookDetailsJoin,HTTP/1.1,default,,200,,,BookDetailsJoin,,
http_req_sending,1780771088,0.000000,,,,true,,GET,BookDetailsJoin,HTTP/1.1,default,,200,,,BookDetailsJoin,,
http_req_waiting,1780771088,23098.285400,,,,true,,GET,BookDetailsJoin,HTTP/1.1,default,,200,,,BookDetailsJoin,,
http_req_receiving,1780771088,1.323000,,,,true,,GET,BookDetailsJoin,HTTP/1.1,default,,200,,,BookDetailsJoin,,
http_req_failed,1780771088,0.000000,,,,true,,GET,BookDetailsJoin,HTTP/1.1,default,,200,,,BookDetailsJoin,,
checks,1780771088,1.000000,Book details status is 200,,,,,,,,default,,,,,,,
http_reqs,1780771088,1.000000,,,,true,,GET,BookDetailsJoin,HTTP/1.1,default,,200,,,BookDetailsJoin,,
http_req_duration,1780771088,21716.197200,,,,true,,GET,BookDetailsJoin,HTTP/1.1,default,,200,,,BookDetailsJoin,,
http_req_blocked,1780771088,0.000000,,,,true,,GET,BookDetailsJoin,HTTP/1.1,default,,200,,,BookDetailsJoin,,
http_req_connecting,1780771088,0.000000,,,,true,,GET,BookDetailsJoin,HTTP/1.1,default,,200,,,BookDetailsJoin,,
http_req_tls_handshaking,1780771088,0.000000,,,,true,,GET,BookDetailsJoin,HTTP/1.1,default,,200,,,BookDetailsJoin,,
http_req_sending,1780771088,0.000000,,,,true,,GET,BookDetailsJoin,HTTP/1.1,default,,200,,,BookDetailsJoin,,
http_req_waiting,1780771088,21715.671300,,,,true,,GET,BookDetailsJoin,HTTP/1.1,default,,200,,,BookDetailsJoin,,
http_req_receiving,1780771088,0.525900,,,,true,,GET,BookDetailsJoin,HTTP/1.1,default,,200,,,BookDetailsJoin,,
http_req_failed,1780771088,0.000000,,,,true,,GET,BookDetailsJoin,HTTP/1.1,default,,200,,,BookDetailsJoin,,
checks,1780771088,1.000000,Book details status is 200,,,,,,,,default,,,,,,,
http_reqs,1780771088,1.000000,,,,true,,GET,BookDetailsJoin,HTTP/1.1,default,,200,,,BookDetailsJoin,,
http_req_duration,1780771088,20719.600700,,,,true,,GET,BookDetailsJoin,HTTP/1.1,default,,200,,,BookDetailsJoin,,
http_req_blocked,1780771088,0.000000,,,,true,,GET,BookDetailsJoin,HTTP/1.1,default,,200,,,BookDetailsJoin,,
http_req_connecting,1780771088,0.000000,,,,true,,GET,BookDetailsJoin,HTTP/1.1,default,,200,,,BookDetailsJoin,,
http_req_tls_handshaking,1780771088,0.000000,,,,true,,GET,BookDetailsJoin,HTTP/1.1,default,,200,,,BookDetailsJoin,,
http_req_sending,1780771088,0.000000,,,,true,,GET,BookDetailsJoin,HTTP/1.1,default,,200,,,BookDetailsJoin,,
http_req_waiting,1780771088,20718.000500,,,,true,,GET,BookDetailsJoin,HTTP/1.1,default,,200,,,BookDetailsJoin,,
http_req_receiving,1780771088,1.600200,,,,true,,GET,BookDetailsJoin,HTTP/1.1,default,,200,,,BookDetailsJoin,,
http_req_failed,1780771088,0.000000,,,,true,,GET,BookDetailsJoin,HTTP/1.1,default,,200,,,BookDetailsJoin,,
checks,1780771088,1.000000,Book details status is 200,,,,,,,,default,,,,,,,
http_reqs,1780771089,1.000000,,,,true,,GET,PublicCatalog,HTTP/1.1,default,,200,,,PublicCatalog,,
http_req_duration,1780771089,26047.708900,,,,true,,GET,PublicCatalog,HTTP/1.1,default,,200,,,PublicCatalog,,
http_req_blocked,1780771089,0.000000,,,,true,,GET,PublicCatalog,HTTP/1.1,default,,200,,,PublicCatalog,,
http_req_connecting,1780771089,0.000000,,,,true,,GET,PublicCatalog,HTTP/1.1,default,,200,,,PublicCatalog,,
http_req_tls_handshaking,1780771089,0.000000,,,,true,,GET,PublicCatalog,HTTP/1.1,default,,200,,,PublicCatalog,,
http_req_sending,1780771089,0.000000,,,,true,,GET,PublicCatalog,HTTP/1.1,default,,200,,,PublicCatalog,,
http_req_waiting,1780771089,26046.793200,,,,true,,GET,PublicCatalog,HTTP/1.1,default,,200,,,PublicCatalog,,
http_req_receiving,1780771089,0.915700,,,,true,,GET,PublicCatalog,HTTP/1.1,default,,200,,,PublicCatalog,,
http_req_failed,1780771089,0.000000,,,,true,,GET,PublicCatalog,HTTP/1.1,default,,200,,,PublicCatalog,,
checks,1780771089,1.000000,Catalog page status is 200,,,,,,,,default,,,,,,,
http_reqs,1780771089,1.000000,,,,true,,GET,PublicCatalog,HTTP/1.1,default,,200,,,PublicCatalog,,
http_req_duration,1780771089,19374.451700,,,,true,,GET,PublicCatalog,HTTP/1.1,default,,200,,,PublicCatalog,,
http_req_blocked,1780771089,0.000000,,,,true,,GET,PublicCatalog,HTTP/1.1,default,,200,,,PublicCatalog,,
http_req_connecting,1780771089,0.000000,,,,true,,GET,PublicCatalog,HTTP/1.1,default,,200,,,PublicCatalog,,
http_req_tls_handshaking,1780771089,0.000000,,,,true,,GET,PublicCatalog,HTTP/1.1,default,,200,,,PublicCatalog,,
http_req_sending,1780771089,0.000000,,,,true,,GET,PublicCatalog,HTTP/1.1,default,,200,,,PublicCatalog,,
http_req_waiting,1780771089,19373.016900,,,,true,,GET,PublicCatalog,HTTP/1.1,default,,200,,,PublicCatalog,,
http_req_receiving,1780771089,1.434800,,,,true,,GET,PublicCatalog,HTTP/1.1,default,,200,,,PublicCatalog,,
http_req_failed,1780771089,0.000000,,,,true,,GET,PublicCatalog,HTTP/1.1,default,,200,,,PublicCatalog,,
checks,1780771089,1.000000,Catalog page status is 200,,,,,,,,default,,,,,,,
vus,1780771089,48.000000,,,,,,,,,,,,,,,,
vus_max,1780771089,50.000000,,,,,,,,,,,,,,,,
http_reqs,1780771090,1.000000,,,,true,,GET,LandingPage,HTTP/1.1,default,,200,,,LandingPage,,
http_req_duration,1780771090,7368.893300,,,,true,,GET,LandingPage,HTTP/1.1,default,,200,,,LandingPage,,
http_req_blocked,1780771090,0.000000,,,,true,,GET,LandingPage,HTTP/1.1,default,,200,,,LandingPage,,
http_req_connecting,1780771090,0.000000,,,,true,,GET,LandingPage,HTTP/1.1,default,,200,,,LandingPage,,
http_req_tls_handshaking,1780771090,0.000000,,,,true,,GET,LandingPage,HTTP/1.1,default,,200,,,LandingPage,,
http_req_sending,1780771090,0.000000,,,,true,,GET,LandingPage,HTTP/1.1,default,,200,,,LandingPage,,
http_req_waiting,1780771090,7368.094800,,,,true,,GET,LandingPage,HTTP/1.1,default,,200,,,LandingPage,,
http_req_receiving,1780771090,0.798500,,,,true,,GET,LandingPage,HTTP/1.1,default,,200,,,LandingPage,,
http_req_failed,1780771090,0.000000,,,,true,,GET,LandingPage,HTTP/1.1,default,,200,,,LandingPage,,
checks,1780771090,1.000000,Home page status is 200,,,,,,,,default,,,,,,,
latency_cold_start,1780771090,1778.000000,,,,,,,,,default,,,,,,,
vus,1780771090,49.000000,,,,,,,,,,,,,,,,
vus_max,1780771090,50.000000,,,,,,,,,,,,,,,,
data_sent,1780771090,264.000000,,,,,,,,,default,,,,,,,
data_received,1780771090,110651.000000,,,,,,,,,default,,,,,,,
iteration_duration,1780771090,46344.312900,,,,,,,,,default,,,,,,,
iterations,1780771090,1.000000,,,,,,,,,default,,,,,,,
data_sent,1780771090,264.000000,,,,,,,,,default,,,,,,,
data_received,1780771090,110548.000000,,,,,,,,,default,,,,,,,
iteration_duration,1780771090,47761.152400,,,,,,,,,default,,,,,,,
iterations,1780771090,1.000000,,,,,,,,,default,,,,,,,
http_reqs,1780771091,1.000000,,,,true,,GET,LandingPage,HTTP/1.1,default,,200,,,LandingPage,,
http_req_duration,1780771091,7711.027600,,,,true,,GET,LandingPage,HTTP/1.1,default,,200,,,LandingPage,,
http_req_blocked,1780771091,0.000000,,,,true,,GET,LandingPage,HTTP/1.1,default,,200,,,LandingPage,,
http_req_connecting,1780771091,0.000000,,,,true,,GET,LandingPage,HTTP/1.1,default,,200,,,LandingPage,,
http_req_tls_handshaking,1780771091,0.000000,,,,true,,GET,LandingPage,HTTP/1.1,default,,200,,,LandingPage,,
http_req_sending,1780771091,0.990300,,,,true,,GET,LandingPage,HTTP/1.1,default,,200,,,LandingPage,,
http_req_waiting,1780771091,7706.686400,,,,true,,GET,LandingPage,HTTP/1.1,default,,200,,,LandingPage,,
http_req_receiving,1780771091,3.350900,,,,true,,GET,LandingPage,HTTP/1.1,default,,200,,,LandingPage,,
http_req_failed,1780771091,0.000000,,,,true,,GET,LandingPage,HTTP/1.1,default,,200,,,LandingPage,,
checks,1780771091,1.000000,Home page status is 200,,,,,,,,default,,,,,,,
data_sent,1780771091,264.000000,,,,,,,,,default,,,,,,,
data_received,1780771091,110579.000000,,,,,,,,,default,,,,,,,
iteration_duration,1780771091,48719.132300,,,,,,,,,default,,,,,,,
iterations,1780771091,1.000000,,,,,,,,,default,,,,,,,
data_sent,1780771091,264.000000,,,,,,,,,default,,,,,,,
data_received,1780771091,110850.000000,,,,,,,,,default,,,,,,,
iteration_duration,1780771091,47726.231800,,,,,,,,,default,,,,,,,
iterations,1780771091,1.000000,,,,,,,,,default,,,,,,,
http_reqs,1780771091,1.000000,,,,true,,GET,LandingPage,HTTP/1.1,default,,200,,,LandingPage,,
http_req_duration,1780771091,7906.066200,,,,true,,GET,LandingPage,HTTP/1.1,default,,200,,,LandingPage,,
http_req_blocked,1780771091,0.000000,,,,true,,GET,LandingPage,HTTP/1.1,default,,200,,,LandingPage,,
http_req_connecting,1780771091,0.000000,,,,true,,GET,LandingPage,HTTP/1.1,default,,200,,,LandingPage,,
http_req_tls_handshaking,1780771091,0.000000,,,,true,,GET,LandingPage,HTTP/1.1,default,,200,,,LandingPage,,
http_req_sending,1780771091,0.000000,,,,true,,GET,LandingPage,HTTP/1.1,default,,200,,,LandingPage,,
http_req_waiting,1780771091,7905.418300,,,,true,,GET,LandingPage,HTTP/1.1,default,,200,,,LandingPage,,
http_req_receiving,1780771091,0.647900,,,,true,,GET,LandingPage,HTTP/1.1,default,,200,,,LandingPage,,
http_req_failed,1780771091,0.000000,,,,true,,GET,LandingPage,HTTP/1.1,default,,200,,,LandingPage,,
checks,1780771091,1.000000,Home page status is 200,,,,,,,,default,,,,,,,
data_sent,1780771091,264.000000,,,,,,,,,default,,,,,,,
data_received,1780771091,110163.000000,,,,,,,,,default,,,,,,,
iteration_duration,1780771091,55079.707100,,,,,,,,,default,,,,,,,
iterations,1780771091,1.000000,,,,,,,,,default,,,,,,,
vus,1780771091,49.000000,,,,,,,,,,,,,,,,
vus_max,1780771091,50.000000,,,,,,,,,,,,,,,,
data_sent,1780771091,264.000000,,,,,,,,,default,,,,,,,
data_received,1780771091,110886.000000,,,,,,,,,default,,,,,,,
iteration_duration,1780771091,47719.042000,,,,,,,,,default,,,,,,,
iterations,1780771091,1.000000,,,,,,,,,default,,,,,,,
http_reqs,1780771091,1.000000,,,,true,,GET,LandingPage,HTTP/1.1,default,,200,,,LandingPage,,
http_req_duration,1780771091,7838.681700,,,,true,,GET,LandingPage,HTTP/1.1,default,,200,,,LandingPage,,
http_req_blocked,1780771091,0.000000,,,,true,,GET,LandingPage,HTTP/1.1,default,,200,,,LandingPage,,
http_req_connecting,1780771091,0.000000,,,,true,,GET,LandingPage,HTTP/1.1,default,,200,,,LandingPage,,
http_req_tls_handshaking,1780771091,0.000000,,,,true,,GET,LandingPage,HTTP/1.1,default,,200,,,LandingPage,,
http_req_sending,1780771091,0.000000,,,,true,,GET,LandingPage,HTTP/1.1,default,,200,,,LandingPage,,
http_req_waiting,1780771091,7837.722700,,,,true,,GET,LandingPage,HTTP/1.1,default,,200,,,LandingPage,,
http_req_receiving,1780771091,0.959000,,,,true,,GET,LandingPage,HTTP/1.1,default,,200,,,LandingPage,,
http_req_failed,1780771091,0.000000,,,,true,,GET,LandingPage,HTTP/1.1,default,,200,,,LandingPage,,
checks,1780771091,1.000000,Home page status is 200,,,,,,,,default,,,,,,,
data_sent,1780771091,264.000000,,,,,,,,,default,,,,,,,
data_received,1780771091,110412.000000,,,,,,,,,default,,,,,,,
iteration_duration,1780771091,48134.558400,,,,,,,,,default,,,,,,,
iterations,1780771091,1.000000,,,,,,,,,default,,,,,,,
data_sent,1780771091,264.000000,,,,,,,,,default,,,,,,,
data_received,1780771091,110820.000000,,,,,,,,,default,,,,,,,
iteration_duration,1780771091,47032.427900,,,,,,,,,default,,,,,,,
iterations,1780771091,1.000000,,,,,,,,,default,,,,,,,
http_reqs,1780771092,1.000000,,,,true,,GET,LandingPage,HTTP/1.1,default,,200,,,LandingPage,,
http_req_duration,1780771092,8290.380000,,,,true,,GET,LandingPage,HTTP/1.1,default,,200,,,LandingPage,,
http_req_blocked,1780771092,0.000000,,,,true,,GET,LandingPage,HTTP/1.1,default,,200,,,LandingPage,,
http_req_connecting,1780771092,0.000000,,,,true,,GET,LandingPage,HTTP/1.1,default,,200,,,LandingPage,,
http_req_tls_handshaking,1780771092,0.000000,,,,true,,GET,LandingPage,HTTP/1.1,default,,200,,,LandingPage,,
http_req_sending,1780771092,0.000000,,,,true,,GET,LandingPage,HTTP/1.1,default,,200,,,LandingPage,,
http_req_waiting,1780771092,8289.331900,,,,true,,GET,LandingPage,HTTP/1.1,default,,200,,,LandingPage,,
http_req_receiving,1780771092,1.048100,,,,true,,GET,LandingPage,HTTP/1.1,default,,200,,,LandingPage,,
http_req_failed,1780771092,0.000000,,,,true,,GET,LandingPage,HTTP/1.1,default,,200,,,LandingPage,,
checks,1780771092,1.000000,Home page status is 200,,,,,,,,default,,,,,,,
vus,1780771092,49.000000,,,,,,,,,,,,,,,,
vus_max,1780771092,50.000000,,,,,,,,,,,,,,,,
http_reqs,1780771092,1.000000,,,,true,,GET,LandingPage,HTTP/1.1,default,,200,,,LandingPage,,
http_req_duration,1780771092,8858.755000,,,,true,,GET,LandingPage,HTTP/1.1,default,,200,,,LandingPage,,
http_req_blocked,1780771092,0.000000,,,,true,,GET,LandingPage,HTTP/1.1,default,,200,,,LandingPage,,
http_req_connecting,1780771092,0.000000,,,,true,,GET,LandingPage,HTTP/1.1,default,,200,,,LandingPage,,
http_req_tls_handshaking,1780771092,0.000000,,,,true,,GET,LandingPage,HTTP/1.1,default,,200,,,LandingPage,,
http_req_sending,1780771092,0.000000,,,,true,,GET,LandingPage,HTTP/1.1,default,,200,,,LandingPage,,
http_req_waiting,1780771092,8858.132500,,,,true,,GET,LandingPage,HTTP/1.1,default,,200,,,LandingPage,,
http_req_receiving,1780771092,0.622500,,,,true,,GET,LandingPage,HTTP/1.1,default,,200,,,LandingPage,,
http_req_failed,1780771092,0.000000,,,,true,,GET,LandingPage,HTTP/1.1,default,,200,,,LandingPage,,
checks,1780771092,1.000000,Home page status is 200,,,,,,,,default,,,,,,,
http_reqs,1780771093,1.000000,,,,true,,GET,LandingPage,HTTP/1.1,default,,200,,,LandingPage,,
http_req_duration,1780771093,8898.698600,,,,true,,GET,LandingPage,HTTP/1.1,default,,200,,,LandingPage,,
http_req_blocked,1780771093,0.000000,,,,true,,GET,LandingPage,HTTP/1.1,default,,200,,,LandingPage,,
http_req_connecting,1780771093,0.000000,,,,true,,GET,LandingPage,HTTP/1.1,default,,200,,,LandingPage,,
http_req_tls_handshaking,1780771093,0.000000,,,,true,,GET,LandingPage,HTTP/1.1,default,,200,,,LandingPage,,
http_req_sending,1780771093,0.000000,,,,true,,GET,LandingPage,HTTP/1.1,default,,200,,,LandingPage,,
http_req_waiting,1780771093,8896.943100,,,,true,,GET,LandingPage,HTTP/1.1,default,,200,,,LandingPage,,
http_req_receiving,1780771093,1.755500,,,,true,,GET,LandingPage,HTTP/1.1,default,,200,,,LandingPage,,
http_req_failed,1780771093,0.000000,,,,true,,GET,LandingPage,HTTP/1.1,default,,200,,,LandingPage,,
checks,1780771093,1.000000,Home page status is 200,,,,,,,,default,,,,,,,
http_reqs,1780771093,1.000000,,,,true,,GET,BookDetailsJoin,HTTP/1.1,default,,200,,,BookDetailsJoin,,
http_req_duration,1780771093,22999.143500,,,,true,,GET,BookDetailsJoin,HTTP/1.1,default,,200,,,BookDetailsJoin,,
http_req_blocked,1780771093,0.000000,,,,true,,GET,BookDetailsJoin,HTTP/1.1,default,,200,,,BookDetailsJoin,,
http_req_connecting,1780771093,0.000000,,,,true,,GET,BookDetailsJoin,HTTP/1.1,default,,200,,,BookDetailsJoin,,
http_req_tls_handshaking,1780771093,0.000000,,,,true,,GET,BookDetailsJoin,HTTP/1.1,default,,200,,,BookDetailsJoin,,
http_req_sending,1780771093,0.000000,,,,true,,GET,BookDetailsJoin,HTTP/1.1,default,,200,,,BookDetailsJoin,,
http_req_waiting,1780771093,22997.629100,,,,true,,GET,BookDetailsJoin,HTTP/1.1,default,,200,,,BookDetailsJoin,,
http_req_receiving,1780771093,1.514400,,,,true,,GET,BookDetailsJoin,HTTP/1.1,default,,200,,,BookDetailsJoin,,
http_req_failed,1780771093,0.000000,,,,true,,GET,BookDetailsJoin,HTTP/1.1,default,,200,,,BookDetailsJoin,,
checks,1780771093,1.000000,Book details status is 200,,,,,,,,default,,,,,,,
vus,1780771093,49.000000,,,,,,,,,,,,,,,,
vus_max,1780771093,50.000000,,,,,,,,,,,,,,,,
http_reqs,1780771094,1.000000,,,,true,,GET,LandingPage,HTTP/1.1,default,,200,,,LandingPage,,
http_req_duration,1780771094,9648.301400,,,,true,,GET,LandingPage,HTTP/1.1,default,,200,,,LandingPage,,
http_req_blocked,1780771094,2.112400,,,,true,,GET,LandingPage,HTTP/1.1,default,,200,,,LandingPage,,
http_req_connecting,1780771094,1.727100,,,,true,,GET,LandingPage,HTTP/1.1,default,,200,,,LandingPage,,
http_req_tls_handshaking,1780771094,0.000000,,,,true,,GET,LandingPage,HTTP/1.1,default,,200,,,LandingPage,,
http_req_sending,1780771094,0.385300,,,,true,,GET,LandingPage,HTTP/1.1,default,,200,,,LandingPage,,
http_req_waiting,1780771094,9647.916100,,,,true,,GET,LandingPage,HTTP/1.1,default,,200,,,LandingPage,,
http_req_receiving,1780771094,0.000000,,,,true,,GET,LandingPage,HTTP/1.1,default,,200,,,LandingPage,,
http_req_failed,1780771094,0.000000,,,,true,,GET,LandingPage,HTTP/1.1,default,,200,,,LandingPage,,
checks,1780771094,1.000000,Home page status is 200,,,,,,,,default,,,,,,,
http_reqs,1780771094,1.000000,,,,true,,GET,BookDetailsJoin,HTTP/1.1,default,,200,,,BookDetailsJoin,,
http_req_duration,1780771094,22818.386300,,,,true,,GET,BookDetailsJoin,HTTP/1.1,default,,200,,,BookDetailsJoin,,
http_req_blocked,1780771094,0.000000,,,,true,,GET,BookDetailsJoin,HTTP/1.1,default,,200,,,BookDetailsJoin,,
http_req_connecting,1780771094,0.000000,,,,true,,GET,BookDetailsJoin,HTTP/1.1,default,,200,,,BookDetailsJoin,,
http_req_tls_handshaking,1780771094,0.000000,,,,true,,GET,BookDetailsJoin,HTTP/1.1,default,,200,,,BookDetailsJoin,,
http_req_sending,1780771094,0.000000,,,,true,,GET,BookDetailsJoin,HTTP/1.1,default,,200,,,BookDetailsJoin,,
http_req_waiting,1780771094,22816.990200,,,,true,,GET,BookDetailsJoin,HTTP/1.1,default,,200,,,BookDetailsJoin,,
http_req_receiving,1780771094,1.396100,,,,true,,GET,BookDetailsJoin,HTTP/1.1,default,,200,,,BookDetailsJoin,,
http_req_failed,1780771094,0.000000,,,,true,,GET,BookDetailsJoin,HTTP/1.1,default,,200,,,BookDetailsJoin,,
checks,1780771094,1.000000,Book details status is 200,,,,,,,,default,,,,,,,
vus,1780771094,49.000000,,,,,,,,,,,,,,,,
vus_max,1780771094,50.000000,,,,,,,,,,,,,,,,
http_reqs,1780771094,1.000000,,,,true,,GET,BookDetailsJoin,HTTP/1.1,default,,200,,,BookDetailsJoin,,
http_req_duration,1780771094,23484.155800,,,,true,,GET,BookDetailsJoin,HTTP/1.1,default,,200,,,BookDetailsJoin,,
http_req_blocked,1780771094,0.000000,,,,true,,GET,BookDetailsJoin,HTTP/1.1,default,,200,,,BookDetailsJoin,,
http_req_connecting,1780771094,0.000000,,,,true,,GET,BookDetailsJoin,HTTP/1.1,default,,200,,,BookDetailsJoin,,
http_req_tls_handshaking,1780771094,0.000000,,,,true,,GET,BookDetailsJoin,HTTP/1.1,default,,200,,,BookDetailsJoin,,
http_req_sending,1780771094,0.000000,,,,true,,GET,BookDetailsJoin,HTTP/1.1,default,,200,,,BookDetailsJoin,,
http_req_waiting,1780771094,23484.155800,,,,true,,GET,BookDetailsJoin,HTTP/1.1,default,,200,,,BookDetailsJoin,,
http_req_receiving,1780771094,0.000000,,,,true,,GET,BookDetailsJoin,HTTP/1.1,default,,200,,,BookDetailsJoin,,
http_req_failed,1780771094,0.000000,,,,true,,GET,BookDetailsJoin,HTTP/1.1,default,,200,,,BookDetailsJoin,,
checks,1780771094,1.000000,Book details status is 200,,,,,,,,default,,,,,,,
http_reqs,1780771095,1.000000,,,,true,,GET,PublicCatalog,HTTP/1.1,default,,200,,,PublicCatalog,,
http_req_duration,1780771095,23562.004200,,,,true,,GET,PublicCatalog,HTTP/1.1,default,,200,,,PublicCatalog,,
http_req_blocked,1780771095,0.000000,,,,true,,GET,PublicCatalog,HTTP/1.1,default,,200,,,PublicCatalog,,
http_req_connecting,1780771095,0.000000,,,,true,,GET,PublicCatalog,HTTP/1.1,default,,200,,,PublicCatalog,,
http_req_tls_handshaking,1780771095,0.000000,,,,true,,GET,PublicCatalog,HTTP/1.1,default,,200,,,PublicCatalog,,
http_req_sending,1780771095,0.000000,,,,true,,GET,PublicCatalog,HTTP/1.1,default,,200,,,PublicCatalog,,
http_req_waiting,1780771095,23559.880700,,,,true,,GET,PublicCatalog,HTTP/1.1,default,,200,,,PublicCatalog,,
http_req_receiving,1780771095,2.123500,,,,true,,GET,PublicCatalog,HTTP/1.1,default,,200,,,PublicCatalog,,
http_req_failed,1780771095,0.000000,,,,true,,GET,PublicCatalog,HTTP/1.1,default,,200,,,PublicCatalog,,
checks,1780771095,1.000000,Catalog page status is 200,,,,,,,,default,,,,,,,
vus,1780771095,49.000000,,,,,,,,,,,,,,,,
vus_max,1780771095,50.000000,,,,,,,,,,,,,,,,
http_reqs,1780771096,1.000000,,,,true,,GET,PublicCatalog,HTTP/1.1,default,,200,,,PublicCatalog,,
http_req_duration,1780771096,21523.338500,,,,true,,GET,PublicCatalog,HTTP/1.1,default,,200,,,PublicCatalog,,
http_req_blocked,1780771096,0.000000,,,,true,,GET,PublicCatalog,HTTP/1.1,default,,200,,,PublicCatalog,,
http_req_connecting,1780771096,0.000000,,,,true,,GET,PublicCatalog,HTTP/1.1,default,,200,,,PublicCatalog,,
http_req_tls_handshaking,1780771096,0.000000,,,,true,,GET,PublicCatalog,HTTP/1.1,default,,200,,,PublicCatalog,,
http_req_sending,1780771096,0.000000,,,,true,,GET,PublicCatalog,HTTP/1.1,default,,200,,,PublicCatalog,,
http_req_waiting,1780771096,21521.824200,,,,true,,GET,PublicCatalog,HTTP/1.1,default,,200,,,PublicCatalog,,
http_req_receiving,1780771096,1.514300,,,,true,,GET,PublicCatalog,HTTP/1.1,default,,200,,,PublicCatalog,,
http_req_failed,1780771096,0.000000,,,,true,,GET,PublicCatalog,HTTP/1.1,default,,200,,,PublicCatalog,,
checks,1780771096,1.000000,Catalog page status is 200,,,,,,,,default,,,,,,,
latency_cold_start,1780771096,1778.000000,,,,,,,,,default,,,,,,,
http_reqs,1780771096,1.000000,,,,true,,GET,PublicCatalog,HTTP/1.1,default,,200,,,PublicCatalog,,
http_req_duration,1780771096,21100.868000,,,,true,,GET,PublicCatalog,HTTP/1.1,default,,200,,,PublicCatalog,,
http_req_blocked,1780771096,0.000000,,,,true,,GET,PublicCatalog,HTTP/1.1,default,,200,,,PublicCatalog,,
http_req_connecting,1780771096,0.000000,,,,true,,GET,PublicCatalog,HTTP/1.1,default,,200,,,PublicCatalog,,
http_req_tls_handshaking,1780771096,0.000000,,,,true,,GET,PublicCatalog,HTTP/1.1,default,,200,,,PublicCatalog,,
http_req_sending,1780771096,0.000000,,,,true,,GET,PublicCatalog,HTTP/1.1,default,,200,,,PublicCatalog,,
http_req_waiting,1780771096,21099.798100,,,,true,,GET,PublicCatalog,HTTP/1.1,default,,200,,,PublicCatalog,,
http_req_receiving,1780771096,1.069900,,,,true,,GET,PublicCatalog,HTTP/1.1,default,,200,,,PublicCatalog,,
http_req_failed,1780771096,0.000000,,,,true,,GET,PublicCatalog,HTTP/1.1,default,,200,,,PublicCatalog,,
checks,1780771096,1.000000,Catalog page status is 200,,,,,,,,default,,,,,,,
data_sent,1780771096,264.000000,,,,,,,,,default,,,,,,,
data_received,1780771096,110156.000000,,,,,,,,,default,,,,,,,
iteration_duration,1780771096,53220.484100,,,,,,,,,default,,,,,,,
iterations,1780771096,1.000000,,,,,,,,,default,,,,,,,
vus,1780771096,50.000000,,,,,,,,,,,,,,,,
vus_max,1780771096,50.000000,,,,,,,,,,,,,,,,
http_reqs,1780771096,1.000000,,,,true,,GET,PublicCatalog,HTTP/1.1,default,,200,,,PublicCatalog,,
http_req_duration,1780771096,19065.311400,,,,true,,GET,PublicCatalog,HTTP/1.1,default,,200,,,PublicCatalog,,
http_req_blocked,1780771096,0.000000,,,,true,,GET,PublicCatalog,HTTP/1.1,default,,200,,,PublicCatalog,,
http_req_connecting,1780771096,0.000000,,,,true,,GET,PublicCatalog,HTTP/1.1,default,,200,,,PublicCatalog,,
http_req_tls_handshaking,1780771096,0.000000,,,,true,,GET,PublicCatalog,HTTP/1.1,default,,200,,,PublicCatalog,,
http_req_sending,1780771096,0.000000,,,,true,,GET,PublicCatalog,HTTP/1.1,default,,200,,,PublicCatalog,,
http_req_waiting,1780771096,19064.477000,,,,true,,GET,PublicCatalog,HTTP/1.1,default,,200,,,PublicCatalog,,
http_req_receiving,1780771096,0.834400,,,,true,,GET,PublicCatalog,HTTP/1.1,default,,200,,,PublicCatalog,,
http_req_failed,1780771096,0.000000,,,,true,,GET,PublicCatalog,HTTP/1.1,default,,200,,,PublicCatalog,,
checks,1780771096,1.000000,Catalog page status is 200,,,,,,,,default,,,,,,,
data_sent,1780771097,264.000000,,,,,,,,,default,,,,,,,
data_received,1780771097,110739.000000,,,,,,,,,default,,,,,,,
iteration_duration,1780771097,53892.660400,,,,,,,,,default,,,,,,,
iterations,1780771097,1.000000,,,,,,,,,default,,,,,,,
http_reqs,1780771097,1.000000,,,,true,,GET,PublicCatalog,HTTP/1.1,default,,200,,,PublicCatalog,,
http_req_duration,1780771097,17847.248000,,,,true,,GET,PublicCatalog,HTTP/1.1,default,,200,,,PublicCatalog,,
http_req_blocked,1780771097,0.000000,,,,true,,GET,PublicCatalog,HTTP/1.1,default,,200,,,PublicCatalog,,
http_req_connecting,1780771097,0.000000,,,,true,,GET,PublicCatalog,HTTP/1.1,default,,200,,,PublicCatalog,,
http_req_tls_handshaking,1780771097,0.000000,,,,true,,GET,PublicCatalog,HTTP/1.1,default,,200,,,PublicCatalog,,
http_req_sending,1780771097,0.000000,,,,true,,GET,PublicCatalog,HTTP/1.1,default,,200,,,PublicCatalog,,
http_req_waiting,1780771097,17846.234600,,,,true,,GET,PublicCatalog,HTTP/1.1,default,,200,,,PublicCatalog,,
http_req_receiving,1780771097,1.013400,,,,true,,GET,PublicCatalog,HTTP/1.1,default,,200,,,PublicCatalog,,
http_req_failed,1780771097,0.000000,,,,true,,GET,PublicCatalog,HTTP/1.1,default,,200,,,PublicCatalog,,
checks,1780771097,1.000000,Catalog page status is 200,,,,,,,,default,,,,,,,
vus,1780771097,50.000000,,,,,,,,,,,,,,,,
vus_max,1780771097,50.000000,,,,,,,,,,,,,,,,
data_sent,1780771097,264.000000,,,,,,,,,default,,,,,,,
data_received,1780771097,110901.000000,,,,,,,,,default,,,,,,,
iteration_duration,1780771097,52131.172200,,,,,,,,,default,,,,,,,
iterations,1780771097,1.000000,,,,,,,,,default,,,,,,,
http_reqs,1780771097,1.000000,,,,true,,GET,PublicCatalog,HTTP/1.1,default,,200,,,PublicCatalog,,
http_req_duration,1780771097,26131.549000,,,,true,,GET,PublicCatalog,HTTP/1.1,default,,200,,,PublicCatalog,,
http_req_blocked,1780771097,0.000000,,,,true,,GET,PublicCatalog,HTTP/1.1,default,,200,,,PublicCatalog,,
http_req_connecting,1780771097,0.000000,,,,true,,GET,PublicCatalog,HTTP/1.1,default,,200,,,PublicCatalog,,
http_req_tls_handshaking,1780771097,0.000000,,,,true,,GET,PublicCatalog,HTTP/1.1,default,,200,,,PublicCatalog,,
http_req_sending,1780771097,0.000000,,,,true,,GET,PublicCatalog,HTTP/1.1,default,,200,,,PublicCatalog,,
http_req_waiting,1780771097,26130.828000,,,,true,,GET,PublicCatalog,HTTP/1.1,default,,200,,,PublicCatalog,,
http_req_receiving,1780771097,0.721000,,,,true,,GET,PublicCatalog,HTTP/1.1,default,,200,,,PublicCatalog,,
http_req_failed,1780771097,0.000000,,,,true,,GET,PublicCatalog,HTTP/1.1,default,,200,,,PublicCatalog,,
checks,1780771097,1.000000,Catalog page status is 200,,,,,,,,default,,,,,,,
http_reqs,1780771098,1.000000,,,,true,,GET,PublicCatalog,HTTP/1.1,default,,200,,,PublicCatalog,,
http_req_duration,1780771098,22372.399600,,,,true,,GET,PublicCatalog,HTTP/1.1,default,,200,,,PublicCatalog,,
http_req_blocked,1780771098,0.000000,,,,true,,GET,PublicCatalog,HTTP/1.1,default,,200,,,PublicCatalog,,
http_req_connecting,1780771098,0.000000,,,,true,,GET,PublicCatalog,HTTP/1.1,default,,200,,,PublicCatalog,,
http_req_tls_handshaking,1780771098,0.000000,,,,true,,GET,PublicCatalog,HTTP/1.1,default,,200,,,PublicCatalog,,
http_req_sending,1780771098,0.000000,,,,true,,GET,PublicCatalog,HTTP/1.1,default,,200,,,PublicCatalog,,
http_req_waiting,1780771098,22370.639700,,,,true,,GET,PublicCatalog,HTTP/1.1,default,,200,,,PublicCatalog,,
http_req_receiving,1780771098,1.759900,,,,true,,GET,PublicCatalog,HTTP/1.1,default,,200,,,PublicCatalog,,
http_req_failed,1780771098,0.000000,,,,true,,GET,PublicCatalog,HTTP/1.1,default,,200,,,PublicCatalog,,
checks,1780771098,1.000000,Catalog page status is 200,,,,,,,,default,,,,,,,
vus,1780771098,50.000000,,,,,,,,,,,,,,,,
vus_max,1780771098,50.000000,,,,,,,,,,,,,,,,
http_reqs,1780771098,1.000000,,,,true,,GET,PublicCatalog,HTTP/1.1,default,,200,,,PublicCatalog,,
http_req_duration,1780771098,26517.163600,,,,true,,GET,PublicCatalog,HTTP/1.1,default,,200,,,PublicCatalog,,
http_req_blocked,1780771098,0.000000,,,,true,,GET,PublicCatalog,HTTP/1.1,default,,200,,,PublicCatalog,,
http_req_connecting,1780771098,0.000000,,,,true,,GET,PublicCatalog,HTTP/1.1,default,,200,,,PublicCatalog,,
http_req_tls_handshaking,1780771098,0.000000,,,,true,,GET,PublicCatalog,HTTP/1.1,default,,200,,,PublicCatalog,,
http_req_sending,1780771098,0.000000,,,,true,,GET,PublicCatalog,HTTP/1.1,default,,200,,,PublicCatalog,,
http_req_waiting,1780771098,26504.880000,,,,true,,GET,PublicCatalog,HTTP/1.1,default,,200,,,PublicCatalog,,
http_req_receiving,1780771098,12.283600,,,,true,,GET,PublicCatalog,HTTP/1.1,default,,200,,,PublicCatalog,,
http_req_failed,1780771098,0.000000,,,,true,,GET,PublicCatalog,HTTP/1.1,default,,200,,,PublicCatalog,,
checks,1780771098,1.000000,Catalog page status is 200,,,,,,,,default,,,,,,,
http_reqs,1780771099,1.000000,,,,true,,GET,PublicCatalog,HTTP/1.1,default,,200,,,PublicCatalog,,
http_req_duration,1780771099,26730.698400,,,,true,,GET,PublicCatalog,HTTP/1.1,default,,200,,,PublicCatalog,,
http_req_blocked,1780771099,0.000000,,,,true,,GET,PublicCatalog,HTTP/1.1,default,,200,,,PublicCatalog,,
http_req_connecting,1780771099,0.000000,,,,true,,GET,PublicCatalog,HTTP/1.1,default,,200,,,PublicCatalog,,
http_req_tls_handshaking,1780771099,0.000000,,,,true,,GET,PublicCatalog,HTTP/1.1,default,,200,,,PublicCatalog,,
http_req_sending,1780771099,0.000000,,,,true,,GET,PublicCatalog,HTTP/1.1,default,,200,,,PublicCatalog,,
http_req_waiting,1780771099,26730.059300,,,,true,,GET,PublicCatalog,HTTP/1.1,default,,200,,,PublicCatalog,,
http_req_receiving,1780771099,0.639100,,,,true,,GET,PublicCatalog,HTTP/1.1,default,,200,,,PublicCatalog,,
http_req_failed,1780771099,0.000000,,,,true,,GET,PublicCatalog,HTTP/1.1,default,,200,,,PublicCatalog,,
checks,1780771099,1.000000,Catalog page status is 200,,,,,,,,default,,,,,,,
vus,1780771099,50.000000,,,,,,,,,,,,,,,,
vus_max,1780771099,50.000000,,,,,,,,,,,,,,,,
http_reqs,1780771100,1.000000,,,,true,,GET,PublicCatalog,HTTP/1.1,default,,200,,,PublicCatalog,,
http_req_duration,1780771100,20188.712200,,,,true,,GET,PublicCatalog,HTTP/1.1,default,,200,,,PublicCatalog,,
http_req_blocked,1780771100,0.000000,,,,true,,GET,PublicCatalog,HTTP/1.1,default,,200,,,PublicCatalog,,
http_req_connecting,1780771100,0.000000,,,,true,,GET,PublicCatalog,HTTP/1.1,default,,200,,,PublicCatalog,,
http_req_tls_handshaking,1780771100,0.000000,,,,true,,GET,PublicCatalog,HTTP/1.1,default,,200,,,PublicCatalog,,
http_req_sending,1780771100,0.000000,,,,true,,GET,PublicCatalog,HTTP/1.1,default,,200,,,PublicCatalog,,
http_req_waiting,1780771100,20187.358200,,,,true,,GET,PublicCatalog,HTTP/1.1,default,,200,,,PublicCatalog,,
http_req_receiving,1780771100,1.354000,,,,true,,GET,PublicCatalog,HTTP/1.1,default,,200,,,PublicCatalog,,
http_req_failed,1780771100,0.000000,,,,true,,GET,PublicCatalog,HTTP/1.1,default,,200,,,PublicCatalog,,
checks,1780771100,1.000000,Catalog page status is 200,,,,,,,,default,,,,,,,
vus,1780771100,50.000000,,,,,,,,,,,,,,,,
vus_max,1780771100,50.000000,,,,,,,,,,,,,,,,
http_reqs,1780771100,1.000000,,,,true,,GET,PublicCatalog,HTTP/1.1,default,,200,,,PublicCatalog,,
http_req_duration,1780771100,20320.273800,,,,true,,GET,PublicCatalog,HTTP/1.1,default,,200,,,PublicCatalog,,
http_req_blocked,1780771100,0.000000,,,,true,,GET,PublicCatalog,HTTP/1.1,default,,200,,,PublicCatalog,,
http_req_connecting,1780771100,0.000000,,,,true,,GET,PublicCatalog,HTTP/1.1,default,,200,,,PublicCatalog,,
http_req_tls_handshaking,1780771100,0.000000,,,,true,,GET,PublicCatalog,HTTP/1.1,default,,200,,,PublicCatalog,,
http_req_sending,1780771100,0.000000,,,,true,,GET,PublicCatalog,HTTP/1.1,default,,200,,,PublicCatalog,,
http_req_waiting,1780771100,20317.532700,,,,true,,GET,PublicCatalog,HTTP/1.1,default,,200,,,PublicCatalog,,
http_req_receiving,1780771100,2.741100,,,,true,,GET,PublicCatalog,HTTP/1.1,default,,200,,,PublicCatalog,,
http_req_failed,1780771100,0.000000,,,,true,,GET,PublicCatalog,HTTP/1.1,default,,200,,,PublicCatalog,,
checks,1780771100,1.000000,Catalog page status is 200,,,,,,,,default,,,,,,,
http_reqs,1780771100,1.000000,,,,true,,GET,PublicCatalog,HTTP/1.1,default,,200,,,PublicCatalog,,
http_req_duration,1780771100,28833.435000,,,,true,,GET,PublicCatalog,HTTP/1.1,default,,200,,,PublicCatalog,,
http_req_blocked,1780771100,0.000000,,,,true,,GET,PublicCatalog,HTTP/1.1,default,,200,,,PublicCatalog,,
http_req_connecting,1780771100,0.000000,,,,true,,GET,PublicCatalog,HTTP/1.1,default,,200,,,PublicCatalog,,
http_req_tls_handshaking,1780771100,0.000000,,,,true,,GET,PublicCatalog,HTTP/1.1,default,,200,,,PublicCatalog,,
http_req_sending,1780771100,0.000000,,,,true,,GET,PublicCatalog,HTTP/1.1,default,,200,,,PublicCatalog,,
http_req_waiting,1780771100,28832.219600,,,,true,,GET,PublicCatalog,HTTP/1.1,default,,200,,,PublicCatalog,,
http_req_receiving,1780771100,1.215400,,,,true,,GET,PublicCatalog,HTTP/1.1,default,,200,,,PublicCatalog,,
http_req_failed,1780771100,0.000000,,,,true,,GET,PublicCatalog,HTTP/1.1,default,,200,,,PublicCatalog,,
checks,1780771100,1.000000,Catalog page status is 200,,,,,,,,default,,,,,,,
http_reqs,1780771101,1.000000,,,,true,,GET,PublicCatalog,HTTP/1.1,default,,200,,,PublicCatalog,,
http_req_duration,1780771101,24923.981000,,,,true,,GET,PublicCatalog,HTTP/1.1,default,,200,,,PublicCatalog,,
http_req_blocked,1780771101,0.000000,,,,true,,GET,PublicCatalog,HTTP/1.1,default,,200,,,PublicCatalog,,
http_req_connecting,1780771101,0.000000,,,,true,,GET,PublicCatalog,HTTP/1.1,default,,200,,,PublicCatalog,,
http_req_tls_handshaking,1780771101,0.000000,,,,true,,GET,PublicCatalog,HTTP/1.1,default,,200,,,PublicCatalog,,
http_req_sending,1780771101,0.000000,,,,true,,GET,PublicCatalog,HTTP/1.1,default,,200,,,PublicCatalog,,
http_req_waiting,1780771101,24917.792000,,,,true,,GET,PublicCatalog,HTTP/1.1,default,,200,,,PublicCatalog,,
http_req_receiving,1780771101,6.189000,,,,true,,GET,PublicCatalog,HTTP/1.1,default,,200,,,PublicCatalog,,
http_req_failed,1780771101,0.000000,,,,true,,GET,PublicCatalog,HTTP/1.1,default,,200,,,PublicCatalog,,
checks,1780771101,1.000000,Catalog page status is 200,,,,,,,,default,,,,,,,
vus,1780771101,50.000000,,,,,,,,,,,,,,,,
vus_max,1780771101,50.000000,,,,,,,,,,,,,,,,
http_reqs,1780771101,1.000000,,,,true,,GET,PublicCatalog,HTTP/1.1,default,,200,,,PublicCatalog,,
http_req_duration,1780771101,24474.255300,,,,true,,GET,PublicCatalog,HTTP/1.1,default,,200,,,PublicCatalog,,
http_req_blocked,1780771101,0.000000,,,,true,,GET,PublicCatalog,HTTP/1.1,default,,200,,,PublicCatalog,,
http_req_connecting,1780771101,0.000000,,,,true,,GET,PublicCatalog,HTTP/1.1,default,,200,,,PublicCatalog,,
http_req_tls_handshaking,1780771101,0.000000,,,,true,,GET,PublicCatalog,HTTP/1.1,default,,200,,,PublicCatalog,,
http_req_sending,1780771101,0.000000,,,,true,,GET,PublicCatalog,HTTP/1.1,default,,200,,,PublicCatalog,,
http_req_waiting,1780771101,24473.298900,,,,true,,GET,PublicCatalog,HTTP/1.1,default,,200,,,PublicCatalog,,
http_req_receiving,1780771101,0.956400,,,,true,,GET,PublicCatalog,HTTP/1.1,default,,200,,,PublicCatalog,,
http_req_failed,1780771101,0.000000,,,,true,,GET,PublicCatalog,HTTP/1.1,default,,200,,,PublicCatalog,,
checks,1780771101,1.000000,Catalog page status is 200,,,,,,,,default,,,,,,,
http_reqs,1780771102,1.000000,,,,true,,GET,PublicCatalog,HTTP/1.1,default,,200,,,PublicCatalog,,
http_req_duration,1780771102,23309.680100,,,,true,,GET,PublicCatalog,HTTP/1.1,default,,200,,,PublicCatalog,,
http_req_blocked,1780771102,0.000000,,,,true,,GET,PublicCatalog,HTTP/1.1,default,,200,,,PublicCatalog,,
http_req_connecting,1780771102,0.000000,,,,true,,GET,PublicCatalog,HTTP/1.1,default,,200,,,PublicCatalog,,
http_req_tls_handshaking,1780771102,0.000000,,,,true,,GET,PublicCatalog,HTTP/1.1,default,,200,,,PublicCatalog,,
http_req_sending,1780771102,0.000000,,,,true,,GET,PublicCatalog,HTTP/1.1,default,,200,,,PublicCatalog,,
http_req_waiting,1780771102,23309.023700,,,,true,,GET,PublicCatalog,HTTP/1.1,default,,200,,,PublicCatalog,,
http_req_receiving,1780771102,0.656400,,,,true,,GET,PublicCatalog,HTTP/1.1,default,,200,,,PublicCatalog,,
http_req_failed,1780771102,0.000000,,,,true,,GET,PublicCatalog,HTTP/1.1,default,,200,,,PublicCatalog,,
checks,1780771102,1.000000,Catalog page status is 200,,,,,,,,default,,,,,,,
vus,1780771102,50.000000,,,,,,,,,,,,,,,,
vus_max,1780771102,50.000000,,,,,,,,,,,,,,,,
http_reqs,1780771102,1.000000,,,,true,,GET,PublicCatalog,HTTP/1.1,default,,200,,,PublicCatalog,,
http_req_duration,1780771102,28787.773100,,,,true,,GET,PublicCatalog,HTTP/1.1,default,,200,,,PublicCatalog,,
http_req_blocked,1780771102,0.000000,,,,true,,GET,PublicCatalog,HTTP/1.1,default,,200,,,PublicCatalog,,
http_req_connecting,1780771102,0.000000,,,,true,,GET,PublicCatalog,HTTP/1.1,default,,200,,,PublicCatalog,,
http_req_tls_handshaking,1780771102,0.000000,,,,true,,GET,PublicCatalog,HTTP/1.1,default,,200,,,PublicCatalog,,
http_req_sending,1780771102,0.000000,,,,true,,GET,PublicCatalog,HTTP/1.1,default,,200,,,PublicCatalog,,
http_req_waiting,1780771102,28786.292900,,,,true,,GET,PublicCatalog,HTTP/1.1,default,,200,,,PublicCatalog,,
http_req_receiving,1780771102,1.480200,,,,true,,GET,PublicCatalog,HTTP/1.1,default,,200,,,PublicCatalog,,
http_req_failed,1780771102,0.000000,,,,true,,GET,PublicCatalog,HTTP/1.1,default,,200,,,PublicCatalog,,
checks,1780771102,1.000000,Catalog page status is 200,,,,,,,,default,,,,,,,
http_reqs,1780771102,1.000000,,,,true,,GET,BookDetailsJoin,HTTP/1.1,default,,200,,,BookDetailsJoin,,
http_req_duration,1780771102,19400.734000,,,,true,,GET,BookDetailsJoin,HTTP/1.1,default,,200,,,BookDetailsJoin,,
http_req_blocked,1780771102,0.000000,,,,true,,GET,BookDetailsJoin,HTTP/1.1,default,,200,,,BookDetailsJoin,,
http_req_connecting,1780771102,0.000000,,,,true,,GET,BookDetailsJoin,HTTP/1.1,default,,200,,,BookDetailsJoin,,
http_req_tls_handshaking,1780771102,0.000000,,,,true,,GET,BookDetailsJoin,HTTP/1.1,default,,200,,,BookDetailsJoin,,
http_req_sending,1780771102,0.000000,,,,true,,GET,BookDetailsJoin,HTTP/1.1,default,,200,,,BookDetailsJoin,,
http_req_waiting,1780771102,19399.426300,,,,true,,GET,BookDetailsJoin,HTTP/1.1,default,,200,,,BookDetailsJoin,,
http_req_receiving,1780771102,1.307700,,,,true,,GET,BookDetailsJoin,HTTP/1.1,default,,200,,,BookDetailsJoin,,
http_req_failed,1780771102,0.000000,,,,true,,GET,BookDetailsJoin,HTTP/1.1,default,,200,,,BookDetailsJoin,,
checks,1780771102,1.000000,Book details status is 200,,,,,,,,default,,,,,,,
http_reqs,1780771103,1.000000,,,,true,,GET,PublicCatalog,HTTP/1.1,default,,200,,,PublicCatalog,,
http_req_duration,1780771103,22468.251100,,,,true,,GET,PublicCatalog,HTTP/1.1,default,,200,,,PublicCatalog,,
http_req_blocked,1780771103,0.000000,,,,true,,GET,PublicCatalog,HTTP/1.1,default,,200,,,PublicCatalog,,
http_req_connecting,1780771103,0.000000,,,,true,,GET,PublicCatalog,HTTP/1.1,default,,200,,,PublicCatalog,,
http_req_tls_handshaking,1780771103,0.000000,,,,true,,GET,PublicCatalog,HTTP/1.1,default,,200,,,PublicCatalog,,
http_req_sending,1780771103,0.000000,,,,true,,GET,PublicCatalog,HTTP/1.1,default,,200,,,PublicCatalog,,
http_req_waiting,1780771103,22467.386000,,,,true,,GET,PublicCatalog,HTTP/1.1,default,,200,,,PublicCatalog,,
http_req_receiving,1780771103,0.865100,,,,true,,GET,PublicCatalog,HTTP/1.1,default,,200,,,PublicCatalog,,
http_req_failed,1780771103,0.000000,,,,true,,GET,PublicCatalog,HTTP/1.1,default,,200,,,PublicCatalog,,
checks,1780771103,1.000000,Catalog page status is 200,,,,,,,,default,,,,,,,
http_reqs,1780771103,1.000000,,,,true,,GET,PublicCatalog,HTTP/1.1,default,,200,,,PublicCatalog,,
http_req_duration,1780771103,28607.998100,,,,true,,GET,PublicCatalog,HTTP/1.1,default,,200,,,PublicCatalog,,
http_req_blocked,1780771103,0.000000,,,,true,,GET,PublicCatalog,HTTP/1.1,default,,200,,,PublicCatalog,,
http_req_connecting,1780771103,0.000000,,,,true,,GET,PublicCatalog,HTTP/1.1,default,,200,,,PublicCatalog,,
http_req_tls_handshaking,1780771103,0.000000,,,,true,,GET,PublicCatalog,HTTP/1.1,default,,200,,,PublicCatalog,,
http_req_sending,1780771103,0.000000,,,,true,,GET,PublicCatalog,HTTP/1.1,default,,200,,,PublicCatalog,,
http_req_waiting,1780771103,28606.704200,,,,true,,GET,PublicCatalog,HTTP/1.1,default,,200,,,PublicCatalog,,
http_req_receiving,1780771103,1.293900,,,,true,,GET,PublicCatalog,HTTP/1.1,default,,200,,,PublicCatalog,,
http_req_failed,1780771103,0.000000,,,,true,,GET,PublicCatalog,HTTP/1.1,default,,200,,,PublicCatalog,,
checks,1780771103,1.000000,Catalog page status is 200,,,,,,,,default,,,,,,,
vus,1780771103,50.000000,,,,,,,,,,,,,,,,
vus_max,1780771103,50.000000,,,,,,,,,,,,,,,,
vus,1780771104,50.000000,,,,,,,,,,,,,,,,
vus_max,1780771104,50.000000,,,,,,,,,,,,,,,,
http_reqs,1780771105,1.000000,,,,true,,GET,LandingPage,HTTP/1.1,default,,200,,,LandingPage,,
http_req_duration,1780771105,14167.598900,,,,true,,GET,LandingPage,HTTP/1.1,default,,200,,,LandingPage,,
http_req_blocked,1780771105,0.000000,,,,true,,GET,LandingPage,HTTP/1.1,default,,200,,,LandingPage,,
http_req_connecting,1780771105,0.000000,,,,true,,GET,LandingPage,HTTP/1.1,default,,200,,,LandingPage,,
http_req_tls_handshaking,1780771105,0.000000,,,,true,,GET,LandingPage,HTTP/1.1,default,,200,,,LandingPage,,
http_req_sending,1780771105,0.000000,,,,true,,GET,LandingPage,HTTP/1.1,default,,200,,,LandingPage,,
http_req_waiting,1780771105,14167.083400,,,,true,,GET,LandingPage,HTTP/1.1,default,,200,,,LandingPage,,
http_req_receiving,1780771105,0.515500,,,,true,,GET,LandingPage,HTTP/1.1,default,,200,,,LandingPage,,
http_req_failed,1780771105,0.000000,,,,true,,GET,LandingPage,HTTP/1.1,default,,200,,,LandingPage,,
checks,1780771105,1.000000,Home page status is 200,,,,,,,,default,,,,,,,
http_reqs,1780771105,1.000000,,,,true,,GET,LandingPage,HTTP/1.1,default,,200,,,LandingPage,,
http_req_duration,1780771105,14525.250800,,,,true,,GET,LandingPage,HTTP/1.1,default,,200,,,LandingPage,,
http_req_blocked,1780771105,0.000000,,,,true,,GET,LandingPage,HTTP/1.1,default,,200,,,LandingPage,,
http_req_connecting,1780771105,0.000000,,,,true,,GET,LandingPage,HTTP/1.1,default,,200,,,LandingPage,,
http_req_tls_handshaking,1780771105,0.000000,,,,true,,GET,LandingPage,HTTP/1.1,default,,200,,,LandingPage,,
http_req_sending,1780771105,0.000000,,,,true,,GET,LandingPage,HTTP/1.1,default,,200,,,LandingPage,,
http_req_waiting,1780771105,14524.712200,,,,true,,GET,LandingPage,HTTP/1.1,default,,200,,,LandingPage,,
http_req_receiving,1780771105,0.538600,,,,true,,GET,LandingPage,HTTP/1.1,default,,200,,,LandingPage,,
http_req_failed,1780771105,0.000000,,,,true,,GET,LandingPage,HTTP/1.1,default,,200,,,LandingPage,,
checks,1780771105,1.000000,Home page status is 200,,,,,,,,default,,,,,,,
http_reqs,1780771105,1.000000,,,,true,,GET,LandingPage,HTTP/1.1,default,,200,,,LandingPage,,
http_req_duration,1780771105,14335.217300,,,,true,,GET,LandingPage,HTTP/1.1,default,,200,,,LandingPage,,
http_req_blocked,1780771105,0.000000,,,,true,,GET,LandingPage,HTTP/1.1,default,,200,,,LandingPage,,
http_req_connecting,1780771105,0.000000,,,,true,,GET,LandingPage,HTTP/1.1,default,,200,,,LandingPage,,
http_req_tls_handshaking,1780771105,0.000000,,,,true,,GET,LandingPage,HTTP/1.1,default,,200,,,LandingPage,,
http_req_sending,1780771105,0.000000,,,,true,,GET,LandingPage,HTTP/1.1,default,,200,,,LandingPage,,
http_req_waiting,1780771105,14334.579700,,,,true,,GET,LandingPage,HTTP/1.1,default,,200,,,LandingPage,,
http_req_receiving,1780771105,0.637600,,,,true,,GET,LandingPage,HTTP/1.1,default,,200,,,LandingPage,,
http_req_failed,1780771105,0.000000,,,,true,,GET,LandingPage,HTTP/1.1,default,,200,,,LandingPage,,
checks,1780771105,1.000000,Home page status is 200,,,,,,,,default,,,,,,,
vus,1780771105,50.000000,,,,,,,,,,,,,,,,
vus_max,1780771105,50.000000,,,,,,,,,,,,,,,,
data_sent,1780771105,264.000000,,,,,,,,,default,,,,,,,
data_received,1780771105,110416.000000,,,,,,,,,default,,,,,,,
iteration_duration,1780771105,57521.502500,,,,,,,,,default,,,,,,,
iterations,1780771105,1.000000,,,,,,,,,default,,,,,,,
http_reqs,1780771105,1.000000,,,,true,,GET,LandingPage,HTTP/1.1,default,,200,,,LandingPage,,
http_req_duration,1780771105,14496.392600,,,,true,,GET,LandingPage,HTTP/1.1,default,,200,,,LandingPage,,
http_req_blocked,1780771105,0.000000,,,,true,,GET,LandingPage,HTTP/1.1,default,,200,,,LandingPage,,
http_req_connecting,1780771105,0.000000,,,,true,,GET,LandingPage,HTTP/1.1,default,,200,,,LandingPage,,
http_req_tls_handshaking,1780771105,0.000000,,,,true,,GET,LandingPage,HTTP/1.1,default,,200,,,LandingPage,,
http_req_sending,1780771105,0.000000,,,,true,,GET,LandingPage,HTTP/1.1,default,,200,,,LandingPage,,
http_req_waiting,1780771105,14495.331100,,,,true,,GET,LandingPage,HTTP/1.1,default,,200,,,LandingPage,,
http_req_receiving,1780771105,1.061500,,,,true,,GET,LandingPage,HTTP/1.1,default,,200,,,LandingPage,,
http_req_failed,1780771105,0.000000,,,,true,,GET,LandingPage,HTTP/1.1,default,,200,,,LandingPage,,
checks,1780771105,1.000000,Home page status is 200,,,,,,,,default,,,,,,,
http_reqs,1780771106,1.000000,,,,true,,GET,LandingPage,HTTP/1.1,default,,200,,,LandingPage,,
http_req_duration,1780771106,15138.554100,,,,true,,GET,LandingPage,HTTP/1.1,default,,200,,,LandingPage,,
http_req_blocked,1780771106,0.000000,,,,true,,GET,LandingPage,HTTP/1.1,default,,200,,,LandingPage,,
http_req_connecting,1780771106,0.000000,,,,true,,GET,LandingPage,HTTP/1.1,default,,200,,,LandingPage,,
http_req_tls_handshaking,1780771106,0.000000,,,,true,,GET,LandingPage,HTTP/1.1,default,,200,,,LandingPage,,
http_req_sending,1780771106,0.000000,,,,true,,GET,LandingPage,HTTP/1.1,default,,200,,,LandingPage,,
http_req_waiting,1780771106,15137.660200,,,,true,,GET,LandingPage,HTTP/1.1,default,,200,,,LandingPage,,
http_req_receiving,1780771106,0.893900,,,,true,,GET,LandingPage,HTTP/1.1,default,,200,,,LandingPage,,
http_req_failed,1780771106,0.000000,,,,true,,GET,LandingPage,HTTP/1.1,default,,200,,,LandingPage,,
checks,1780771106,1.000000,Home page status is 200,,,,,,,,default,,,,,,,
vus,1780771106,50.000000,,,,,,,,,,,,,,,,
vus_max,1780771106,50.000000,,,,,,,,,,,,,,,,
http_reqs,1780771106,1.000000,,,,true,,GET,LandingPage,HTTP/1.1,default,,200,,,LandingPage,,
http_req_duration,1780771106,15266.771000,,,,true,,GET,LandingPage,HTTP/1.1,default,,200,,,LandingPage,,
http_req_blocked,1780771106,0.000000,,,,true,,GET,LandingPage,HTTP/1.1,default,,200,,,LandingPage,,
http_req_connecting,1780771106,0.000000,,,,true,,GET,LandingPage,HTTP/1.1,default,,200,,,LandingPage,,
http_req_tls_handshaking,1780771106,0.000000,,,,true,,GET,LandingPage,HTTP/1.1,default,,200,,,LandingPage,,
http_req_sending,1780771106,0.000000,,,,true,,GET,LandingPage,HTTP/1.1,default,,200,,,LandingPage,,
http_req_waiting,1780771106,15259.885100,,,,true,,GET,LandingPage,HTTP/1.1,default,,200,,,LandingPage,,
http_req_receiving,1780771106,6.885900,,,,true,,GET,LandingPage,HTTP/1.1,default,,200,,,LandingPage,,
http_req_failed,1780771106,0.000000,,,,true,,GET,LandingPage,HTTP/1.1,default,,200,,,LandingPage,,
checks,1780771106,1.000000,Home page status is 200,,,,,,,,default,,,,,,,
http_reqs,1780771107,1.000000,,,,true,,GET,LandingPage,HTTP/1.1,default,,200,,,LandingPage,,
http_req_duration,1780771107,15620.560600,,,,true,,GET,LandingPage,HTTP/1.1,default,,200,,,LandingPage,,
http_req_blocked,1780771107,0.000000,,,,true,,GET,LandingPage,HTTP/1.1,default,,200,,,LandingPage,,
http_req_connecting,1780771107,0.000000,,,,true,,GET,LandingPage,HTTP/1.1,default,,200,,,LandingPage,,
http_req_tls_handshaking,1780771107,0.000000,,,,true,,GET,LandingPage,HTTP/1.1,default,,200,,,LandingPage,,
http_req_sending,1780771107,0.000000,,,,true,,GET,LandingPage,HTTP/1.1,default,,200,,,LandingPage,,
http_req_waiting,1780771107,15615.328100,,,,true,,GET,LandingPage,HTTP/1.1,default,,200,,,LandingPage,,
http_req_receiving,1780771107,5.232500,,,,true,,GET,LandingPage,HTTP/1.1,default,,200,,,LandingPage,,
http_req_failed,1780771107,0.000000,,,,true,,GET,LandingPage,HTTP/1.1,default,,200,,,LandingPage,,
checks,1780771107,1.000000,Home page status is 200,,,,,,,,default,,,,,,,
vus,1780771107,50.000000,,,,,,,,,,,,,,,,
vus_max,1780771107,50.000000,,,,,,,,,,,,,,,,
http_reqs,1780771107,1.000000,,,,true,,GET,LandingPage,HTTP/1.1,default,,200,,,LandingPage,,
http_req_duration,1780771107,15951.829000,,,,true,,GET,LandingPage,HTTP/1.1,default,,200,,,LandingPage,,
http_req_blocked,1780771107,0.000000,,,,true,,GET,LandingPage,HTTP/1.1,default,,200,,,LandingPage,,
http_req_connecting,1780771107,0.000000,,,,true,,GET,LandingPage,HTTP/1.1,default,,200,,,LandingPage,,
http_req_tls_handshaking,1780771107,0.000000,,,,true,,GET,LandingPage,HTTP/1.1,default,,200,,,LandingPage,,
http_req_sending,1780771107,0.000000,,,,true,,GET,LandingPage,HTTP/1.1,default,,200,,,LandingPage,,
http_req_waiting,1780771107,15950.674900,,,,true,,GET,LandingPage,HTTP/1.1,default,,200,,,LandingPage,,
http_req_receiving,1780771107,1.154100,,,,true,,GET,LandingPage,HTTP/1.1,default,,200,,,LandingPage,,
http_req_failed,1780771107,0.000000,,,,true,,GET,LandingPage,HTTP/1.1,default,,200,,,LandingPage,,
checks,1780771107,1.000000,Home page status is 200,,,,,,,,default,,,,,,,
http_reqs,1780771108,1.000000,,,,true,,GET,LandingPage,HTTP/1.1,default,,200,,,LandingPage,,
http_req_duration,1780771108,17845.485500,,,,true,,GET,LandingPage,HTTP/1.1,default,,200,,,LandingPage,,
http_req_blocked,1780771108,1.016100,,,,true,,GET,LandingPage,HTTP/1.1,default,,200,,,LandingPage,,
http_req_connecting,1780771108,1.016100,,,,true,,GET,LandingPage,HTTP/1.1,default,,200,,,LandingPage,,
http_req_tls_handshaking,1780771108,0.000000,,,,true,,GET,LandingPage,HTTP/1.1,default,,200,,,LandingPage,,
http_req_sending,1780771108,0.000000,,,,true,,GET,LandingPage,HTTP/1.1,default,,200,,,LandingPage,,
http_req_waiting,1780771108,17833.110300,,,,true,,GET,LandingPage,HTTP/1.1,default,,200,,,LandingPage,,
http_req_receiving,1780771108,12.375200,,,,true,,GET,LandingPage,HTTP/1.1,default,,200,,,LandingPage,,
http_req_failed,1780771108,0.000000,,,,true,,GET,LandingPage,HTTP/1.1,default,,200,,,LandingPage,,
checks,1780771108,1.000000,Home page status is 200,,,,,,,,default,,,,,,,
vus,1780771108,50.000000,,,,,,,,,,,,,,,,
vus_max,1780771108,50.000000,,,,,,,,,,,,,,,,
http_reqs,1780771108,1.000000,,,,true,,GET,LandingPage,HTTP/1.1,default,,200,,,LandingPage,,
http_req_duration,1780771108,12202.285200,,,,true,,GET,LandingPage,HTTP/1.1,default,,200,,,LandingPage,,
http_req_blocked,1780771108,2.023600,,,,true,,GET,LandingPage,HTTP/1.1,default,,200,,,LandingPage,,
http_req_connecting,1780771108,2.023600,,,,true,,GET,LandingPage,HTTP/1.1,default,,200,,,LandingPage,,
http_req_tls_handshaking,1780771108,0.000000,,,,true,,GET,LandingPage,HTTP/1.1,default,,200,,,LandingPage,,
http_req_sending,1780771108,0.000000,,,,true,,GET,LandingPage,HTTP/1.1,default,,200,,,LandingPage,,
http_req_waiting,1780771108,12202.285200,,,,true,,GET,LandingPage,HTTP/1.1,default,,200,,,LandingPage,,
http_req_receiving,1780771108,0.000000,,,,true,,GET,LandingPage,HTTP/1.1,default,,200,,,LandingPage,,
http_req_failed,1780771108,0.000000,,,,true,,GET,LandingPage,HTTP/1.1,default,,200,,,LandingPage,,
checks,1780771108,1.000000,Home page status is 200,,,,,,,,default,,,,,,,
http_reqs,1780771108,1.000000,,,,true,,GET,LandingPage,HTTP/1.1,default,,200,,,LandingPage,,
http_req_duration,1780771108,12511.087700,,,,true,,GET,LandingPage,HTTP/1.1,default,,200,,,LandingPage,,
http_req_blocked,1780771108,0.000000,,,,true,,GET,LandingPage,HTTP/1.1,default,,200,,,LandingPage,,
http_req_connecting,1780771108,0.000000,,,,true,,GET,LandingPage,HTTP/1.1,default,,200,,,LandingPage,,
http_req_tls_handshaking,1780771108,0.000000,,,,true,,GET,LandingPage,HTTP/1.1,default,,200,,,LandingPage,,
http_req_sending,1780771108,0.000000,,,,true,,GET,LandingPage,HTTP/1.1,default,,200,,,LandingPage,,
http_req_waiting,1780771108,12509.983000,,,,true,,GET,LandingPage,HTTP/1.1,default,,200,,,LandingPage,,
http_req_receiving,1780771108,1.104700,,,,true,,GET,LandingPage,HTTP/1.1,default,,200,,,LandingPage,,
http_req_failed,1780771108,0.000000,,,,true,,GET,LandingPage,HTTP/1.1,default,,200,,,LandingPage,,
checks,1780771108,1.000000,Home page status is 200,,,,,,,,default,,,,,,,
http_reqs,1780771109,1.000000,,,,true,,GET,LandingPage,HTTP/1.1,default,,200,,,LandingPage,,
http_req_duration,1780771109,12268.740200,,,,true,,GET,LandingPage,HTTP/1.1,default,,200,,,LandingPage,,
http_req_blocked,1780771109,0.000000,,,,true,,GET,LandingPage,HTTP/1.1,default,,200,,,LandingPage,,
http_req_connecting,1780771109,0.000000,,,,true,,GET,LandingPage,HTTP/1.1,default,,200,,,LandingPage,,
http_req_tls_handshaking,1780771109,0.000000,,,,true,,GET,LandingPage,HTTP/1.1,default,,200,,,LandingPage,,
http_req_sending,1780771109,0.000000,,,,true,,GET,LandingPage,HTTP/1.1,default,,200,,,LandingPage,,
http_req_waiting,1780771109,12267.340700,,,,true,,GET,LandingPage,HTTP/1.1,default,,200,,,LandingPage,,
http_req_receiving,1780771109,1.399500,,,,true,,GET,LandingPage,HTTP/1.1,default,,200,,,LandingPage,,
http_req_failed,1780771109,0.000000,,,,true,,GET,LandingPage,HTTP/1.1,default,,200,,,LandingPage,,
checks,1780771109,1.000000,Home page status is 200,,,,,,,,default,,,,,,,
vus,1780771109,50.000000,,,,,,,,,,,,,,,,
vus_max,1780771109,50.000000,,,,,,,,,,,,,,,,
http_reqs,1780771109,1.000000,,,,true,,GET,LandingPage,HTTP/1.1,default,,200,,,LandingPage,,
http_req_duration,1780771109,12290.092600,,,,true,,GET,LandingPage,HTTP/1.1,default,,200,,,LandingPage,,
http_req_blocked,1780771109,0.000000,,,,true,,GET,LandingPage,HTTP/1.1,default,,200,,,LandingPage,,
http_req_connecting,1780771109,0.000000,,,,true,,GET,LandingPage,HTTP/1.1,default,,200,,,LandingPage,,
http_req_tls_handshaking,1780771109,0.000000,,,,true,,GET,LandingPage,HTTP/1.1,default,,200,,,LandingPage,,
http_req_sending,1780771109,0.000000,,,,true,,GET,LandingPage,HTTP/1.1,default,,200,,,LandingPage,,
http_req_waiting,1780771109,12289.034800,,,,true,,GET,LandingPage,HTTP/1.1,default,,200,,,LandingPage,,
http_req_receiving,1780771109,1.057800,,,,true,,GET,LandingPage,HTTP/1.1,default,,200,,,LandingPage,,
http_req_failed,1780771109,0.000000,,,,true,,GET,LandingPage,HTTP/1.1,default,,200,,,LandingPage,,
checks,1780771109,1.000000,Home page status is 200,,,,,,,,default,,,,,,,
http_reqs,1780771110,1.000000,,,,true,,GET,BookDetailsJoin,HTTP/1.1,default,,200,,,BookDetailsJoin,,
http_req_duration,1780771110,22870.857300,,,,true,,GET,BookDetailsJoin,HTTP/1.1,default,,200,,,BookDetailsJoin,,
http_req_blocked,1780771110,0.000000,,,,true,,GET,BookDetailsJoin,HTTP/1.1,default,,200,,,BookDetailsJoin,,
http_req_connecting,1780771110,0.000000,,,,true,,GET,BookDetailsJoin,HTTP/1.1,default,,200,,,BookDetailsJoin,,
http_req_tls_handshaking,1780771110,0.000000,,,,true,,GET,BookDetailsJoin,HTTP/1.1,default,,200,,,BookDetailsJoin,,
http_req_sending,1780771110,0.000000,,,,true,,GET,BookDetailsJoin,HTTP/1.1,default,,200,,,BookDetailsJoin,,
http_req_waiting,1780771110,22869.470500,,,,true,,GET,BookDetailsJoin,HTTP/1.1,default,,200,,,BookDetailsJoin,,
http_req_receiving,1780771110,1.386800,,,,true,,GET,BookDetailsJoin,HTTP/1.1,default,,200,,,BookDetailsJoin,,
http_req_failed,1780771110,0.000000,,,,true,,GET,BookDetailsJoin,HTTP/1.1,default,,200,,,BookDetailsJoin,,
checks,1780771110,1.000000,Book details status is 200,,,,,,,,default,,,,,,,
http_reqs,1780771110,1.000000,,,,true,,GET,BookDetailsJoin,HTTP/1.1,default,,200,,,BookDetailsJoin,,
http_req_duration,1780771110,22132.213100,,,,true,,GET,BookDetailsJoin,HTTP/1.1,default,,200,,,BookDetailsJoin,,
http_req_blocked,1780771110,0.000000,,,,true,,GET,BookDetailsJoin,HTTP/1.1,default,,200,,,BookDetailsJoin,,
http_req_connecting,1780771110,0.000000,,,,true,,GET,BookDetailsJoin,HTTP/1.1,default,,200,,,BookDetailsJoin,,
http_req_tls_handshaking,1780771110,0.000000,,,,true,,GET,BookDetailsJoin,HTTP/1.1,default,,200,,,BookDetailsJoin,,
http_req_sending,1780771110,0.000000,,,,true,,GET,BookDetailsJoin,HTTP/1.1,default,,200,,,BookDetailsJoin,,
http_req_waiting,1780771110,22130.971400,,,,true,,GET,BookDetailsJoin,HTTP/1.1,default,,200,,,BookDetailsJoin,,
http_req_receiving,1780771110,1.241700,,,,true,,GET,BookDetailsJoin,HTTP/1.1,default,,200,,,BookDetailsJoin,,
http_req_failed,1780771110,0.000000,,,,true,,GET,BookDetailsJoin,HTTP/1.1,default,,200,,,BookDetailsJoin,,
checks,1780771110,1.000000,Book details status is 200,,,,,,,,default,,,,,,,
http_reqs,1780771110,1.000000,,,,true,,GET,BookDetailsJoin,HTTP/1.1,default,,200,,,BookDetailsJoin,,
http_req_duration,1780771110,21804.789700,,,,true,,GET,BookDetailsJoin,HTTP/1.1,default,,200,,,BookDetailsJoin,,
http_req_blocked,1780771110,0.000000,,,,true,,GET,BookDetailsJoin,HTTP/1.1,default,,200,,,BookDetailsJoin,,
http_req_connecting,1780771110,0.000000,,,,true,,GET,BookDetailsJoin,HTTP/1.1,default,,200,,,BookDetailsJoin,,
http_req_tls_handshaking,1780771110,0.000000,,,,true,,GET,BookDetailsJoin,HTTP/1.1,default,,200,,,BookDetailsJoin,,
http_req_sending,1780771110,0.000000,,,,true,,GET,BookDetailsJoin,HTTP/1.1,default,,200,,,BookDetailsJoin,,
http_req_waiting,1780771110,21803.441900,,,,true,,GET,BookDetailsJoin,HTTP/1.1,default,,200,,,BookDetailsJoin,,
http_req_receiving,1780771110,1.347800,,,,true,,GET,BookDetailsJoin,HTTP/1.1,default,,200,,,BookDetailsJoin,,
http_req_failed,1780771110,0.000000,,,,true,,GET,BookDetailsJoin,HTTP/1.1,default,,200,,,BookDetailsJoin,,
checks,1780771110,1.000000,Book details status is 200,,,,,,,,default,,,,,,,
vus,1780771110,50.000000,,,,,,,,,,,,,,,,
vus_max,1780771110,50.000000,,,,,,,,,,,,,,,,
http_reqs,1780771110,1.000000,,,,true,,GET,BookDetailsJoin,HTTP/1.1,default,,200,,,BookDetailsJoin,,
http_req_duration,1780771110,21108.396200,,,,true,,GET,BookDetailsJoin,HTTP/1.1,default,,200,,,BookDetailsJoin,,
http_req_blocked,1780771110,0.000000,,,,true,,GET,BookDetailsJoin,HTTP/1.1,default,,200,,,BookDetailsJoin,,
http_req_connecting,1780771110,0.000000,,,,true,,GET,BookDetailsJoin,HTTP/1.1,default,,200,,,BookDetailsJoin,,
http_req_tls_handshaking,1780771110,0.000000,,,,true,,GET,BookDetailsJoin,HTTP/1.1,default,,200,,,BookDetailsJoin,,
http_req_sending,1780771110,0.000000,,,,true,,GET,BookDetailsJoin,HTTP/1.1,default,,200,,,BookDetailsJoin,,
http_req_waiting,1780771110,21108.396200,,,,true,,GET,BookDetailsJoin,HTTP/1.1,default,,200,,,BookDetailsJoin,,
http_req_receiving,1780771110,0.000000,,,,true,,GET,BookDetailsJoin,HTTP/1.1,default,,200,,,BookDetailsJoin,,
http_req_failed,1780771110,0.000000,,,,true,,GET,BookDetailsJoin,HTTP/1.1,default,,200,,,BookDetailsJoin,,
checks,1780771110,1.000000,Book details status is 200,,,,,,,,default,,,,,,,
http_reqs,1780771110,1.000000,,,,true,,GET,BookDetailsJoin,HTTP/1.1,default,,200,,,BookDetailsJoin,,
http_req_duration,1780771110,21588.573900,,,,true,,GET,BookDetailsJoin,HTTP/1.1,default,,200,,,BookDetailsJoin,,
http_req_blocked,1780771110,0.000000,,,,true,,GET,BookDetailsJoin,HTTP/1.1,default,,200,,,BookDetailsJoin,,
http_req_connecting,1780771110,0.000000,,,,true,,GET,BookDetailsJoin,HTTP/1.1,default,,200,,,BookDetailsJoin,,
http_req_tls_handshaking,1780771110,0.000000,,,,true,,GET,BookDetailsJoin,HTTP/1.1,default,,200,,,BookDetailsJoin,,
http_req_sending,1780771110,0.000000,,,,true,,GET,BookDetailsJoin,HTTP/1.1,default,,200,,,BookDetailsJoin,,
http_req_waiting,1780771110,21580.185300,,,,true,,GET,BookDetailsJoin,HTTP/1.1,default,,200,,,BookDetailsJoin,,
http_req_receiving,1780771110,8.388600,,,,true,,GET,BookDetailsJoin,HTTP/1.1,default,,200,,,BookDetailsJoin,,
http_req_failed,1780771110,0.000000,,,,true,,GET,BookDetailsJoin,HTTP/1.1,default,,200,,,BookDetailsJoin,,
checks,1780771110,1.000000,Book details status is 200,,,,,,,,default,,,,,,,
http_reqs,1780771111,1.000000,,,,true,,GET,PublicCatalog,HTTP/1.1,default,,200,,,PublicCatalog,,
http_req_duration,1780771111,25576.367500,,,,true,,GET,PublicCatalog,HTTP/1.1,default,,200,,,PublicCatalog,,
http_req_blocked,1780771111,0.000000,,,,true,,GET,PublicCatalog,HTTP/1.1,default,,200,,,PublicCatalog,,
http_req_connecting,1780771111,0.000000,,,,true,,GET,PublicCatalog,HTTP/1.1,default,,200,,,PublicCatalog,,
http_req_tls_handshaking,1780771111,0.000000,,,,true,,GET,PublicCatalog,HTTP/1.1,default,,200,,,PublicCatalog,,
http_req_sending,1780771111,0.000000,,,,true,,GET,PublicCatalog,HTTP/1.1,default,,200,,,PublicCatalog,,
http_req_waiting,1780771111,25575.326800,,,,true,,GET,PublicCatalog,HTTP/1.1,default,,200,,,PublicCatalog,,
http_req_receiving,1780771111,1.040700,,,,true,,GET,PublicCatalog,HTTP/1.1,default,,200,,,PublicCatalog,,
http_req_failed,1780771111,0.000000,,,,true,,GET,PublicCatalog,HTTP/1.1,default,,200,,,PublicCatalog,,
checks,1780771111,1.000000,Catalog page status is 200,,,,,,,,default,,,,,,,
http_reqs,1780771111,1.000000,,,,true,,GET,PublicCatalog,HTTP/1.1,default,,200,,,PublicCatalog,,
http_req_duration,1780771111,25378.777600,,,,true,,GET,PublicCatalog,HTTP/1.1,default,,200,,,PublicCatalog,,
http_req_blocked,1780771111,0.000000,,,,true,,GET,PublicCatalog,HTTP/1.1,default,,200,,,PublicCatalog,,
http_req_connecting,1780771111,0.000000,,,,true,,GET,PublicCatalog,HTTP/1.1,default,,200,,,PublicCatalog,,
http_req_tls_handshaking,1780771111,0.000000,,,,true,,GET,PublicCatalog,HTTP/1.1,default,,200,,,PublicCatalog,,
http_req_sending,1780771111,0.000000,,,,true,,GET,PublicCatalog,HTTP/1.1,default,,200,,,PublicCatalog,,
http_req_waiting,1780771111,25377.859000,,,,true,,GET,PublicCatalog,HTTP/1.1,default,,200,,,PublicCatalog,,
http_req_receiving,1780771111,0.918600,,,,true,,GET,PublicCatalog,HTTP/1.1,default,,200,,,PublicCatalog,,
http_req_failed,1780771111,0.000000,,,,true,,GET,PublicCatalog,HTTP/1.1,default,,200,,,PublicCatalog,,
checks,1780771111,1.000000,Catalog page status is 200,,,,,,,,default,,,,,,,
http_reqs,1780771111,1.000000,,,,true,,GET,BookDetailsJoin,HTTP/1.1,default,,200,,,BookDetailsJoin,,
http_req_duration,1780771111,23696.765400,,,,true,,GET,BookDetailsJoin,HTTP/1.1,default,,200,,,BookDetailsJoin,,
http_req_blocked,1780771111,0.000000,,,,true,,GET,BookDetailsJoin,HTTP/1.1,default,,200,,,BookDetailsJoin,,
http_req_connecting,1780771111,0.000000,,,,true,,GET,BookDetailsJoin,HTTP/1.1,default,,200,,,BookDetailsJoin,,
http_req_tls_handshaking,1780771111,0.000000,,,,true,,GET,BookDetailsJoin,HTTP/1.1,default,,200,,,BookDetailsJoin,,
http_req_sending,1780771111,0.000000,,,,true,,GET,BookDetailsJoin,HTTP/1.1,default,,200,,,BookDetailsJoin,,
http_req_waiting,1780771111,23694.897800,,,,true,,GET,BookDetailsJoin,HTTP/1.1,default,,200,,,BookDetailsJoin,,
http_req_receiving,1780771111,1.867600,,,,true,,GET,BookDetailsJoin,HTTP/1.1,default,,200,,,BookDetailsJoin,,
http_req_failed,1780771111,0.000000,,,,true,,GET,BookDetailsJoin,HTTP/1.1,default,,200,,,BookDetailsJoin,,
checks,1780771111,1.000000,Book details status is 200,,,,,,,,default,,,,,,,
vus,1780771111,50.000000,,,,,,,,,,,,,,,,
vus_max,1780771111,50.000000,,,,,,,,,,,,,,,,
http_reqs,1780771111,1.000000,,,,true,,GET,BookDetailsJoin,HTTP/1.1,default,,200,,,BookDetailsJoin,,
http_req_duration,1780771111,20565.908800,,,,true,,GET,BookDetailsJoin,HTTP/1.1,default,,200,,,BookDetailsJoin,,
http_req_blocked,1780771111,0.000000,,,,true,,GET,BookDetailsJoin,HTTP/1.1,default,,200,,,BookDetailsJoin,,
http_req_connecting,1780771111,0.000000,,,,true,,GET,BookDetailsJoin,HTTP/1.1,default,,200,,,BookDetailsJoin,,
http_req_tls_handshaking,1780771111,0.000000,,,,true,,GET,BookDetailsJoin,HTTP/1.1,default,,200,,,BookDetailsJoin,,
http_req_sending,1780771111,0.000000,,,,true,,GET,BookDetailsJoin,HTTP/1.1,default,,200,,,BookDetailsJoin,,
http_req_waiting,1780771111,20564.373800,,,,true,,GET,BookDetailsJoin,HTTP/1.1,default,,200,,,BookDetailsJoin,,
http_req_receiving,1780771111,1.535000,,,,true,,GET,BookDetailsJoin,HTTP/1.1,default,,200,,,BookDetailsJoin,,
http_req_failed,1780771111,0.000000,,,,true,,GET,BookDetailsJoin,HTTP/1.1,default,,200,,,BookDetailsJoin,,
checks,1780771111,1.000000,Book details status is 200,,,,,,,,default,,,,,,,
http_reqs,1780771111,1.000000,,,,true,,GET,BookDetailsJoin,HTTP/1.1,default,,200,,,BookDetailsJoin,,
http_req_duration,1780771111,13052.840800,,,,true,,GET,BookDetailsJoin,HTTP/1.1,default,,200,,,BookDetailsJoin,,
http_req_blocked,1780771111,0.000000,,,,true,,GET,BookDetailsJoin,HTTP/1.1,default,,200,,,BookDetailsJoin,,
http_req_connecting,1780771111,0.000000,,,,true,,GET,BookDetailsJoin,HTTP/1.1,default,,200,,,BookDetailsJoin,,
http_req_tls_handshaking,1780771111,0.000000,,,,true,,GET,BookDetailsJoin,HTTP/1.1,default,,200,,,BookDetailsJoin,,
http_req_sending,1780771111,0.954900,,,,true,,GET,BookDetailsJoin,HTTP/1.1,default,,200,,,BookDetailsJoin,,
http_req_waiting,1780771111,13051.325700,,,,true,,GET,BookDetailsJoin,HTTP/1.1,default,,200,,,BookDetailsJoin,,
http_req_receiving,1780771111,0.560200,,,,true,,GET,BookDetailsJoin,HTTP/1.1,default,,200,,,BookDetailsJoin,,
http_req_failed,1780771111,0.000000,,,,true,,GET,BookDetailsJoin,HTTP/1.1,default,,200,,,BookDetailsJoin,,
checks,1780771111,1.000000,Book details status is 200,,,,,,,,default,,,,,,,
http_reqs,1780771112,1.000000,,,,true,,GET,BookDetailsJoin,HTTP/1.1,default,,200,,,BookDetailsJoin,,
http_req_duration,1780771112,14559.876700,,,,true,,GET,BookDetailsJoin,HTTP/1.1,default,,200,,,BookDetailsJoin,,
http_req_blocked,1780771112,0.000000,,,,true,,GET,BookDetailsJoin,HTTP/1.1,default,,200,,,BookDetailsJoin,,
http_req_connecting,1780771112,0.000000,,,,true,,GET,BookDetailsJoin,HTTP/1.1,default,,200,,,BookDetailsJoin,,
http_req_tls_handshaking,1780771112,0.000000,,,,true,,GET,BookDetailsJoin,HTTP/1.1,default,,200,,,BookDetailsJoin,,
http_req_sending,1780771112,0.000000,,,,true,,GET,BookDetailsJoin,HTTP/1.1,default,,200,,,BookDetailsJoin,,
http_req_waiting,1780771112,14558.825000,,,,true,,GET,BookDetailsJoin,HTTP/1.1,default,,200,,,BookDetailsJoin,,
http_req_receiving,1780771112,1.051700,,,,true,,GET,BookDetailsJoin,HTTP/1.1,default,,200,,,BookDetailsJoin,,
http_req_failed,1780771112,0.000000,,,,true,,GET,BookDetailsJoin,HTTP/1.1,default,,200,,,BookDetailsJoin,,
checks,1780771112,1.000000,Book details status is 200,,,,,,,,default,,,,,,,
http_reqs,1780771112,1.000000,,,,true,,GET,BookDetailsJoin,HTTP/1.1,default,,200,,,BookDetailsJoin,,
http_req_duration,1780771112,12451.976800,,,,true,,GET,BookDetailsJoin,HTTP/1.1,default,,200,,,BookDetailsJoin,,
http_req_blocked,1780771112,0.000000,,,,true,,GET,BookDetailsJoin,HTTP/1.1,default,,200,,,BookDetailsJoin,,
http_req_connecting,1780771112,0.000000,,,,true,,GET,BookDetailsJoin,HTTP/1.1,default,,200,,,BookDetailsJoin,,
http_req_tls_handshaking,1780771112,0.000000,,,,true,,GET,BookDetailsJoin,HTTP/1.1,default,,200,,,BookDetailsJoin,,
http_req_sending,1780771112,0.000000,,,,true,,GET,BookDetailsJoin,HTTP/1.1,default,,200,,,BookDetailsJoin,,
http_req_waiting,1780771112,12448.150700,,,,true,,GET,BookDetailsJoin,HTTP/1.1,default,,200,,,BookDetailsJoin,,
http_req_receiving,1780771112,3.826100,,,,true,,GET,BookDetailsJoin,HTTP/1.1,default,,200,,,BookDetailsJoin,,
http_req_failed,1780771112,0.000000,,,,true,,GET,BookDetailsJoin,HTTP/1.1,default,,200,,,BookDetailsJoin,,
checks,1780771112,1.000000,Book details status is 200,,,,,,,,default,,,,,,,
http_reqs,1780771112,1.000000,,,,true,,GET,BookDetailsJoin,HTTP/1.1,default,,200,,,BookDetailsJoin,,
http_req_duration,1780771112,12115.950600,,,,true,,GET,BookDetailsJoin,HTTP/1.1,default,,200,,,BookDetailsJoin,,
http_req_blocked,1780771112,0.000000,,,,true,,GET,BookDetailsJoin,HTTP/1.1,default,,200,,,BookDetailsJoin,,
http_req_connecting,1780771112,0.000000,,,,true,,GET,BookDetailsJoin,HTTP/1.1,default,,200,,,BookDetailsJoin,,
http_req_tls_handshaking,1780771112,0.000000,,,,true,,GET,BookDetailsJoin,HTTP/1.1,default,,200,,,BookDetailsJoin,,
http_req_sending,1780771112,0.000000,,,,true,,GET,BookDetailsJoin,HTTP/1.1,default,,200,,,BookDetailsJoin,,
http_req_waiting,1780771112,12114.827300,,,,true,,GET,BookDetailsJoin,HTTP/1.1,default,,200,,,BookDetailsJoin,,
http_req_receiving,1780771112,1.123300,,,,true,,GET,BookDetailsJoin,HTTP/1.1,default,,200,,,BookDetailsJoin,,
http_req_failed,1780771112,0.000000,,,,true,,GET,BookDetailsJoin,HTTP/1.1,default,,200,,,BookDetailsJoin,,
checks,1780771112,1.000000,Book details status is 200,,,,,,,,default,,,,,,,
http_reqs,1780771112,1.000000,,,,true,,GET,BookDetailsJoin,HTTP/1.1,default,,200,,,BookDetailsJoin,,
http_req_duration,1780771112,11559.840600,,,,true,,GET,BookDetailsJoin,HTTP/1.1,default,,200,,,BookDetailsJoin,,
http_req_blocked,1780771112,0.000000,,,,true,,GET,BookDetailsJoin,HTTP/1.1,default,,200,,,BookDetailsJoin,,
http_req_connecting,1780771112,0.000000,,,,true,,GET,BookDetailsJoin,HTTP/1.1,default,,200,,,BookDetailsJoin,,
http_req_tls_handshaking,1780771112,0.000000,,,,true,,GET,BookDetailsJoin,HTTP/1.1,default,,200,,,BookDetailsJoin,,
http_req_sending,1780771112,0.000000,,,,true,,GET,BookDetailsJoin,HTTP/1.1,default,,200,,,BookDetailsJoin,,
http_req_waiting,1780771112,11559.840600,,,,true,,GET,BookDetailsJoin,HTTP/1.1,default,,200,,,BookDetailsJoin,,
http_req_receiving,1780771112,0.000000,,,,true,,GET,BookDetailsJoin,HTTP/1.1,default,,200,,,BookDetailsJoin,,
http_req_failed,1780771112,0.000000,,,,true,,GET,BookDetailsJoin,HTTP/1.1,default,,200,,,BookDetailsJoin,,
checks,1780771112,1.000000,Book details status is 200,,,,,,,,default,,,,,,,
http_reqs,1780771112,1.000000,,,,true,,GET,BookDetailsJoin,HTTP/1.1,default,,200,,,BookDetailsJoin,,
http_req_duration,1780771112,10967.183200,,,,true,,GET,BookDetailsJoin,HTTP/1.1,default,,200,,,BookDetailsJoin,,
http_req_blocked,1780771112,0.000000,,,,true,,GET,BookDetailsJoin,HTTP/1.1,default,,200,,,BookDetailsJoin,,
http_req_connecting,1780771112,0.000000,,,,true,,GET,BookDetailsJoin,HTTP/1.1,default,,200,,,BookDetailsJoin,,
http_req_tls_handshaking,1780771112,0.000000,,,,true,,GET,BookDetailsJoin,HTTP/1.1,default,,200,,,BookDetailsJoin,,
http_req_sending,1780771112,0.000000,,,,true,,GET,BookDetailsJoin,HTTP/1.1,default,,200,,,BookDetailsJoin,,
http_req_waiting,1780771112,10965.914100,,,,true,,GET,BookDetailsJoin,HTTP/1.1,default,,200,,,BookDetailsJoin,,
http_req_receiving,1780771112,1.269100,,,,true,,GET,BookDetailsJoin,HTTP/1.1,default,,200,,,BookDetailsJoin,,
http_req_failed,1780771112,0.000000,,,,true,,GET,BookDetailsJoin,HTTP/1.1,default,,200,,,BookDetailsJoin,,
checks,1780771112,1.000000,Book details status is 200,,,,,,,,default,,,,,,,
vus,1780771112,50.000000,,,,,,,,,,,,,,,,
vus_max,1780771112,50.000000,,,,,,,,,,,,,,,,
http_reqs,1780771112,1.000000,,,,true,,GET,BookDetailsJoin,HTTP/1.1,default,,200,,,BookDetailsJoin,,
http_req_duration,1780771112,10485.758100,,,,true,,GET,BookDetailsJoin,HTTP/1.1,default,,200,,,BookDetailsJoin,,
http_req_blocked,1780771112,0.000000,,,,true,,GET,BookDetailsJoin,HTTP/1.1,default,,200,,,BookDetailsJoin,,
http_req_connecting,1780771112,0.000000,,,,true,,GET,BookDetailsJoin,HTTP/1.1,default,,200,,,BookDetailsJoin,,
http_req_tls_handshaking,1780771112,0.000000,,,,true,,GET,BookDetailsJoin,HTTP/1.1,default,,200,,,BookDetailsJoin,,
http_req_sending,1780771112,0.000000,,,,true,,GET,BookDetailsJoin,HTTP/1.1,default,,200,,,BookDetailsJoin,,
http_req_waiting,1780771112,10485.290600,,,,true,,GET,BookDetailsJoin,HTTP/1.1,default,,200,,,BookDetailsJoin,,
http_req_receiving,1780771112,0.467500,,,,true,,GET,BookDetailsJoin,HTTP/1.1,default,,200,,,BookDetailsJoin,,
http_req_failed,1780771112,0.000000,,,,true,,GET,BookDetailsJoin,HTTP/1.1,default,,200,,,BookDetailsJoin,,
checks,1780771112,1.000000,Book details status is 200,,,,,,,,default,,,,,,,
http_reqs,1780771112,1.000000,,,,true,,GET,BookDetailsJoin,HTTP/1.1,default,,200,,,BookDetailsJoin,,
http_req_duration,1780771112,10162.231900,,,,true,,GET,BookDetailsJoin,HTTP/1.1,default,,200,,,BookDetailsJoin,,
http_req_blocked,1780771112,0.000000,,,,true,,GET,BookDetailsJoin,HTTP/1.1,default,,200,,,BookDetailsJoin,,
http_req_connecting,1780771112,0.000000,,,,true,,GET,BookDetailsJoin,HTTP/1.1,default,,200,,,BookDetailsJoin,,
http_req_tls_handshaking,1780771112,0.000000,,,,true,,GET,BookDetailsJoin,HTTP/1.1,default,,200,,,BookDetailsJoin,,
http_req_sending,1780771112,0.000000,,,,true,,GET,BookDetailsJoin,HTTP/1.1,default,,200,,,BookDetailsJoin,,
http_req_waiting,1780771112,10148.566300,,,,true,,GET,BookDetailsJoin,HTTP/1.1,default,,200,,,BookDetailsJoin,,
http_req_receiving,1780771112,13.665600,,,,true,,GET,BookDetailsJoin,HTTP/1.1,default,,200,,,BookDetailsJoin,,
http_req_failed,1780771112,0.000000,,,,true,,GET,BookDetailsJoin,HTTP/1.1,default,,200,,,BookDetailsJoin,,
checks,1780771112,1.000000,Book details status is 200,,,,,,,,default,,,,,,,
http_reqs,1780771113,1.000000,,,,true,,GET,BookDetailsJoin,HTTP/1.1,default,,200,,,BookDetailsJoin,,
http_req_duration,1780771113,21913.853900,,,,true,,GET,BookDetailsJoin,HTTP/1.1,default,,200,,,BookDetailsJoin,,
http_req_blocked,1780771113,0.000000,,,,true,,GET,BookDetailsJoin,HTTP/1.1,default,,200,,,BookDetailsJoin,,
http_req_connecting,1780771113,0.000000,,,,true,,GET,BookDetailsJoin,HTTP/1.1,default,,200,,,BookDetailsJoin,,
http_req_tls_handshaking,1780771113,0.000000,,,,true,,GET,BookDetailsJoin,HTTP/1.1,default,,200,,,BookDetailsJoin,,
http_req_sending,1780771113,0.000000,,,,true,,GET,BookDetailsJoin,HTTP/1.1,default,,200,,,BookDetailsJoin,,
http_req_waiting,1780771113,21913.108700,,,,true,,GET,BookDetailsJoin,HTTP/1.1,default,,200,,,BookDetailsJoin,,
http_req_receiving,1780771113,0.745200,,,,true,,GET,BookDetailsJoin,HTTP/1.1,default,,200,,,BookDetailsJoin,,
http_req_failed,1780771113,0.000000,,,,true,,GET,BookDetailsJoin,HTTP/1.1,default,,200,,,BookDetailsJoin,,
checks,1780771113,1.000000,Book details status is 200,,,,,,,,default,,,,,,,
http_reqs,1780771113,1.000000,,,,true,,GET,BookDetailsJoin,HTTP/1.1,default,,200,,,BookDetailsJoin,,
http_req_duration,1780771113,15221.822000,,,,true,,GET,BookDetailsJoin,HTTP/1.1,default,,200,,,BookDetailsJoin,,
http_req_blocked,1780771113,0.000000,,,,true,,GET,BookDetailsJoin,HTTP/1.1,default,,200,,,BookDetailsJoin,,
http_req_connecting,1780771113,0.000000,,,,true,,GET,BookDetailsJoin,HTTP/1.1,default,,200,,,BookDetailsJoin,,
http_req_tls_handshaking,1780771113,0.000000,,,,true,,GET,BookDetailsJoin,HTTP/1.1,default,,200,,,BookDetailsJoin,,
http_req_sending,1780771113,0.000000,,,,true,,GET,BookDetailsJoin,HTTP/1.1,default,,200,,,BookDetailsJoin,,
http_req_waiting,1780771113,15220.255800,,,,true,,GET,BookDetailsJoin,HTTP/1.1,default,,200,,,BookDetailsJoin,,
http_req_receiving,1780771113,1.566200,,,,true,,GET,BookDetailsJoin,HTTP/1.1,default,,200,,,BookDetailsJoin,,
http_req_failed,1780771113,0.000000,,,,true,,GET,BookDetailsJoin,HTTP/1.1,default,,200,,,BookDetailsJoin,,
checks,1780771113,1.000000,Book details status is 200,,,,,,,,default,,,,,,,
data_sent,1780771113,264.000000,,,,,,,,,default,,,,,,,
data_received,1780771113,110503.000000,,,,,,,,,default,,,,,,,
iteration_duration,1780771113,55022.654900,,,,,,,,,default,,,,,,,
iterations,1780771113,1.000000,,,,,,,,,default,,,,,,,
data_sent,1780771113,264.000000,,,,,,,,,default,,,,,,,
data_received,1780771113,110838.000000,,,,,,,,,default,,,,,,,
iteration_duration,1780771113,55052.561600,,,,,,,,,default,,,,,,,
iterations,1780771113,1.000000,,,,,,,,,default,,,,,,,
data_sent,1780771113,264.000000,,,,,,,,,default,,,,,,,
data_received,1780771113,110138.000000,,,,,,,,,default,,,,,,,
iteration_duration,1780771113,59131.606000,,,,,,,,,default,,,,,,,
iterations,1780771113,1.000000,,,,,,,,,default,,,,,,,
vus,1780771113,49.000000,,,,,,,,,,,,,,,,
vus_max,1780771113,50.000000,,,,,,,,,,,,,,,,
http_reqs,1780771113,1.000000,,,,true,,GET,BookDetailsJoin,HTTP/1.1,default,,200,,,BookDetailsJoin,,
http_req_duration,1780771113,15122.842300,,,,true,,GET,BookDetailsJoin,HTTP/1.1,default,,200,,,BookDetailsJoin,,
http_req_blocked,1780771113,0.000000,,,,true,,GET,BookDetailsJoin,HTTP/1.1,default,,200,,,BookDetailsJoin,,
http_req_connecting,1780771113,0.000000,,,,true,,GET,BookDetailsJoin,HTTP/1.1,default,,200,,,BookDetailsJoin,,
http_req_tls_handshaking,1780771113,0.000000,,,,true,,GET,BookDetailsJoin,HTTP/1.1,default,,200,,,BookDetailsJoin,,
http_req_sending,1780771113,0.000000,,,,true,,GET,BookDetailsJoin,HTTP/1.1,default,,200,,,BookDetailsJoin,,
http_req_waiting,1780771113,15121.837700,,,,true,,GET,BookDetailsJoin,HTTP/1.1,default,,200,,,BookDetailsJoin,,
http_req_receiving,1780771113,1.004600,,,,true,,GET,BookDetailsJoin,HTTP/1.1,default,,200,,,BookDetailsJoin,,
http_req_failed,1780771113,0.000000,,,,true,,GET,BookDetailsJoin,HTTP/1.1,default,,200,,,BookDetailsJoin,,
checks,1780771113,1.000000,Book details status is 200,,,,,,,,default,,,,,,,
data_sent,1780771113,264.000000,,,,,,,,,default,,,,,,,
data_received,1780771113,110802.000000,,,,,,,,,default,,,,,,,
iteration_duration,1780771113,55832.087000,,,,,,,,,default,,,,,,,
iterations,1780771113,1.000000,,,,,,,,,default,,,,,,,
data_sent,1780771113,264.000000,,,,,,,,,default,,,,,,,
data_received,1780771113,111657.000000,,,,,,,,,default,,,,,,,
iteration_duration,1780771113,55209.508900,,,,,,,,,default,,,,,,,
iterations,1780771113,1.000000,,,,,,,,,default,,,,,,,
http_reqs,1780771113,1.000000,,,,true,,GET,BookDetailsJoin,HTTP/1.1,default,,200,,,BookDetailsJoin,,
http_req_duration,1780771113,14604.608600,,,,true,,GET,BookDetailsJoin,HTTP/1.1,default,,200,,,BookDetailsJoin,,
http_req_blocked,1780771113,0.000000,,,,true,,GET,BookDetailsJoin,HTTP/1.1,default,,200,,,BookDetailsJoin,,
http_req_connecting,1780771113,0.000000,,,,true,,GET,BookDetailsJoin,HTTP/1.1,default,,200,,,BookDetailsJoin,,
http_req_tls_handshaking,1780771113,0.000000,,,,true,,GET,BookDetailsJoin,HTTP/1.1,default,,200,,,BookDetailsJoin,,
http_req_sending,1780771113,0.000000,,,,true,,GET,BookDetailsJoin,HTTP/1.1,default,,200,,,BookDetailsJoin,,
http_req_waiting,1780771113,14602.861900,,,,true,,GET,BookDetailsJoin,HTTP/1.1,default,,200,,,BookDetailsJoin,,
http_req_receiving,1780771113,1.746700,,,,true,,GET,BookDetailsJoin,HTTP/1.1,default,,200,,,BookDetailsJoin,,
http_req_failed,1780771113,0.000000,,,,true,,GET,BookDetailsJoin,HTTP/1.1,default,,200,,,BookDetailsJoin,,
checks,1780771113,1.000000,Book details status is 200,,,,,,,,default,,,,,,,
http_reqs,1780771114,1.000000,,,,true,,GET,LandingPage,HTTP/1.1,default,,200,,,LandingPage,,
http_req_duration,1780771114,8309.384100,,,,true,,GET,LandingPage,HTTP/1.1,default,,200,,,LandingPage,,
http_req_blocked,1780771114,0.000000,,,,true,,GET,LandingPage,HTTP/1.1,default,,200,,,LandingPage,,
http_req_connecting,1780771114,0.000000,,,,true,,GET,LandingPage,HTTP/1.1,default,,200,,,LandingPage,,
http_req_tls_handshaking,1780771114,0.000000,,,,true,,GET,LandingPage,HTTP/1.1,default,,200,,,LandingPage,,
http_req_sending,1780771114,0.000000,,,,true,,GET,LandingPage,HTTP/1.1,default,,200,,,LandingPage,,
http_req_waiting,1780771114,8307.861700,,,,true,,GET,LandingPage,HTTP/1.1,default,,200,,,LandingPage,,
http_req_receiving,1780771114,1.522400,,,,true,,GET,LandingPage,HTTP/1.1,default,,200,,,LandingPage,,
http_req_failed,1780771114,0.000000,,,,true,,GET,LandingPage,HTTP/1.1,default,,200,,,LandingPage,,
checks,1780771114,1.000000,Home page status is 200,,,,,,,,default,,,,,,,
http_reqs,1780771114,1.000000,,,,true,,GET,BookDetailsJoin,HTTP/1.1,default,,200,,,BookDetailsJoin,,
http_req_duration,1780771114,11359.688800,,,,true,,GET,BookDetailsJoin,HTTP/1.1,default,,200,,,BookDetailsJoin,,
http_req_blocked,1780771114,0.000000,,,,true,,GET,BookDetailsJoin,HTTP/1.1,default,,200,,,BookDetailsJoin,,
http_req_connecting,1780771114,0.000000,,,,true,,GET,BookDetailsJoin,HTTP/1.1,default,,200,,,BookDetailsJoin,,
http_req_tls_handshaking,1780771114,0.000000,,,,true,,GET,BookDetailsJoin,HTTP/1.1,default,,200,,,BookDetailsJoin,,
http_req_sending,1780771114,0.000000,,,,true,,GET,BookDetailsJoin,HTTP/1.1,default,,200,,,BookDetailsJoin,,
http_req_waiting,1780771114,11356.183400,,,,true,,GET,BookDetailsJoin,HTTP/1.1,default,,200,,,BookDetailsJoin,,
http_req_receiving,1780771114,3.505400,,,,true,,GET,BookDetailsJoin,HTTP/1.1,default,,200,,,BookDetailsJoin,,
http_req_failed,1780771114,0.000000,,,,true,,GET,BookDetailsJoin,HTTP/1.1,default,,200,,,BookDetailsJoin,,
checks,1780771114,1.000000,Book details status is 200,,,,,,,,default,,,,,,,
data_sent,1780771114,264.000000,,,,,,,,,default,,,,,,,
data_received,1780771114,110736.000000,,,,,,,,,default,,,,,,,
iteration_duration,1780771114,56455.512400,,,,,,,,,default,,,,,,,
iterations,1780771114,1.000000,,,,,,,,,default,,,,,,,
vus,1780771114,49.000000,,,,,,,,,,,,,,,,
vus_max,1780771114,50.000000,,,,,,,,,,,,,,,,
http_reqs,1780771114,1.000000,,,,true,,GET,BookDetailsJoin,HTTP/1.1,default,,200,,,BookDetailsJoin,,
http_req_duration,1780771114,11200.919900,,,,true,,GET,BookDetailsJoin,HTTP/1.1,default,,200,,,BookDetailsJoin,,
http_req_blocked,1780771114,0.000000,,,,true,,GET,BookDetailsJoin,HTTP/1.1,default,,200,,,BookDetailsJoin,,
http_req_connecting,1780771114,0.000000,,,,true,,GET,BookDetailsJoin,HTTP/1.1,default,,200,,,BookDetailsJoin,,
http_req_tls_handshaking,1780771114,0.000000,,,,true,,GET,BookDetailsJoin,HTTP/1.1,default,,200,,,BookDetailsJoin,,
http_req_sending,1780771114,0.000000,,,,true,,GET,BookDetailsJoin,HTTP/1.1,default,,200,,,BookDetailsJoin,,
http_req_waiting,1780771114,11200.919900,,,,true,,GET,BookDetailsJoin,HTTP/1.1,default,,200,,,BookDetailsJoin,,
http_req_receiving,1780771114,0.000000,,,,true,,GET,BookDetailsJoin,HTTP/1.1,default,,200,,,BookDetailsJoin,,
http_req_failed,1780771114,0.000000,,,,true,,GET,BookDetailsJoin,HTTP/1.1,default,,200,,,BookDetailsJoin,,
checks,1780771114,1.000000,Book details status is 200,,,,,,,,default,,,,,,,
data_sent,1780771114,264.000000,,,,,,,,,default,,,,,,,
data_received,1780771114,110563.000000,,,,,,,,,default,,,,,,,
iteration_duration,1780771114,56129.187900,,,,,,,,,default,,,,,,,
iterations,1780771114,1.000000,,,,,,,,,default,,,,,,,
data_sent,1780771114,264.000000,,,,,,,,,default,,,,,,,
data_received,1780771114,110466.000000,,,,,,,,,default,,,,,,,
iteration_duration,1780771114,53875.069900,,,,,,,,,default,,,,,,,
iterations,1780771114,1.000000,,,,,,,,,default,,,,,,,
data_sent,1780771115,264.000000,,,,,,,,,default,,,,,,,
data_received,1780771115,109924.000000,,,,,,,,,default,,,,,,,
iteration_duration,1780771115,56271.746600,,,,,,,,,default,,,,,,,
iterations,1780771115,1.000000,,,,,,,,,default,,,,,,,
http_reqs,1780771115,1.000000,,,,true,,GET,PublicCatalog,HTTP/1.1,default,,200,,,PublicCatalog,,
http_req_duration,1780771115,23052.895100,,,,true,,GET,PublicCatalog,HTTP/1.1,default,,200,,,PublicCatalog,,
http_req_blocked,1780771115,0.000000,,,,true,,GET,PublicCatalog,HTTP/1.1,default,,200,,,PublicCatalog,,
http_req_connecting,1780771115,0.000000,,,,true,,GET,PublicCatalog,HTTP/1.1,default,,200,,,PublicCatalog,,
http_req_tls_handshaking,1780771115,0.000000,,,,true,,GET,PublicCatalog,HTTP/1.1,default,,200,,,PublicCatalog,,
http_req_sending,1780771115,0.000000,,,,true,,GET,PublicCatalog,HTTP/1.1,default,,200,,,PublicCatalog,,
http_req_waiting,1780771115,23051.450500,,,,true,,GET,PublicCatalog,HTTP/1.1,default,,200,,,PublicCatalog,,
http_req_receiving,1780771115,1.444600,,,,true,,GET,PublicCatalog,HTTP/1.1,default,,200,,,PublicCatalog,,
http_req_failed,1780771115,0.000000,,,,true,,GET,PublicCatalog,HTTP/1.1,default,,200,,,PublicCatalog,,
checks,1780771115,1.000000,Catalog page status is 200,,,,,,,,default,,,,,,,
data_sent,1780771115,264.000000,,,,,,,,,default,,,,,,,
data_received,1780771115,110378.000000,,,,,,,,,default,,,,,,,
iteration_duration,1780771115,56050.289500,,,,,,,,,default,,,,,,,
iterations,1780771115,1.000000,,,,,,,,,default,,,,,,,
data_sent,1780771115,264.000000,,,,,,,,,default,,,,,,,
data_received,1780771115,110082.000000,,,,,,,,,default,,,,,,,
iteration_duration,1780771115,54581.732600,,,,,,,,,default,,,,,,,
iterations,1780771115,1.000000,,,,,,,,,default,,,,,,,
data_sent,1780771115,264.000000,,,,,,,,,default,,,,,,,
data_received,1780771115,110106.000000,,,,,,,,,default,,,,,,,
iteration_duration,1780771115,56055.928200,,,,,,,,,default,,,,,,,
iterations,1780771115,1.000000,,,,,,,,,default,,,,,,,
data_sent,1780771115,264.000000,,,,,,,,,default,,,,,,,
data_received,1780771115,110102.000000,,,,,,,,,default,,,,,,,
iteration_duration,1780771115,55855.766000,,,,,,,,,default,,,,,,,
iterations,1780771115,1.000000,,,,,,,,,default,,,,,,,
vus,1780771115,48.000000,,,,,,,,,,,,,,,,
vus_max,1780771115,50.000000,,,,,,,,,,,,,,,,
http_reqs,1780771115,1.000000,,,,true,,GET,PublicCatalog,HTTP/1.1,default,,200,,,PublicCatalog,,
http_req_duration,1780771115,24184.763300,,,,true,,GET,PublicCatalog,HTTP/1.1,default,,200,,,PublicCatalog,,
http_req_blocked,1780771115,0.000000,,,,true,,GET,PublicCatalog,HTTP/1.1,default,,200,,,PublicCatalog,,
http_req_connecting,1780771115,0.000000,,,,true,,GET,PublicCatalog,HTTP/1.1,default,,200,,,PublicCatalog,,
http_req_tls_handshaking,1780771115,0.000000,,,,true,,GET,PublicCatalog,HTTP/1.1,default,,200,,,PublicCatalog,,
http_req_sending,1780771115,0.000000,,,,true,,GET,PublicCatalog,HTTP/1.1,default,,200,,,PublicCatalog,,
http_req_waiting,1780771115,24173.708200,,,,true,,GET,PublicCatalog,HTTP/1.1,default,,200,,,PublicCatalog,,
http_req_receiving,1780771115,11.055100,,,,true,,GET,PublicCatalog,HTTP/1.1,default,,200,,,PublicCatalog,,
http_req_failed,1780771115,0.000000,,,,true,,GET,PublicCatalog,HTTP/1.1,default,,200,,,PublicCatalog,,
checks,1780771115,1.000000,Catalog page status is 200,,,,,,,,default,,,,,,,
data_sent,1780771115,264.000000,,,,,,,,,default,,,,,,,
data_received,1780771115,110914.000000,,,,,,,,,default,,,,,,,
iteration_duration,1780771115,54174.829900,,,,,,,,,default,,,,,,,
iterations,1780771115,1.000000,,,,,,,,,default,,,,,,,
data_sent,1780771115,264.000000,,,,,,,,,default,,,,,,,
data_received,1780771115,110191.000000,,,,,,,,,default,,,,,,,
iteration_duration,1780771115,54140.190000,,,,,,,,,default,,,,,,,
iterations,1780771115,1.000000,,,,,,,,,default,,,,,,,
data_sent,1780771116,264.000000,,,,,,,,,default,,,,,,,
data_received,1780771116,111080.000000,,,,,,,,,default,,,,,,,
iteration_duration,1780771116,57547.572100,,,,,,,,,default,,,,,,,
iterations,1780771116,1.000000,,,,,,,,,default,,,,,,,
http_reqs,1780771116,1.000000,,,,true,,GET,PublicCatalog,HTTP/1.1,default,,200,,,PublicCatalog,,
http_req_duration,1780771116,23360.997400,,,,true,,GET,PublicCatalog,HTTP/1.1,default,,200,,,PublicCatalog,,
http_req_blocked,1780771116,0.000000,,,,true,,GET,PublicCatalog,HTTP/1.1,default,,200,,,PublicCatalog,,
http_req_connecting,1780771116,0.000000,,,,true,,GET,PublicCatalog,HTTP/1.1,default,,200,,,PublicCatalog,,
http_req_tls_handshaking,1780771116,0.000000,,,,true,,GET,PublicCatalog,HTTP/1.1,default,,200,,,PublicCatalog,,
http_req_sending,1780771116,0.000000,,,,true,,GET,PublicCatalog,HTTP/1.1,default,,200,,,PublicCatalog,,
http_req_waiting,1780771116,23359.096300,,,,true,,GET,PublicCatalog,HTTP/1.1,default,,200,,,PublicCatalog,,
http_req_receiving,1780771116,1.901100,,,,true,,GET,PublicCatalog,HTTP/1.1,default,,200,,,PublicCatalog,,
http_req_failed,1780771116,0.000000,,,,true,,GET,PublicCatalog,HTTP/1.1,default,,200,,,PublicCatalog,,
checks,1780771116,1.000000,Catalog page status is 200,,,,,,,,default,,,,,,,
data_sent,1780771116,264.000000,,,,,,,,,default,,,,,,,
data_received,1780771116,110200.000000,,,,,,,,,default,,,,,,,
iteration_duration,1780771116,55772.164400,,,,,,,,,default,,,,,,,
iterations,1780771116,1.000000,,,,,,,,,default,,,,,,,
http_reqs,1780771116,1.000000,,,,true,,GET,PublicCatalog,HTTP/1.1,default,,200,,,PublicCatalog,,
http_req_duration,1780771116,23180.025700,,,,true,,GET,PublicCatalog,HTTP/1.1,default,,200,,,PublicCatalog,,
http_req_blocked,1780771116,0.000000,,,,true,,GET,PublicCatalog,HTTP/1.1,default,,200,,,PublicCatalog,,
http_req_connecting,1780771116,0.000000,,,,true,,GET,PublicCatalog,HTTP/1.1,default,,200,,,PublicCatalog,,
http_req_tls_handshaking,1780771116,0.000000,,,,true,,GET,PublicCatalog,HTTP/1.1,default,,200,,,PublicCatalog,,
http_req_sending,1780771116,0.000000,,,,true,,GET,PublicCatalog,HTTP/1.1,default,,200,,,PublicCatalog,,
http_req_waiting,1780771116,23175.006000,,,,true,,GET,PublicCatalog,HTTP/1.1,default,,200,,,PublicCatalog,,
http_req_receiving,1780771116,5.019700,,,,true,,GET,PublicCatalog,HTTP/1.1,default,,200,,,PublicCatalog,,
http_req_failed,1780771116,0.000000,,,,true,,GET,PublicCatalog,HTTP/1.1,default,,200,,,PublicCatalog,,
checks,1780771116,1.000000,Catalog page status is 200,,,,,,,,default,,,,,,,
vus,1780771116,48.000000,,,,,,,,,,,,,,,,
vus_max,1780771116,50.000000,,,,,,,,,,,,,,,,
data_sent,1780771116,264.000000,,,,,,,,,default,,,,,,,
data_received,1780771116,110435.000000,,,,,,,,,default,,,,,,,
iteration_duration,1780771116,55997.138700,,,,,,,,,default,,,,,,,
iterations,1780771116,1.000000,,,,,,,,,default,,,,,,,
http_reqs,1780771116,1.000000,,,,true,,GET,PublicCatalog,HTTP/1.1,default,,200,,,PublicCatalog,,
http_req_duration,1780771116,23132.726900,,,,true,,GET,PublicCatalog,HTTP/1.1,default,,200,,,PublicCatalog,,
http_req_blocked,1780771116,0.000000,,,,true,,GET,PublicCatalog,HTTP/1.1,default,,200,,,PublicCatalog,,
http_req_connecting,1780771116,0.000000,,,,true,,GET,PublicCatalog,HTTP/1.1,default,,200,,,PublicCatalog,,
http_req_tls_handshaking,1780771116,0.000000,,,,true,,GET,PublicCatalog,HTTP/1.1,default,,200,,,PublicCatalog,,
http_req_sending,1780771116,0.000000,,,,true,,GET,PublicCatalog,HTTP/1.1,default,,200,,,PublicCatalog,,
http_req_waiting,1780771116,23131.970600,,,,true,,GET,PublicCatalog,HTTP/1.1,default,,200,,,PublicCatalog,,
http_req_receiving,1780771116,0.756300,,,,true,,GET,PublicCatalog,HTTP/1.1,default,,200,,,PublicCatalog,,
http_req_failed,1780771116,0.000000,,,,true,,GET,PublicCatalog,HTTP/1.1,default,,200,,,PublicCatalog,,
checks,1780771116,1.000000,Catalog page status is 200,,,,,,,,default,,,,,,,
data_sent,1780771116,264.000000,,,,,,,,,default,,,,,,,
data_received,1780771116,110665.000000,,,,,,,,,default,,,,,,,
iteration_duration,1780771116,55617.736200,,,,,,,,,default,,,,,,,
iterations,1780771116,1.000000,,,,,,,,,default,,,,,,,
http_reqs,1780771117,1.000000,,,,true,,GET,PublicCatalog,HTTP/1.1,default,,200,,,PublicCatalog,,
http_req_duration,1780771117,24815.337000,,,,true,,GET,PublicCatalog,HTTP/1.1,default,,200,,,PublicCatalog,,
http_req_blocked,1780771117,0.000000,,,,true,,GET,PublicCatalog,HTTP/1.1,default,,200,,,PublicCatalog,,
http_req_connecting,1780771117,0.000000,,,,true,,GET,PublicCatalog,HTTP/1.1,default,,200,,,PublicCatalog,,
http_req_tls_handshaking,1780771117,0.000000,,,,true,,GET,PublicCatalog,HTTP/1.1,default,,200,,,PublicCatalog,,
http_req_sending,1780771117,0.000000,,,,true,,GET,PublicCatalog,HTTP/1.1,default,,200,,,PublicCatalog,,
http_req_waiting,1780771117,24811.894300,,,,true,,GET,PublicCatalog,HTTP/1.1,default,,200,,,PublicCatalog,,
http_req_receiving,1780771117,3.442700,,,,true,,GET,PublicCatalog,HTTP/1.1,default,,200,,,PublicCatalog,,
http_req_failed,1780771117,0.000000,,,,true,,GET,PublicCatalog,HTTP/1.1,default,,200,,,PublicCatalog,,
checks,1780771117,1.000000,Catalog page status is 200,,,,,,,,default,,,,,,,
data_sent,1780771117,264.000000,,,,,,,,,default,,,,,,,
data_received,1780771117,110381.000000,,,,,,,,,default,,,,,,,
iteration_duration,1780771117,58389.222500,,,,,,,,,default,,,,,,,
iterations,1780771117,1.000000,,,,,,,,,default,,,,,,,
vus,1780771117,48.000000,,,,,,,,,,,,,,,,
vus_max,1780771117,50.000000,,,,,,,,,,,,,,,,
data_sent,1780771117,264.000000,,,,,,,,,default,,,,,,,
data_received,1780771117,109897.000000,,,,,,,,,default,,,,,,,
iteration_duration,1780771117,56783.103000,,,,,,,,,default,,,,,,,
iterations,1780771117,1.000000,,,,,,,,,default,,,,,,,
http_reqs,1780771117,1.000000,,,,true,,GET,BookDetailsJoin,HTTP/1.1,default,,200,,,BookDetailsJoin,,
http_req_duration,1780771117,13929.095800,,,,true,,GET,BookDetailsJoin,HTTP/1.1,default,,200,,,BookDetailsJoin,,
http_req_blocked,1780771117,0.000000,,,,true,,GET,BookDetailsJoin,HTTP/1.1,default,,200,,,BookDetailsJoin,,
http_req_connecting,1780771117,0.000000,,,,true,,GET,BookDetailsJoin,HTTP/1.1,default,,200,,,BookDetailsJoin,,
http_req_tls_handshaking,1780771117,0.000000,,,,true,,GET,BookDetailsJoin,HTTP/1.1,default,,200,,,BookDetailsJoin,,
http_req_sending,1780771117,0.000000,,,,true,,GET,BookDetailsJoin,HTTP/1.1,default,,200,,,BookDetailsJoin,,
http_req_waiting,1780771117,13929.095800,,,,true,,GET,BookDetailsJoin,HTTP/1.1,default,,200,,,BookDetailsJoin,,
http_req_receiving,1780771117,0.000000,,,,true,,GET,BookDetailsJoin,HTTP/1.1,default,,200,,,BookDetailsJoin,,
http_req_failed,1780771117,0.000000,,,,true,,GET,BookDetailsJoin,HTTP/1.1,default,,200,,,BookDetailsJoin,,
checks,1780771117,1.000000,Book details status is 200,,,,,,,,default,,,,,,,
http_reqs,1780771117,1.000000,,,,true,,GET,BookDetailsJoin,HTTP/1.1,default,,200,,,BookDetailsJoin,,
http_req_duration,1780771117,13691.496900,,,,true,,GET,BookDetailsJoin,HTTP/1.1,default,,200,,,BookDetailsJoin,,
http_req_blocked,1780771117,0.000000,,,,true,,GET,BookDetailsJoin,HTTP/1.1,default,,200,,,BookDetailsJoin,,
http_req_connecting,1780771117,0.000000,,,,true,,GET,BookDetailsJoin,HTTP/1.1,default,,200,,,BookDetailsJoin,,
http_req_tls_handshaking,1780771117,0.000000,,,,true,,GET,BookDetailsJoin,HTTP/1.1,default,,200,,,BookDetailsJoin,,
http_req_sending,1780771117,0.000000,,,,true,,GET,BookDetailsJoin,HTTP/1.1,default,,200,,,BookDetailsJoin,,
http_req_waiting,1780771117,13690.157400,,,,true,,GET,BookDetailsJoin,HTTP/1.1,default,,200,,,BookDetailsJoin,,
http_req_receiving,1780771117,1.339500,,,,true,,GET,BookDetailsJoin,HTTP/1.1,default,,200,,,BookDetailsJoin,,
http_req_failed,1780771117,0.000000,,,,true,,GET,BookDetailsJoin,HTTP/1.1,default,,200,,,BookDetailsJoin,,
checks,1780771117,1.000000,Book details status is 200,,,,,,,,default,,,,,,,
http_reqs,1780771118,1.000000,,,,true,,GET,PublicCatalog,HTTP/1.1,default,,200,,,PublicCatalog,,
http_req_duration,1780771118,23242.181800,,,,true,,GET,PublicCatalog,HTTP/1.1,default,,200,,,PublicCatalog,,
http_req_blocked,1780771118,0.000000,,,,true,,GET,PublicCatalog,HTTP/1.1,default,,200,,,PublicCatalog,,
http_req_connecting,1780771118,0.000000,,,,true,,GET,PublicCatalog,HTTP/1.1,default,,200,,,PublicCatalog,,
http_req_tls_handshaking,1780771118,0.000000,,,,true,,GET,PublicCatalog,HTTP/1.1,default,,200,,,PublicCatalog,,
http_req_sending,1780771118,0.000000,,,,true,,GET,PublicCatalog,HTTP/1.1,default,,200,,,PublicCatalog,,
http_req_waiting,1780771118,23241.652600,,,,true,,GET,PublicCatalog,HTTP/1.1,default,,200,,,PublicCatalog,,
http_req_receiving,1780771118,0.529200,,,,true,,GET,PublicCatalog,HTTP/1.1,default,,200,,,PublicCatalog,,
http_req_failed,1780771118,0.000000,,,,true,,GET,PublicCatalog,HTTP/1.1,default,,200,,,PublicCatalog,,
checks,1780771118,1.000000,Catalog page status is 200,,,,,,,,default,,,,,,,
http_reqs,1780771118,1.000000,,,,true,,GET,PublicCatalog,HTTP/1.1,default,,200,,,PublicCatalog,,
http_req_duration,1780771118,24392.496200,,,,true,,GET,PublicCatalog,HTTP/1.1,default,,200,,,PublicCatalog,,
http_req_blocked,1780771118,0.000000,,,,true,,GET,PublicCatalog,HTTP/1.1,default,,200,,,PublicCatalog,,
http_req_connecting,1780771118,0.000000,,,,true,,GET,PublicCatalog,HTTP/1.1,default,,200,,,PublicCatalog,,
http_req_tls_handshaking,1780771118,0.000000,,,,true,,GET,PublicCatalog,HTTP/1.1,default,,200,,,PublicCatalog,,
http_req_sending,1780771118,0.000000,,,,true,,GET,PublicCatalog,HTTP/1.1,default,,200,,,PublicCatalog,,
http_req_waiting,1780771118,24386.603200,,,,true,,GET,PublicCatalog,HTTP/1.1,default,,200,,,PublicCatalog,,
http_req_receiving,1780771118,5.893000,,,,true,,GET,PublicCatalog,HTTP/1.1,default,,200,,,PublicCatalog,,
http_req_failed,1780771118,0.000000,,,,true,,GET,PublicCatalog,HTTP/1.1,default,,200,,,PublicCatalog,,
checks,1780771118,1.000000,Catalog page status is 200,,,,,,,,default,,,,,,,
vus,1780771118,48.000000,,,,,,,,,,,,,,,,
vus_max,1780771118,50.000000,,,,,,,,,,,,,,,,
http_reqs,1780771118,1.000000,,,,true,,GET,LandingPage,HTTP/1.1,default,,200,,,LandingPage,,
http_req_duration,1780771118,5747.256100,,,,true,,GET,LandingPage,HTTP/1.1,default,,200,,,LandingPage,,
http_req_blocked,1780771118,0.000000,,,,true,,GET,LandingPage,HTTP/1.1,default,,200,,,LandingPage,,
http_req_connecting,1780771118,0.000000,,,,true,,GET,LandingPage,HTTP/1.1,default,,200,,,LandingPage,,
http_req_tls_handshaking,1780771118,0.000000,,,,true,,GET,LandingPage,HTTP/1.1,default,,200,,,LandingPage,,
http_req_sending,1780771118,0.000000,,,,true,,GET,LandingPage,HTTP/1.1,default,,200,,,LandingPage,,
http_req_waiting,1780771118,5745.328500,,,,true,,GET,LandingPage,HTTP/1.1,default,,200,,,LandingPage,,
http_req_receiving,1780771118,1.927600,,,,true,,GET,LandingPage,HTTP/1.1,default,,200,,,LandingPage,,
http_req_failed,1780771118,0.000000,,,,true,,GET,LandingPage,HTTP/1.1,default,,200,,,LandingPage,,
checks,1780771118,1.000000,Home page status is 200,,,,,,,,default,,,,,,,
http_reqs,1780771119,1.000000,,,,true,,GET,LandingPage,HTTP/1.1,default,,200,,,LandingPage,,
http_req_duration,1780771119,5890.782200,,,,true,,GET,LandingPage,HTTP/1.1,default,,200,,,LandingPage,,
http_req_blocked,1780771119,0.000000,,,,true,,GET,LandingPage,HTTP/1.1,default,,200,,,LandingPage,,
http_req_connecting,1780771119,0.000000,,,,true,,GET,LandingPage,HTTP/1.1,default,,200,,,LandingPage,,
http_req_tls_handshaking,1780771119,0.000000,,,,true,,GET,LandingPage,HTTP/1.1,default,,200,,,LandingPage,,
http_req_sending,1780771119,0.000000,,,,true,,GET,LandingPage,HTTP/1.1,default,,200,,,LandingPage,,
http_req_waiting,1780771119,5889.847800,,,,true,,GET,LandingPage,HTTP/1.1,default,,200,,,LandingPage,,
http_req_receiving,1780771119,0.934400,,,,true,,GET,LandingPage,HTTP/1.1,default,,200,,,LandingPage,,
http_req_failed,1780771119,0.000000,,,,true,,GET,LandingPage,HTTP/1.1,default,,200,,,LandingPage,,
checks,1780771119,1.000000,Home page status is 200,,,,,,,,default,,,,,,,
vus,1780771119,48.000000,,,,,,,,,,,,,,,,
vus_max,1780771119,50.000000,,,,,,,,,,,,,,,,
http_reqs,1780771119,1.000000,,,,true,,GET,LandingPage,HTTP/1.1,default,,200,,,LandingPage,,
http_req_duration,1780771119,6271.838900,,,,true,,GET,LandingPage,HTTP/1.1,default,,200,,,LandingPage,,
http_req_blocked,1780771119,0.000000,,,,true,,GET,LandingPage,HTTP/1.1,default,,200,,,LandingPage,,
http_req_connecting,1780771119,0.000000,,,,true,,GET,LandingPage,HTTP/1.1,default,,200,,,LandingPage,,
http_req_tls_handshaking,1780771119,0.000000,,,,true,,GET,LandingPage,HTTP/1.1,default,,200,,,LandingPage,,
http_req_sending,1780771119,0.336500,,,,true,,GET,LandingPage,HTTP/1.1,default,,200,,,LandingPage,,
http_req_waiting,1780771119,6270.139200,,,,true,,GET,LandingPage,HTTP/1.1,default,,200,,,LandingPage,,
http_req_receiving,1780771119,1.363200,,,,true,,GET,LandingPage,HTTP/1.1,default,,200,,,LandingPage,,
http_req_failed,1780771119,0.000000,,,,true,,GET,LandingPage,HTTP/1.1,default,,200,,,LandingPage,,
checks,1780771119,1.000000,Home page status is 200,,,,,,,,default,,,,,,,
http_reqs,1780771120,1.000000,,,,true,,GET,LandingPage,HTTP/1.1,default,,200,,,LandingPage,,
http_req_duration,1780771120,6332.090600,,,,true,,GET,LandingPage,HTTP/1.1,default,,200,,,LandingPage,,
http_req_blocked,1780771120,0.000000,,,,true,,GET,LandingPage,HTTP/1.1,default,,200,,,LandingPage,,
http_req_connecting,1780771120,0.000000,,,,true,,GET,LandingPage,HTTP/1.1,default,,200,,,LandingPage,,
http_req_tls_handshaking,1780771120,0.000000,,,,true,,GET,LandingPage,HTTP/1.1,default,,200,,,LandingPage,,
http_req_sending,1780771120,0.000000,,,,true,,GET,LandingPage,HTTP/1.1,default,,200,,,LandingPage,,
http_req_waiting,1780771120,6331.770500,,,,true,,GET,LandingPage,HTTP/1.1,default,,200,,,LandingPage,,
http_req_receiving,1780771120,0.320100,,,,true,,GET,LandingPage,HTTP/1.1,default,,200,,,LandingPage,,
http_req_failed,1780771120,0.000000,,,,true,,GET,LandingPage,HTTP/1.1,default,,200,,,LandingPage,,
checks,1780771120,1.000000,Home page status is 200,,,,,,,,default,,,,,,,
http_reqs,1780771120,1.000000,,,,true,,GET,LandingPage,HTTP/1.1,default,,200,,,LandingPage,,
http_req_duration,1780771120,6011.602600,,,,true,,GET,LandingPage,HTTP/1.1,default,,200,,,LandingPage,,
http_req_blocked,1780771120,0.000000,,,,true,,GET,LandingPage,HTTP/1.1,default,,200,,,LandingPage,,
http_req_connecting,1780771120,0.000000,,,,true,,GET,LandingPage,HTTP/1.1,default,,200,,,LandingPage,,
http_req_tls_handshaking,1780771120,0.000000,,,,true,,GET,LandingPage,HTTP/1.1,default,,200,,,LandingPage,,
http_req_sending,1780771120,0.000000,,,,true,,GET,LandingPage,HTTP/1.1,default,,200,,,LandingPage,,
http_req_waiting,1780771120,6006.691800,,,,true,,GET,LandingPage,HTTP/1.1,default,,200,,,LandingPage,,
http_req_receiving,1780771120,4.910800,,,,true,,GET,LandingPage,HTTP/1.1,default,,200,,,LandingPage,,
http_req_failed,1780771120,0.000000,,,,true,,GET,LandingPage,HTTP/1.1,default,,200,,,LandingPage,,
checks,1780771120,1.000000,Home page status is 200,,,,,,,,default,,,,,,,
vus,1780771120,48.000000,,,,,,,,,,,,,,,,
vus_max,1780771120,50.000000,,,,,,,,,,,,,,,,
data_sent,1780771120,264.000000,,,,,,,,,default,,,,,,,
data_received,1780771120,110038.000000,,,,,,,,,default,,,,,,,
iteration_duration,1780771120,59767.731900,,,,,,,,,default,,,,,,,
iterations,1780771120,1.000000,,,,,,,,,default,,,,,,,
http_reqs,1780771120,1.000000,,,,true,,GET,LandingPage,HTTP/1.1,default,,200,,,LandingPage,,
http_req_duration,1780771120,6041.234000,,,,true,,GET,LandingPage,HTTP/1.1,default,,200,,,LandingPage,,
http_req_blocked,1780771120,0.000000,,,,true,,GET,LandingPage,HTTP/1.1,default,,200,,,LandingPage,,
http_req_connecting,1780771120,0.000000,,,,true,,GET,LandingPage,HTTP/1.1,default,,200,,,LandingPage,,
http_req_tls_handshaking,1780771120,0.000000,,,,true,,GET,LandingPage,HTTP/1.1,default,,200,,,LandingPage,,
http_req_sending,1780771120,0.000000,,,,true,,GET,LandingPage,HTTP/1.1,default,,200,,,LandingPage,,
http_req_waiting,1780771120,6037.778300,,,,true,,GET,LandingPage,HTTP/1.1,default,,200,,,LandingPage,,
http_req_receiving,1780771120,3.455700,,,,true,,GET,LandingPage,HTTP/1.1,default,,200,,,LandingPage,,
http_req_failed,1780771120,0.000000,,,,true,,GET,LandingPage,HTTP/1.1,default,,200,,,LandingPage,,
checks,1780771120,1.000000,Home page status is 200,,,,,,,,default,,,,,,,
data_sent,1780771120,264.000000,,,,,,,,,default,,,,,,,
data_received,1780771120,110514.000000,,,,,,,,,default,,,,,,,
iteration_duration,1780771120,59762.231600,,,,,,,,,default,,,,,,,
iterations,1780771120,1.000000,,,,,,,,,default,,,,,,,
http_reqs,1780771121,1.000000,,,,true,,GET,LandingPage,HTTP/1.1,default,,200,,,LandingPage,,
http_req_duration,1780771121,6413.381200,,,,true,,GET,LandingPage,HTTP/1.1,default,,200,,,LandingPage,,
http_req_blocked,1780771121,0.000000,,,,true,,GET,LandingPage,HTTP/1.1,default,,200,,,LandingPage,,
http_req_connecting,1780771121,0.000000,,,,true,,GET,LandingPage,HTTP/1.1,default,,200,,,LandingPage,,
http_req_tls_handshaking,1780771121,0.000000,,,,true,,GET,LandingPage,HTTP/1.1,default,,200,,,LandingPage,,
http_req_sending,1780771121,0.000000,,,,true,,GET,LandingPage,HTTP/1.1,default,,200,,,LandingPage,,
http_req_waiting,1780771121,6405.958100,,,,true,,GET,LandingPage,HTTP/1.1,default,,200,,,LandingPage,,
http_req_receiving,1780771121,7.423100,,,,true,,GET,LandingPage,HTTP/1.1,default,,200,,,LandingPage,,
http_req_failed,1780771121,0.000000,,,,true,,GET,LandingPage,HTTP/1.1,default,,200,,,LandingPage,,
checks,1780771121,1.000000,Home page status is 200,,,,,,,,default,,,,,,,
vus,1780771121,48.000000,,,,,,,,,,,,,,,,
vus_max,1780771121,50.000000,,,,,,,,,,,,,,,,
http_reqs,1780771121,1.000000,,,,true,,GET,LandingPage,HTTP/1.1,default,,200,,,LandingPage,,
http_req_duration,1780771121,6601.507200,,,,true,,GET,LandingPage,HTTP/1.1,default,,200,,,LandingPage,,
http_req_blocked,1780771121,0.000000,,,,true,,GET,LandingPage,HTTP/1.1,default,,200,,,LandingPage,,
http_req_connecting,1780771121,0.000000,,,,true,,GET,LandingPage,HTTP/1.1,default,,200,,,LandingPage,,
http_req_tls_handshaking,1780771121,0.000000,,,,true,,GET,LandingPage,HTTP/1.1,default,,200,,,LandingPage,,
http_req_sending,1780771121,0.000000,,,,true,,GET,LandingPage,HTTP/1.1,default,,200,,,LandingPage,,
http_req_waiting,1780771121,6594.598800,,,,true,,GET,LandingPage,HTTP/1.1,default,,200,,,LandingPage,,
http_req_receiving,1780771121,6.908400,,,,true,,GET,LandingPage,HTTP/1.1,default,,200,,,LandingPage,,
http_req_failed,1780771121,0.000000,,,,true,,GET,LandingPage,HTTP/1.1,default,,200,,,LandingPage,,
checks,1780771121,1.000000,Home page status is 200,,,,,,,,default,,,,,,,
http_reqs,1780771122,1.000000,,,,true,,GET,LandingPage,HTTP/1.1,default,,200,,,LandingPage,,
http_req_duration,1780771122,6820.364300,,,,true,,GET,LandingPage,HTTP/1.1,default,,200,,,LandingPage,,
http_req_blocked,1780771122,0.988200,,,,true,,GET,LandingPage,HTTP/1.1,default,,200,,,LandingPage,,
http_req_connecting,1780771122,0.000000,,,,true,,GET,LandingPage,HTTP/1.1,default,,200,,,LandingPage,,
http_req_tls_handshaking,1780771122,0.000000,,,,true,,GET,LandingPage,HTTP/1.1,default,,200,,,LandingPage,,
http_req_sending,1780771122,0.000000,,,,true,,GET,LandingPage,HTTP/1.1,default,,200,,,LandingPage,,
http_req_waiting,1780771122,6820.364300,,,,true,,GET,LandingPage,HTTP/1.1,default,,200,,,LandingPage,,
http_req_receiving,1780771122,0.000000,,,,true,,GET,LandingPage,HTTP/1.1,default,,200,,,LandingPage,,
http_req_failed,1780771122,0.000000,,,,true,,GET,LandingPage,HTTP/1.1,default,,200,,,LandingPage,,
checks,1780771122,1.000000,Home page status is 200,,,,,,,,default,,,,,,,
http_reqs,1780771122,1.000000,,,,true,,GET,LandingPage,HTTP/1.1,default,,200,,,LandingPage,,
http_req_duration,1780771122,7010.338700,,,,true,,GET,LandingPage,HTTP/1.1,default,,200,,,LandingPage,,
http_req_blocked,1780771122,0.000000,,,,true,,GET,LandingPage,HTTP/1.1,default,,200,,,LandingPage,,
http_req_connecting,1780771122,0.000000,,,,true,,GET,LandingPage,HTTP/1.1,default,,200,,,LandingPage,,
http_req_tls_handshaking,1780771122,0.000000,,,,true,,GET,LandingPage,HTTP/1.1,default,,200,,,LandingPage,,
http_req_sending,1780771122,0.000000,,,,true,,GET,LandingPage,HTTP/1.1,default,,200,,,LandingPage,,
http_req_waiting,1780771122,7009.139900,,,,true,,GET,LandingPage,HTTP/1.1,default,,200,,,LandingPage,,
http_req_receiving,1780771122,1.198800,,,,true,,GET,LandingPage,HTTP/1.1,default,,200,,,LandingPage,,
http_req_failed,1780771122,0.000000,,,,true,,GET,LandingPage,HTTP/1.1,default,,200,,,LandingPage,,
checks,1780771122,1.000000,Home page status is 200,,,,,,,,default,,,,,,,
vus,1780771122,48.000000,,,,,,,,,,,,,,,,
vus_max,1780771122,50.000000,,,,,,,,,,,,,,,,
http_reqs,1780771122,1.000000,,,,true,,GET,LandingPage,HTTP/1.1,default,,200,,,LandingPage,,
http_req_duration,1780771122,7083.587100,,,,true,,GET,LandingPage,HTTP/1.1,default,,200,,,LandingPage,,
http_req_blocked,1780771122,0.000000,,,,true,,GET,LandingPage,HTTP/1.1,default,,200,,,LandingPage,,
http_req_connecting,1780771122,0.000000,,,,true,,GET,LandingPage,HTTP/1.1,default,,200,,,LandingPage,,
http_req_tls_handshaking,1780771122,0.000000,,,,true,,GET,LandingPage,HTTP/1.1,default,,200,,,LandingPage,,
http_req_sending,1780771122,0.000000,,,,true,,GET,LandingPage,HTTP/1.1,default,,200,,,LandingPage,,
http_req_waiting,1780771122,7082.983800,,,,true,,GET,LandingPage,HTTP/1.1,default,,200,,,LandingPage,,
http_req_receiving,1780771122,0.603300,,,,true,,GET,LandingPage,HTTP/1.1,default,,200,,,LandingPage,,
http_req_failed,1780771122,0.000000,,,,true,,GET,LandingPage,HTTP/1.1,default,,200,,,LandingPage,,
checks,1780771122,1.000000,Home page status is 200,,,,,,,,default,,,,,,,
http_reqs,1780771122,1.000000,,,,true,,GET,LandingPage,HTTP/1.1,default,,200,,,LandingPage,,
http_req_duration,1780771122,7252.808100,,,,true,,GET,LandingPage,HTTP/1.1,default,,200,,,LandingPage,,
http_req_blocked,1780771122,0.000000,,,,true,,GET,LandingPage,HTTP/1.1,default,,200,,,LandingPage,,
http_req_connecting,1780771122,0.000000,,,,true,,GET,LandingPage,HTTP/1.1,default,,200,,,LandingPage,,
http_req_tls_handshaking,1780771122,0.000000,,,,true,,GET,LandingPage,HTTP/1.1,default,,200,,,LandingPage,,
http_req_sending,1780771122,0.000000,,,,true,,GET,LandingPage,HTTP/1.1,default,,200,,,LandingPage,,
http_req_waiting,1780771122,7242.176400,,,,true,,GET,LandingPage,HTTP/1.1,default,,200,,,LandingPage,,
http_req_receiving,1780771122,10.631700,,,,true,,GET,LandingPage,HTTP/1.1,default,,200,,,LandingPage,,
http_req_failed,1780771122,0.000000,,,,true,,GET,LandingPage,HTTP/1.1,default,,200,,,LandingPage,,
checks,1780771122,1.000000,Home page status is 200,,,,,,,,default,,,,,,,
http_reqs,1780771123,1.000000,,,,true,,GET,LandingPage,HTTP/1.1,default,,200,,,LandingPage,,
http_req_duration,1780771123,7492.699600,,,,true,,GET,LandingPage,HTTP/1.1,default,,200,,,LandingPage,,
http_req_blocked,1780771123,0.000000,,,,true,,GET,LandingPage,HTTP/1.1,default,,200,,,LandingPage,,
http_req_connecting,1780771123,0.000000,,,,true,,GET,LandingPage,HTTP/1.1,default,,200,,,LandingPage,,
http_req_tls_handshaking,1780771123,0.000000,,,,true,,GET,LandingPage,HTTP/1.1,default,,200,,,LandingPage,,
http_req_sending,1780771123,0.000000,,,,true,,GET,LandingPage,HTTP/1.1,default,,200,,,LandingPage,,
http_req_waiting,1780771123,7486.743000,,,,true,,GET,LandingPage,HTTP/1.1,default,,200,,,LandingPage,,
http_req_receiving,1780771123,5.956600,,,,true,,GET,LandingPage,HTTP/1.1,default,,200,,,LandingPage,,
http_req_failed,1780771123,0.000000,,,,true,,GET,LandingPage,HTTP/1.1,default,,200,,,LandingPage,,
checks,1780771123,1.000000,Home page status is 200,,,,,,,,default,,,,,,,
vus,1780771123,48.000000,,,,,,,,,,,,,,,,
vus_max,1780771123,50.000000,,,,,,,,,,,,,,,,
http_reqs,1780771123,1.000000,,,,true,,GET,LandingPage,HTTP/1.1,default,,200,,,LandingPage,,
http_req_duration,1780771123,7633.545800,,,,true,,GET,LandingPage,HTTP/1.1,default,,200,,,LandingPage,,
http_req_blocked,1780771123,0.000000,,,,true,,GET,LandingPage,HTTP/1.1,default,,200,,,LandingPage,,
http_req_connecting,1780771123,0.000000,,,,true,,GET,LandingPage,HTTP/1.1,default,,200,,,LandingPage,,
http_req_tls_handshaking,1780771123,0.000000,,,,true,,GET,LandingPage,HTTP/1.1,default,,200,,,LandingPage,,
http_req_sending,1780771123,0.000000,,,,true,,GET,LandingPage,HTTP/1.1,default,,200,,,LandingPage,,
http_req_waiting,1780771123,7625.343100,,,,true,,GET,LandingPage,HTTP/1.1,default,,200,,,LandingPage,,
http_req_receiving,1780771123,8.202700,,,,true,,GET,LandingPage,HTTP/1.1,default,,200,,,LandingPage,,
http_req_failed,1780771123,0.000000,,,,true,,GET,LandingPage,HTTP/1.1,default,,200,,,LandingPage,,
checks,1780771123,1.000000,Home page status is 200,,,,,,,,default,,,,,,,
http_reqs,1780771123,1.000000,,,,true,,GET,LandingPage,HTTP/1.1,default,,200,,,LandingPage,,
http_req_duration,1780771123,7732.202200,,,,true,,GET,LandingPage,HTTP/1.1,default,,200,,,LandingPage,,
http_req_blocked,1780771123,0.000000,,,,true,,GET,LandingPage,HTTP/1.1,default,,200,,,LandingPage,,
http_req_connecting,1780771123,0.000000,,,,true,,GET,LandingPage,HTTP/1.1,default,,200,,,LandingPage,,
http_req_tls_handshaking,1780771123,0.000000,,,,true,,GET,LandingPage,HTTP/1.1,default,,200,,,LandingPage,,
http_req_sending,1780771123,0.000000,,,,true,,GET,LandingPage,HTTP/1.1,default,,200,,,LandingPage,,
http_req_waiting,1780771123,7723.708000,,,,true,,GET,LandingPage,HTTP/1.1,default,,200,,,LandingPage,,
http_req_receiving,1780771123,8.494200,,,,true,,GET,LandingPage,HTTP/1.1,default,,200,,,LandingPage,,
http_req_failed,1780771123,0.000000,,,,true,,GET,LandingPage,HTTP/1.1,default,,200,,,LandingPage,,
checks,1780771123,1.000000,Home page status is 200,,,,,,,,default,,,,,,,
http_reqs,1780771124,1.000000,,,,true,,GET,LandingPage,HTTP/1.1,default,,200,,,LandingPage,,
http_req_duration,1780771124,7645.289500,,,,true,,GET,LandingPage,HTTP/1.1,default,,200,,,LandingPage,,
http_req_blocked,1780771124,0.000000,,,,true,,GET,LandingPage,HTTP/1.1,default,,200,,,LandingPage,,
http_req_connecting,1780771124,0.000000,,,,true,,GET,LandingPage,HTTP/1.1,default,,200,,,LandingPage,,
http_req_tls_handshaking,1780771124,0.000000,,,,true,,GET,LandingPage,HTTP/1.1,default,,200,,,LandingPage,,
http_req_sending,1780771124,0.000000,,,,true,,GET,LandingPage,HTTP/1.1,default,,200,,,LandingPage,,
http_req_waiting,1780771124,7644.090500,,,,true,,GET,LandingPage,HTTP/1.1,default,,200,,,LandingPage,,
http_req_receiving,1780771124,1.199000,,,,true,,GET,LandingPage,HTTP/1.1,default,,200,,,LandingPage,,
http_req_failed,1780771124,0.000000,,,,true,,GET,LandingPage,HTTP/1.1,default,,200,,,LandingPage,,
checks,1780771124,1.000000,Home page status is 200,,,,,,,,default,,,,,,,
vus,1780771124,48.000000,,,,,,,,,,,,,,,,
vus_max,1780771124,50.000000,,,,,,,,,,,,,,,,
http_reqs,1780771124,1.000000,,,,true,,GET,LandingPage,HTTP/1.1,default,,200,,,LandingPage,,
http_req_duration,1780771124,7644.260200,,,,true,,GET,LandingPage,HTTP/1.1,default,,200,,,LandingPage,,
http_req_blocked,1780771124,0.000000,,,,true,,GET,LandingPage,HTTP/1.1,default,,200,,,LandingPage,,
http_req_connecting,1780771124,0.000000,,,,true,,GET,LandingPage,HTTP/1.1,default,,200,,,LandingPage,,
http_req_tls_handshaking,1780771124,0.000000,,,,true,,GET,LandingPage,HTTP/1.1,default,,200,,,LandingPage,,
http_req_sending,1780771124,0.000000,,,,true,,GET,LandingPage,HTTP/1.1,default,,200,,,LandingPage,,
http_req_waiting,1780771124,7643.742200,,,,true,,GET,LandingPage,HTTP/1.1,default,,200,,,LandingPage,,
http_req_receiving,1780771124,0.518000,,,,true,,GET,LandingPage,HTTP/1.1,default,,200,,,LandingPage,,
http_req_failed,1780771124,0.000000,,,,true,,GET,LandingPage,HTTP/1.1,default,,200,,,LandingPage,,
checks,1780771124,1.000000,Home page status is 200,,,,,,,,default,,,,,,,
http_reqs,1780771124,1.000000,,,,true,,GET,LandingPage,HTTP/1.1,default,,200,,,LandingPage,,
http_req_duration,1780771124,7533.681300,,,,true,,GET,LandingPage,HTTP/1.1,default,,200,,,LandingPage,,
http_req_blocked,1780771124,0.000000,,,,true,,GET,LandingPage,HTTP/1.1,default,,200,,,LandingPage,,
http_req_connecting,1780771124,0.000000,,,,true,,GET,LandingPage,HTTP/1.1,default,,200,,,LandingPage,,
http_req_tls_handshaking,1780771124,0.000000,,,,true,,GET,LandingPage,HTTP/1.1,default,,200,,,LandingPage,,
http_req_sending,1780771124,0.000000,,,,true,,GET,LandingPage,HTTP/1.1,default,,200,,,LandingPage,,
http_req_waiting,1780771124,7532.764100,,,,true,,GET,LandingPage,HTTP/1.1,default,,200,,,LandingPage,,
http_req_receiving,1780771124,0.917200,,,,true,,GET,LandingPage,HTTP/1.1,default,,200,,,LandingPage,,
http_req_failed,1780771124,0.000000,,,,true,,GET,LandingPage,HTTP/1.1,default,,200,,,LandingPage,,
checks,1780771124,1.000000,Home page status is 200,,,,,,,,default,,,,,,,
http_reqs,1780771125,1.000000,,,,true,,GET,LandingPage,HTTP/1.1,default,,200,,,LandingPage,,
http_req_duration,1780771125,7504.145500,,,,true,,GET,LandingPage,HTTP/1.1,default,,200,,,LandingPage,,
http_req_blocked,1780771125,0.000000,,,,true,,GET,LandingPage,HTTP/1.1,default,,200,,,LandingPage,,
http_req_connecting,1780771125,0.000000,,,,true,,GET,LandingPage,HTTP/1.1,default,,200,,,LandingPage,,
http_req_tls_handshaking,1780771125,0.000000,,,,true,,GET,LandingPage,HTTP/1.1,default,,200,,,LandingPage,,
http_req_sending,1780771125,0.515700,,,,true,,GET,LandingPage,HTTP/1.1,default,,200,,,LandingPage,,
http_req_waiting,1780771125,7501.723500,,,,true,,GET,LandingPage,HTTP/1.1,default,,200,,,LandingPage,,
http_req_receiving,1780771125,1.906300,,,,true,,GET,LandingPage,HTTP/1.1,default,,200,,,LandingPage,,
http_req_failed,1780771125,0.000000,,,,true,,GET,LandingPage,HTTP/1.1,default,,200,,,LandingPage,,
checks,1780771125,1.000000,Home page status is 200,,,,,,,,default,,,,,,,
http_reqs,1780771125,1.000000,,,,true,,GET,BookDetailsJoin,HTTP/1.1,default,,200,,,BookDetailsJoin,,
http_req_duration,1780771125,19948.396500,,,,true,,GET,BookDetailsJoin,HTTP/1.1,default,,200,,,BookDetailsJoin,,
http_req_blocked,1780771125,0.000000,,,,true,,GET,BookDetailsJoin,HTTP/1.1,default,,200,,,BookDetailsJoin,,
http_req_connecting,1780771125,0.000000,,,,true,,GET,BookDetailsJoin,HTTP/1.1,default,,200,,,BookDetailsJoin,,
http_req_tls_handshaking,1780771125,0.000000,,,,true,,GET,BookDetailsJoin,HTTP/1.1,default,,200,,,BookDetailsJoin,,
http_req_sending,1780771125,0.000000,,,,true,,GET,BookDetailsJoin,HTTP/1.1,default,,200,,,BookDetailsJoin,,
http_req_waiting,1780771125,19945.932200,,,,true,,GET,BookDetailsJoin,HTTP/1.1,default,,200,,,BookDetailsJoin,,
http_req_receiving,1780771125,2.464300,,,,true,,GET,BookDetailsJoin,HTTP/1.1,default,,200,,,BookDetailsJoin,,
http_req_failed,1780771125,0.000000,,,,true,,GET,BookDetailsJoin,HTTP/1.1,default,,200,,,BookDetailsJoin,,
checks,1780771125,1.000000,Book details status is 200,,,,,,,,default,,,,,,,
vus,1780771125,48.000000,,,,,,,,,,,,,,,,
vus_max,1780771125,50.000000,,,,,,,,,,,,,,,,
http_reqs,1780771125,1.000000,,,,true,,GET,BookDetailsJoin,HTTP/1.1,default,,200,,,BookDetailsJoin,,
http_req_duration,1780771125,20505.532000,,,,true,,GET,BookDetailsJoin,HTTP/1.1,default,,200,,,BookDetailsJoin,,
http_req_blocked,1780771125,0.000000,,,,true,,GET,BookDetailsJoin,HTTP/1.1,default,,200,,,BookDetailsJoin,,
http_req_connecting,1780771125,0.000000,,,,true,,GET,BookDetailsJoin,HTTP/1.1,default,,200,,,BookDetailsJoin,,
http_req_tls_handshaking,1780771125,0.000000,,,,true,,GET,BookDetailsJoin,HTTP/1.1,default,,200,,,BookDetailsJoin,,
http_req_sending,1780771125,0.000000,,,,true,,GET,BookDetailsJoin,HTTP/1.1,default,,200,,,BookDetailsJoin,,
http_req_waiting,1780771125,20503.222100,,,,true,,GET,BookDetailsJoin,HTTP/1.1,default,,200,,,BookDetailsJoin,,
http_req_receiving,1780771125,2.309900,,,,true,,GET,BookDetailsJoin,HTTP/1.1,default,,200,,,BookDetailsJoin,,
http_req_failed,1780771125,0.000000,,,,true,,GET,BookDetailsJoin,HTTP/1.1,default,,200,,,BookDetailsJoin,,
checks,1780771125,1.000000,Book details status is 200,,,,,,,,default,,,,,,,
http_reqs,1780771126,1.000000,,,,true,,GET,BookDetailsJoin,HTTP/1.1,default,,200,,,BookDetailsJoin,,
http_req_duration,1780771126,21370.741000,,,,true,,GET,BookDetailsJoin,HTTP/1.1,default,,200,,,BookDetailsJoin,,
http_req_blocked,1780771126,0.000000,,,,true,,GET,BookDetailsJoin,HTTP/1.1,default,,200,,,BookDetailsJoin,,
http_req_connecting,1780771126,0.000000,,,,true,,GET,BookDetailsJoin,HTTP/1.1,default,,200,,,BookDetailsJoin,,
http_req_tls_handshaking,1780771126,0.000000,,,,true,,GET,BookDetailsJoin,HTTP/1.1,default,,200,,,BookDetailsJoin,,
http_req_sending,1780771126,0.000000,,,,true,,GET,BookDetailsJoin,HTTP/1.1,default,,200,,,BookDetailsJoin,,
http_req_waiting,1780771126,21361.515400,,,,true,,GET,BookDetailsJoin,HTTP/1.1,default,,200,,,BookDetailsJoin,,
http_req_receiving,1780771126,9.225600,,,,true,,GET,BookDetailsJoin,HTTP/1.1,default,,200,,,BookDetailsJoin,,
http_req_failed,1780771126,0.000000,,,,true,,GET,BookDetailsJoin,HTTP/1.1,default,,200,,,BookDetailsJoin,,
checks,1780771126,1.000000,Book details status is 200,,,,,,,,default,,,,,,,
http_reqs,1780771126,1.000000,,,,true,,GET,LandingPage,HTTP/1.1,default,,200,,,LandingPage,,
http_req_duration,1780771126,5504.987000,,,,true,,GET,LandingPage,HTTP/1.1,default,,200,,,LandingPage,,
http_req_blocked,1780771126,0.000000,,,,true,,GET,LandingPage,HTTP/1.1,default,,200,,,LandingPage,,
http_req_connecting,1780771126,0.000000,,,,true,,GET,LandingPage,HTTP/1.1,default,,200,,,LandingPage,,
http_req_tls_handshaking,1780771126,0.000000,,,,true,,GET,LandingPage,HTTP/1.1,default,,200,,,LandingPage,,
http_req_sending,1780771126,0.000000,,,,true,,GET,LandingPage,HTTP/1.1,default,,200,,,LandingPage,,
http_req_waiting,1780771126,5496.158700,,,,true,,GET,LandingPage,HTTP/1.1,default,,200,,,LandingPage,,
http_req_receiving,1780771126,8.828300,,,,true,,GET,LandingPage,HTTP/1.1,default,,200,,,LandingPage,,
http_req_failed,1780771126,0.000000,,,,true,,GET,LandingPage,HTTP/1.1,default,,200,,,LandingPage,,
checks,1780771126,1.000000,Home page status is 200,,,,,,,,default,,,,,,,
http_reqs,1780771126,1.000000,,,,true,,GET,LandingPage,HTTP/1.1,default,,200,,,LandingPage,,
http_req_duration,1780771126,5579.947500,,,,true,,GET,LandingPage,HTTP/1.1,default,,200,,,LandingPage,,
http_req_blocked,1780771126,0.000000,,,,true,,GET,LandingPage,HTTP/1.1,default,,200,,,LandingPage,,
http_req_connecting,1780771126,0.000000,,,,true,,GET,LandingPage,HTTP/1.1,default,,200,,,LandingPage,,
http_req_tls_handshaking,1780771126,0.000000,,,,true,,GET,LandingPage,HTTP/1.1,default,,200,,,LandingPage,,
http_req_sending,1780771126,1.004600,,,,true,,GET,LandingPage,HTTP/1.1,default,,200,,,LandingPage,,
http_req_waiting,1780771126,5577.925400,,,,true,,GET,LandingPage,HTTP/1.1,default,,200,,,LandingPage,,
http_req_receiving,1780771126,1.017500,,,,true,,GET,LandingPage,HTTP/1.1,default,,200,,,LandingPage,,
http_req_failed,1780771126,0.000000,,,,true,,GET,LandingPage,HTTP/1.1,default,,200,,,LandingPage,,
checks,1780771126,1.000000,Home page status is 200,,,,,,,,default,,,,,,,
vus,1780771126,48.000000,,,,,,,,,,,,,,,,
vus_max,1780771126,50.000000,,,,,,,,,,,,,,,,
http_reqs,1780771126,1.000000,,,,true,,GET,PublicCatalog,HTTP/1.1,default,,200,,,PublicCatalog,,
http_req_duration,1780771126,18448.672900,,,,true,,GET,PublicCatalog,HTTP/1.1,default,,200,,,PublicCatalog,,
http_req_blocked,1780771126,0.000000,,,,true,,GET,PublicCatalog,HTTP/1.1,default,,200,,,PublicCatalog,,
http_req_connecting,1780771126,0.000000,,,,true,,GET,PublicCatalog,HTTP/1.1,default,,200,,,PublicCatalog,,
http_req_tls_handshaking,1780771126,0.000000,,,,true,,GET,PublicCatalog,HTTP/1.1,default,,200,,,PublicCatalog,,
http_req_sending,1780771126,0.000000,,,,true,,GET,PublicCatalog,HTTP/1.1,default,,200,,,PublicCatalog,,
http_req_waiting,1780771126,18443.877100,,,,true,,GET,PublicCatalog,HTTP/1.1,default,,200,,,PublicCatalog,,
http_req_receiving,1780771126,4.795800,,,,true,,GET,PublicCatalog,HTTP/1.1,default,,200,,,PublicCatalog,,
http_req_failed,1780771126,0.000000,,,,true,,GET,PublicCatalog,HTTP/1.1,default,,200,,,PublicCatalog,,
checks,1780771126,1.000000,Catalog page status is 200,,,,,,,,default,,,,,,,
http_reqs,1780771127,1.000000,,,,true,,GET,PublicCatalog,HTTP/1.1,default,,200,,,PublicCatalog,,
http_req_duration,1780771127,19453.857400,,,,true,,GET,PublicCatalog,HTTP/1.1,default,,200,,,PublicCatalog,,
http_req_blocked,1780771127,0.000000,,,,true,,GET,PublicCatalog,HTTP/1.1,default,,200,,,PublicCatalog,,
http_req_connecting,1780771127,0.000000,,,,true,,GET,PublicCatalog,HTTP/1.1,default,,200,,,PublicCatalog,,
http_req_tls_handshaking,1780771127,0.000000,,,,true,,GET,PublicCatalog,HTTP/1.1,default,,200,,,PublicCatalog,,
http_req_sending,1780771127,0.000000,,,,true,,GET,PublicCatalog,HTTP/1.1,default,,200,,,PublicCatalog,,
http_req_waiting,1780771127,19452.821400,,,,true,,GET,PublicCatalog,HTTP/1.1,default,,200,,,PublicCatalog,,
http_req_receiving,1780771127,1.036000,,,,true,,GET,PublicCatalog,HTTP/1.1,default,,200,,,PublicCatalog,,
http_req_failed,1780771127,0.000000,,,,true,,GET,PublicCatalog,HTTP/1.1,default,,200,,,PublicCatalog,,
checks,1780771127,1.000000,Catalog page status is 200,,,,,,,,default,,,,,,,
vus,1780771127,48.000000,,,,,,,,,,,,,,,,
vus_max,1780771127,50.000000,,,,,,,,,,,,,,,,
data_sent,1780771127,152.000000,,,,,,,,,default,,,,,,,
data_received,1780771127,34019.000000,,,,,,,,,default,,,,,,,
http_reqs,1780771127,1.000000,,,,true,,GET,PublicCatalog,HTTP/1.1,default,,200,,,PublicCatalog,,
http_req_duration,1780771127,21523.437800,,,,true,,GET,PublicCatalog,HTTP/1.1,default,,200,,,PublicCatalog,,
http_req_blocked,1780771127,0.000000,,,,true,,GET,PublicCatalog,HTTP/1.1,default,,200,,,PublicCatalog,,
http_req_connecting,1780771127,0.000000,,,,true,,GET,PublicCatalog,HTTP/1.1,default,,200,,,PublicCatalog,,
http_req_tls_handshaking,1780771127,0.000000,,,,true,,GET,PublicCatalog,HTTP/1.1,default,,200,,,PublicCatalog,,
http_req_sending,1780771127,0.000000,,,,true,,GET,PublicCatalog,HTTP/1.1,default,,200,,,PublicCatalog,,
http_req_waiting,1780771127,21517.494500,,,,true,,GET,PublicCatalog,HTTP/1.1,default,,200,,,PublicCatalog,,
http_req_receiving,1780771127,5.943300,,,,true,,GET,PublicCatalog,HTTP/1.1,default,,200,,,PublicCatalog,,
http_req_failed,1780771127,0.000000,,,,true,,GET,PublicCatalog,HTTP/1.1,default,,200,,,PublicCatalog,,
checks,1780771127,1.000000,Catalog page status is 200,,,,,,,,default,,,,,,,
http_reqs,1780771128,1.000000,,,,true,,GET,PublicCatalog,HTTP/1.1,default,,200,,,PublicCatalog,,
http_req_duration,1780771128,18963.976900,,,,true,,GET,PublicCatalog,HTTP/1.1,default,,200,,,PublicCatalog,,
http_req_blocked,1780771128,0.000000,,,,true,,GET,PublicCatalog,HTTP/1.1,default,,200,,,PublicCatalog,,
http_req_connecting,1780771128,0.000000,,,,true,,GET,PublicCatalog,HTTP/1.1,default,,200,,,PublicCatalog,,
http_req_tls_handshaking,1780771128,0.000000,,,,true,,GET,PublicCatalog,HTTP/1.1,default,,200,,,PublicCatalog,,
http_req_sending,1780771128,0.000000,,,,true,,GET,PublicCatalog,HTTP/1.1,default,,200,,,PublicCatalog,,
http_req_waiting,1780771128,18960.977400,,,,true,,GET,PublicCatalog,HTTP/1.1,default,,200,,,PublicCatalog,,
http_req_receiving,1780771128,2.999500,,,,true,,GET,PublicCatalog,HTTP/1.1,default,,200,,,PublicCatalog,,
http_req_failed,1780771128,0.000000,,,,true,,GET,PublicCatalog,HTTP/1.1,default,,200,,,PublicCatalog,,
checks,1780771128,1.000000,Catalog page status is 200,,,,,,,,default,,,,,,,
data_sent,1780771128,264.000000,,,,,,,,,default,,,,,,,
data_received,1780771128,110128.000000,,,,,,,,,default,,,,,,,
iteration_duration,1780771128,68079.753400,,,,,,,,,default,,,,,,,
iterations,1780771128,1.000000,,,,,,,,,default,,,,,,,
vus,1780771128,46.000000,,,,,,,,,,,,,,,,
vus_max,1780771128,50.000000,,,,,,,,,,,,,,,,
http_reqs,1780771128,1.000000,,,,true,,GET,PublicCatalog,HTTP/1.1,default,,200,,,PublicCatalog,,
http_req_duration,1780771128,17675.470100,,,,true,,GET,PublicCatalog,HTTP/1.1,default,,200,,,PublicCatalog,,
http_req_blocked,1780771128,0.000000,,,,true,,GET,PublicCatalog,HTTP/1.1,default,,200,,,PublicCatalog,,
http_req_connecting,1780771128,0.000000,,,,true,,GET,PublicCatalog,HTTP/1.1,default,,200,,,PublicCatalog,,
http_req_tls_handshaking,1780771128,0.000000,,,,true,,GET,PublicCatalog,HTTP/1.1,default,,200,,,PublicCatalog,,
http_req_sending,1780771128,0.000000,,,,true,,GET,PublicCatalog,HTTP/1.1,default,,200,,,PublicCatalog,,
http_req_waiting,1780771128,17674.177800,,,,true,,GET,PublicCatalog,HTTP/1.1,default,,200,,,PublicCatalog,,
http_req_receiving,1780771128,1.292300,,,,true,,GET,PublicCatalog,HTTP/1.1,default,,200,,,PublicCatalog,,
http_req_failed,1780771128,0.000000,,,,true,,GET,PublicCatalog,HTTP/1.1,default,,200,,,PublicCatalog,,
checks,1780771128,1.000000,Catalog page status is 200,,,,,,,,default,,,,,,,
data_sent,1780771128,264.000000,,,,,,,,,default,,,,,,,
data_received,1780771128,109953.000000,,,,,,,,,default,,,,,,,
iteration_duration,1780771128,62341.626500,,,,,,,,,default,,,,,,,
iterations,1780771128,1.000000,,,,,,,,,default,,,,,,,
data_sent,1780771128,152.000000,,,,,,,,,default,,,,,,,
data_received,1780771128,68932.000000,,,,,,,,,default,,,,,,,
data_sent,1780771129,264.000000,,,,,,,,,default,,,,,,,
data_received,1780771129,109576.000000,,,,,,,,,default,,,,,,,
iteration_duration,1780771129,68653.280100,,,,,,,,,default,,,,,,,
iterations,1780771129,1.000000,,,,,,,,,default,,,,,,,
http_reqs,1780771129,1.000000,,,,true,,GET,PublicCatalog,HTTP/1.1,default,,200,,,PublicCatalog,,
http_req_duration,1780771129,21634.226700,,,,true,,GET,PublicCatalog,HTTP/1.1,default,,200,,,PublicCatalog,,
http_req_blocked,1780771129,0.000000,,,,true,,GET,PublicCatalog,HTTP/1.1,default,,200,,,PublicCatalog,,
http_req_connecting,1780771129,0.000000,,,,true,,GET,PublicCatalog,HTTP/1.1,default,,200,,,PublicCatalog,,
http_req_tls_handshaking,1780771129,0.000000,,,,true,,GET,PublicCatalog,HTTP/1.1,default,,200,,,PublicCatalog,,
http_req_sending,1780771129,0.000000,,,,true,,GET,PublicCatalog,HTTP/1.1,default,,200,,,PublicCatalog,,
http_req_waiting,1780771129,21633.298300,,,,true,,GET,PublicCatalog,HTTP/1.1,default,,200,,,PublicCatalog,,
http_req_receiving,1780771129,0.928400,,,,true,,GET,PublicCatalog,HTTP/1.1,default,,200,,,PublicCatalog,,
http_req_failed,1780771129,0.000000,,,,true,,GET,PublicCatalog,HTTP/1.1,default,,200,,,PublicCatalog,,
checks,1780771129,1.000000,Catalog page status is 200,,,,,,,,default,,,,,,,
http_reqs,1780771129,1.000000,,,,true,,GET,PublicCatalog,HTTP/1.1,default,,200,,,PublicCatalog,,
http_req_duration,1780771129,23277.287800,,,,true,,GET,PublicCatalog,HTTP/1.1,default,,200,,,PublicCatalog,,
http_req_blocked,1780771129,0.000000,,,,true,,GET,PublicCatalog,HTTP/1.1,default,,200,,,PublicCatalog,,
http_req_connecting,1780771129,0.000000,,,,true,,GET,PublicCatalog,HTTP/1.1,default,,200,,,PublicCatalog,,
http_req_tls_handshaking,1780771129,0.000000,,,,true,,GET,PublicCatalog,HTTP/1.1,default,,200,,,PublicCatalog,,
http_req_sending,1780771129,0.000000,,,,true,,GET,PublicCatalog,HTTP/1.1,default,,200,,,PublicCatalog,,
http_req_waiting,1780771129,23275.122000,,,,true,,GET,PublicCatalog,HTTP/1.1,default,,200,,,PublicCatalog,,
http_req_receiving,1780771129,2.165800,,,,true,,GET,PublicCatalog,HTTP/1.1,default,,200,,,PublicCatalog,,
http_req_failed,1780771129,0.000000,,,,true,,GET,PublicCatalog,HTTP/1.1,default,,200,,,PublicCatalog,,
checks,1780771129,1.000000,Catalog page status is 200,,,,,,,,default,,,,,,,
http_reqs,1780771129,1.000000,,,,true,,GET,BookDetailsJoin,HTTP/1.1,default,,200,,,BookDetailsJoin,,
http_req_duration,1780771129,16441.297600,,,,true,,GET,BookDetailsJoin,HTTP/1.1,default,,200,,,BookDetailsJoin,,
http_req_blocked,1780771129,0.000000,,,,true,,GET,BookDetailsJoin,HTTP/1.1,default,,200,,,BookDetailsJoin,,
http_req_connecting,1780771129,0.000000,,,,true,,GET,BookDetailsJoin,HTTP/1.1,default,,200,,,BookDetailsJoin,,
http_req_tls_handshaking,1780771129,0.000000,,,,true,,GET,BookDetailsJoin,HTTP/1.1,default,,200,,,BookDetailsJoin,,
http_req_sending,1780771129,0.000000,,,,true,,GET,BookDetailsJoin,HTTP/1.1,default,,200,,,BookDetailsJoin,,
http_req_waiting,1780771129,16437.918300,,,,true,,GET,BookDetailsJoin,HTTP/1.1,default,,200,,,BookDetailsJoin,,
http_req_receiving,1780771129,3.379300,,,,true,,GET,BookDetailsJoin,HTTP/1.1,default,,200,,,BookDetailsJoin,,
http_req_failed,1780771129,0.000000,,,,true,,GET,BookDetailsJoin,HTTP/1.1,default,,200,,,BookDetailsJoin,,
checks,1780771129,1.000000,Book details status is 200,,,,,,,,default,,,,,,,
vus,1780771129,44.000000,,,,,,,,,,,,,,,,
vus_max,1780771129,50.000000,,,,,,,,,,,,,,,,
http_reqs,1780771129,1.000000,,,,true,,GET,PublicCatalog,HTTP/1.1,default,,200,,,PublicCatalog,,
http_req_duration,1780771129,23422.349400,,,,true,,GET,PublicCatalog,HTTP/1.1,default,,200,,,PublicCatalog,,
http_req_blocked,1780771129,0.000000,,,,true,,GET,PublicCatalog,HTTP/1.1,default,,200,,,PublicCatalog,,
http_req_connecting,1780771129,0.000000,,,,true,,GET,PublicCatalog,HTTP/1.1,default,,200,,,PublicCatalog,,
http_req_tls_handshaking,1780771129,0.000000,,,,true,,GET,PublicCatalog,HTTP/1.1,default,,200,,,PublicCatalog,,
http_req_sending,1780771129,0.000000,,,,true,,GET,PublicCatalog,HTTP/1.1,default,,200,,,PublicCatalog,,
http_req_waiting,1780771129,23422.349400,,,,true,,GET,PublicCatalog,HTTP/1.1,default,,200,,,PublicCatalog,,
http_req_receiving,1780771129,0.000000,,,,true,,GET,PublicCatalog,HTTP/1.1,default,,200,,,PublicCatalog,,
http_req_failed,1780771129,0.000000,,,,true,,GET,PublicCatalog,HTTP/1.1,default,,200,,,PublicCatalog,,
checks,1780771129,1.000000,Catalog page status is 200,,,,,,,,default,,,,,,,
data_sent,1780771130,264.000000,,,,,,,,,default,,,,,,,
data_received,1780771130,69390.000000,,,,,,,,,default,,,,,,,
http_reqs,1780771130,1.000000,,,,true,,GET,PublicCatalog,HTTP/1.1,default,,200,,,PublicCatalog,,
http_req_duration,1780771130,21227.639700,,,,true,,GET,PublicCatalog,HTTP/1.1,default,,200,,,PublicCatalog,,
http_req_blocked,1780771130,0.000000,,,,true,,GET,PublicCatalog,HTTP/1.1,default,,200,,,PublicCatalog,,
http_req_connecting,1780771130,0.000000,,,,true,,GET,PublicCatalog,HTTP/1.1,default,,200,,,PublicCatalog,,
http_req_tls_handshaking,1780771130,0.000000,,,,true,,GET,PublicCatalog,HTTP/1.1,default,,200,,,PublicCatalog,,
http_req_sending,1780771130,0.000000,,,,true,,GET,PublicCatalog,HTTP/1.1,default,,200,,,PublicCatalog,,
http_req_waiting,1780771130,21226.634000,,,,true,,GET,PublicCatalog,HTTP/1.1,default,,200,,,PublicCatalog,,
http_req_receiving,1780771130,1.005700,,,,true,,GET,PublicCatalog,HTTP/1.1,default,,200,,,PublicCatalog,,
http_req_failed,1780771130,0.000000,,,,true,,GET,PublicCatalog,HTTP/1.1,default,,200,,,PublicCatalog,,
checks,1780771130,1.000000,Catalog page status is 200,,,,,,,,default,,,,,,,
http_reqs,1780771130,1.000000,,,,true,,GET,BookDetailsJoin,HTTP/1.1,default,,200,,,BookDetailsJoin,,
http_req_duration,1780771130,17038.427200,,,,true,,GET,BookDetailsJoin,HTTP/1.1,default,,200,,,BookDetailsJoin,,
http_req_blocked,1780771130,0.000000,,,,true,,GET,BookDetailsJoin,HTTP/1.1,default,,200,,,BookDetailsJoin,,
http_req_connecting,1780771130,0.000000,,,,true,,GET,BookDetailsJoin,HTTP/1.1,default,,200,,,BookDetailsJoin,,
http_req_tls_handshaking,1780771130,0.000000,,,,true,,GET,BookDetailsJoin,HTTP/1.1,default,,200,,,BookDetailsJoin,,
http_req_sending,1780771130,0.000000,,,,true,,GET,BookDetailsJoin,HTTP/1.1,default,,200,,,BookDetailsJoin,,
http_req_waiting,1780771130,17037.672400,,,,true,,GET,BookDetailsJoin,HTTP/1.1,default,,200,,,BookDetailsJoin,,
http_req_receiving,1780771130,0.754800,,,,true,,GET,BookDetailsJoin,HTTP/1.1,default,,200,,,BookDetailsJoin,,
http_req_failed,1780771130,0.000000,,,,true,,GET,BookDetailsJoin,HTTP/1.1,default,,200,,,BookDetailsJoin,,
checks,1780771130,1.000000,Book details status is 200,,,,,,,,default,,,,,,,
vus,1780771130,43.000000,,,,,,,,,,,,,,,,
vus_max,1780771130,50.000000,,,,,,,,,,,,,,,,
http_reqs,1780771130,1.000000,,,,true,,GET,PublicCatalog,HTTP/1.1,default,,200,,,PublicCatalog,,
http_req_duration,1780771130,23617.385400,,,,true,,GET,PublicCatalog,HTTP/1.1,default,,200,,,PublicCatalog,,
http_req_blocked,1780771130,0.000000,,,,true,,GET,PublicCatalog,HTTP/1.1,default,,200,,,PublicCatalog,,
http_req_connecting,1780771130,0.000000,,,,true,,GET,PublicCatalog,HTTP/1.1,default,,200,,,PublicCatalog,,
http_req_tls_handshaking,1780771130,0.000000,,,,true,,GET,PublicCatalog,HTTP/1.1,default,,200,,,PublicCatalog,,
http_req_sending,1780771130,0.563400,,,,true,,GET,PublicCatalog,HTTP/1.1,default,,200,,,PublicCatalog,,
http_req_waiting,1780771130,23605.479800,,,,true,,GET,PublicCatalog,HTTP/1.1,default,,200,,,PublicCatalog,,
http_req_receiving,1780771130,11.342200,,,,true,,GET,PublicCatalog,HTTP/1.1,default,,200,,,PublicCatalog,,
http_req_failed,1780771130,0.000000,,,,true,,GET,PublicCatalog,HTTP/1.1,default,,200,,,PublicCatalog,,
checks,1780771130,1.000000,Catalog page status is 200,,,,,,,,default,,,,,,,
http_reqs,1780771130,1.000000,,,,true,,GET,PublicCatalog,HTTP/1.1,default,,200,,,PublicCatalog,,
http_req_duration,1780771130,20376.077700,,,,true,,GET,PublicCatalog,HTTP/1.1,default,,200,,,PublicCatalog,,
http_req_blocked,1780771130,0.000000,,,,true,,GET,PublicCatalog,HTTP/1.1,default,,200,,,PublicCatalog,,
http_req_connecting,1780771130,0.000000,,,,true,,GET,PublicCatalog,HTTP/1.1,default,,200,,,PublicCatalog,,
http_req_tls_handshaking,1780771130,0.000000,,,,true,,GET,PublicCatalog,HTTP/1.1,default,,200,,,PublicCatalog,,
http_req_sending,1780771130,0.000000,,,,true,,GET,PublicCatalog,HTTP/1.1,default,,200,,,PublicCatalog,,
http_req_waiting,1780771130,20374.986400,,,,true,,GET,PublicCatalog,HTTP/1.1,default,,200,,,PublicCatalog,,
http_req_receiving,1780771130,1.091300,,,,true,,GET,PublicCatalog,HTTP/1.1,default,,200,,,PublicCatalog,,
http_req_failed,1780771130,0.000000,,,,true,,GET,PublicCatalog,HTTP/1.1,default,,200,,,PublicCatalog,,
checks,1780771130,1.000000,Catalog page status is 200,,,,,,,,default,,,,,,,
http_reqs,1780771131,1.000000,,,,true,,GET,BookDetailsJoin,HTTP/1.1,default,,200,,,BookDetailsJoin,,
http_req_duration,1780771131,13544.359600,,,,true,,GET,BookDetailsJoin,HTTP/1.1,default,,200,,,BookDetailsJoin,,
http_req_blocked,1780771131,0.000000,,,,true,,GET,BookDetailsJoin,HTTP/1.1,default,,200,,,BookDetailsJoin,,
http_req_connecting,1780771131,0.000000,,,,true,,GET,BookDetailsJoin,HTTP/1.1,default,,200,,,BookDetailsJoin,,
http_req_tls_handshaking,1780771131,0.000000,,,,true,,GET,BookDetailsJoin,HTTP/1.1,default,,200,,,BookDetailsJoin,,
http_req_sending,1780771131,0.000000,,,,true,,GET,BookDetailsJoin,HTTP/1.1,default,,200,,,BookDetailsJoin,,
http_req_waiting,1780771131,13543.229100,,,,true,,GET,BookDetailsJoin,HTTP/1.1,default,,200,,,BookDetailsJoin,,
http_req_receiving,1780771131,1.130500,,,,true,,GET,BookDetailsJoin,HTTP/1.1,default,,200,,,BookDetailsJoin,,
http_req_failed,1780771131,0.000000,,,,true,,GET,BookDetailsJoin,HTTP/1.1,default,,200,,,BookDetailsJoin,,
checks,1780771131,1.000000,Book details status is 200,,,,,,,,default,,,,,,,
data_sent,1780771131,264.000000,,,,,,,,,default,,,,,,,
data_received,1780771131,110201.000000,,,,,,,,,default,,,,,,,
http_reqs,1780771131,1.000000,,,,true,,GET,BookDetailsJoin,HTTP/1.1,default,,200,,,BookDetailsJoin,,
http_req_duration,1780771131,14227.764200,,,,true,,GET,BookDetailsJoin,HTTP/1.1,default,,200,,,BookDetailsJoin,,
http_req_blocked,1780771131,0.000000,,,,true,,GET,BookDetailsJoin,HTTP/1.1,default,,200,,,BookDetailsJoin,,
http_req_connecting,1780771131,0.000000,,,,true,,GET,BookDetailsJoin,HTTP/1.1,default,,200,,,BookDetailsJoin,,
http_req_tls_handshaking,1780771131,0.000000,,,,true,,GET,BookDetailsJoin,HTTP/1.1,default,,200,,,BookDetailsJoin,,
http_req_sending,1780771131,0.000000,,,,true,,GET,BookDetailsJoin,HTTP/1.1,default,,200,,,BookDetailsJoin,,
http_req_waiting,1780771131,14226.858800,,,,true,,GET,BookDetailsJoin,HTTP/1.1,default,,200,,,BookDetailsJoin,,
http_req_receiving,1780771131,0.905400,,,,true,,GET,BookDetailsJoin,HTTP/1.1,default,,200,,,BookDetailsJoin,,
http_req_failed,1780771131,0.000000,,,,true,,GET,BookDetailsJoin,HTTP/1.1,default,,200,,,BookDetailsJoin,,
checks,1780771131,1.000000,Book details status is 200,,,,,,,,default,,,,,,,
vus,1780771131,42.000000,,,,,,,,,,,,,,,,
vus_max,1780771131,50.000000,,,,,,,,,,,,,,,,
http_reqs,1780771131,1.000000,,,,true,,GET,PublicCatalog,HTTP/1.1,default,,200,,,PublicCatalog,,
http_req_duration,1780771131,16456.600500,,,,true,,GET,PublicCatalog,HTTP/1.1,default,,200,,,PublicCatalog,,
http_req_blocked,1780771131,0.000000,,,,true,,GET,PublicCatalog,HTTP/1.1,default,,200,,,PublicCatalog,,
http_req_connecting,1780771131,0.000000,,,,true,,GET,PublicCatalog,HTTP/1.1,default,,200,,,PublicCatalog,,
http_req_tls_handshaking,1780771131,0.000000,,,,true,,GET,PublicCatalog,HTTP/1.1,default,,200,,,PublicCatalog,,
http_req_sending,1780771131,0.000000,,,,true,,GET,PublicCatalog,HTTP/1.1,default,,200,,,PublicCatalog,,
http_req_waiting,1780771131,16449.314800,,,,true,,GET,PublicCatalog,HTTP/1.1,default,,200,,,PublicCatalog,,
http_req_receiving,1780771131,7.285700,,,,true,,GET,PublicCatalog,HTTP/1.1,default,,200,,,PublicCatalog,,
http_req_failed,1780771131,0.000000,,,,true,,GET,PublicCatalog,HTTP/1.1,default,,200,,,PublicCatalog,,
checks,1780771131,1.000000,Catalog page status is 200,,,,,,,,default,,,,,,,
http_reqs,1780771131,1.000000,,,,true,,GET,BookDetailsJoin,HTTP/1.1,default,,200,,,BookDetailsJoin,,
http_req_duration,1780771131,13763.715100,,,,true,,GET,BookDetailsJoin,HTTP/1.1,default,,200,,,BookDetailsJoin,,
http_req_blocked,1780771131,0.000000,,,,true,,GET,BookDetailsJoin,HTTP/1.1,default,,200,,,BookDetailsJoin,,
http_req_connecting,1780771131,0.000000,,,,true,,GET,BookDetailsJoin,HTTP/1.1,default,,200,,,BookDetailsJoin,,
http_req_tls_handshaking,1780771131,0.000000,,,,true,,GET,BookDetailsJoin,HTTP/1.1,default,,200,,,BookDetailsJoin,,
http_req_sending,1780771131,0.000000,,,,true,,GET,BookDetailsJoin,HTTP/1.1,default,,200,,,BookDetailsJoin,,
http_req_waiting,1780771131,13762.683600,,,,true,,GET,BookDetailsJoin,HTTP/1.1,default,,200,,,BookDetailsJoin,,
http_req_receiving,1780771131,1.031500,,,,true,,GET,BookDetailsJoin,HTTP/1.1,default,,200,,,BookDetailsJoin,,
http_req_failed,1780771131,0.000000,,,,true,,GET,BookDetailsJoin,HTTP/1.1,default,,200,,,BookDetailsJoin,,
checks,1780771131,1.000000,Book details status is 200,,,,,,,,default,,,,,,,
http_reqs,1780771132,1.000000,,,,true,,GET,PublicCatalog,HTTP/1.1,default,,200,,,PublicCatalog,,
http_req_duration,1780771132,22142.957400,,,,true,,GET,PublicCatalog,HTTP/1.1,default,,200,,,PublicCatalog,,
http_req_blocked,1780771132,0.000000,,,,true,,GET,PublicCatalog,HTTP/1.1,default,,200,,,PublicCatalog,,
http_req_connecting,1780771132,0.000000,,,,true,,GET,PublicCatalog,HTTP/1.1,default,,200,,,PublicCatalog,,
http_req_tls_handshaking,1780771132,0.000000,,,,true,,GET,PublicCatalog,HTTP/1.1,default,,200,,,PublicCatalog,,
http_req_sending,1780771132,0.000000,,,,true,,GET,PublicCatalog,HTTP/1.1,default,,200,,,PublicCatalog,,
http_req_waiting,1780771132,22142.390800,,,,true,,GET,PublicCatalog,HTTP/1.1,default,,200,,,PublicCatalog,,
http_req_receiving,1780771132,0.566600,,,,true,,GET,PublicCatalog,HTTP/1.1,default,,200,,,PublicCatalog,,
http_req_failed,1780771132,0.000000,,,,true,,GET,PublicCatalog,HTTP/1.1,default,,200,,,PublicCatalog,,
checks,1780771132,1.000000,Catalog page status is 200,,,,,,,,default,,,,,,,
http_reqs,1780771132,1.000000,,,,true,,GET,BookDetailsJoin,HTTP/1.1,default,,200,,,BookDetailsJoin,,
http_req_duration,1780771132,13829.822100,,,,true,,GET,BookDetailsJoin,HTTP/1.1,default,,200,,,BookDetailsJoin,,
http_req_blocked,1780771132,0.000000,,,,true,,GET,BookDetailsJoin,HTTP/1.1,default,,200,,,BookDetailsJoin,,
http_req_connecting,1780771132,0.000000,,,,true,,GET,BookDetailsJoin,HTTP/1.1,default,,200,,,BookDetailsJoin,,
http_req_tls_handshaking,1780771132,0.000000,,,,true,,GET,BookDetailsJoin,HTTP/1.1,default,,200,,,BookDetailsJoin,,
http_req_sending,1780771132,0.000000,,,,true,,GET,BookDetailsJoin,HTTP/1.1,default,,200,,,BookDetailsJoin,,
http_req_waiting,1780771132,13828.682600,,,,true,,GET,BookDetailsJoin,HTTP/1.1,default,,200,,,BookDetailsJoin,,
http_req_receiving,1780771132,1.139500,,,,true,,GET,BookDetailsJoin,HTTP/1.1,default,,200,,,BookDetailsJoin,,
http_req_failed,1780771132,0.000000,,,,true,,GET,BookDetailsJoin,HTTP/1.1,default,,200,,,BookDetailsJoin,,
checks,1780771132,1.000000,Book details status is 200,,,,,,,,default,,,,,,,
data_sent,1780771132,264.000000,,,,,,,,,default,,,,,,,
data_received,1780771132,110405.000000,,,,,,,,,default,,,,,,,
http_reqs,1780771132,1.000000,,,,true,,GET,PublicCatalog,HTTP/1.1,default,,200,,,PublicCatalog,,
http_req_duration,1780771132,12513.899800,,,,true,,GET,PublicCatalog,HTTP/1.1,default,,200,,,PublicCatalog,,
http_req_blocked,1780771132,0.000000,,,,true,,GET,PublicCatalog,HTTP/1.1,default,,200,,,PublicCatalog,,
http_req_connecting,1780771132,0.000000,,,,true,,GET,PublicCatalog,HTTP/1.1,default,,200,,,PublicCatalog,,
http_req_tls_handshaking,1780771132,0.000000,,,,true,,GET,PublicCatalog,HTTP/1.1,default,,200,,,PublicCatalog,,
http_req_sending,1780771132,0.000000,,,,true,,GET,PublicCatalog,HTTP/1.1,default,,200,,,PublicCatalog,,
http_req_waiting,1780771132,12506.111600,,,,true,,GET,PublicCatalog,HTTP/1.1,default,,200,,,PublicCatalog,,
http_req_receiving,1780771132,7.788200,,,,true,,GET,PublicCatalog,HTTP/1.1,default,,200,,,PublicCatalog,,
http_req_failed,1780771132,0.000000,,,,true,,GET,PublicCatalog,HTTP/1.1,default,,200,,,PublicCatalog,,
checks,1780771132,1.000000,Catalog page status is 200,,,,,,,,default,,,,,,,
vus,1780771132,41.000000,,,,,,,,,,,,,,,,
vus_max,1780771132,50.000000,,,,,,,,,,,,,,,,
http_reqs,1780771132,1.000000,,,,true,,GET,BookDetailsJoin,HTTP/1.1,default,,200,,,BookDetailsJoin,,
http_req_duration,1780771132,13497.748400,,,,true,,GET,BookDetailsJoin,HTTP/1.1,default,,200,,,BookDetailsJoin,,
http_req_blocked,1780771132,0.000000,,,,true,,GET,BookDetailsJoin,HTTP/1.1,default,,200,,,BookDetailsJoin,,
http_req_connecting,1780771132,0.000000,,,,true,,GET,BookDetailsJoin,HTTP/1.1,default,,200,,,BookDetailsJoin,,
http_req_tls_handshaking,1780771132,0.000000,,,,true,,GET,BookDetailsJoin,HTTP/1.1,default,,200,,,BookDetailsJoin,,
http_req_sending,1780771132,0.000000,,,,true,,GET,BookDetailsJoin,HTTP/1.1,default,,200,,,BookDetailsJoin,,
http_req_waiting,1780771132,13495.673500,,,,true,,GET,BookDetailsJoin,HTTP/1.1,default,,200,,,BookDetailsJoin,,
http_req_receiving,1780771132,2.074900,,,,true,,GET,BookDetailsJoin,HTTP/1.1,default,,200,,,BookDetailsJoin,,
http_req_failed,1780771132,0.000000,,,,true,,GET,BookDetailsJoin,HTTP/1.1,default,,200,,,BookDetailsJoin,,
checks,1780771132,1.000000,Book details status is 200,,,,,,,,default,,,,,,,
http_reqs,1780771133,1.000000,,,,true,,GET,BookDetailsJoin,HTTP/1.1,default,,200,,,BookDetailsJoin,,
http_req_duration,1780771133,12519.345200,,,,true,,GET,BookDetailsJoin,HTTP/1.1,default,,200,,,BookDetailsJoin,,
http_req_blocked,1780771133,0.000000,,,,true,,GET,BookDetailsJoin,HTTP/1.1,default,,200,,,BookDetailsJoin,,
http_req_connecting,1780771133,0.000000,,,,true,,GET,BookDetailsJoin,HTTP/1.1,default,,200,,,BookDetailsJoin,,
http_req_tls_handshaking,1780771133,0.000000,,,,true,,GET,BookDetailsJoin,HTTP/1.1,default,,200,,,BookDetailsJoin,,
http_req_sending,1780771133,0.000000,,,,true,,GET,BookDetailsJoin,HTTP/1.1,default,,200,,,BookDetailsJoin,,
http_req_waiting,1780771133,12517.829400,,,,true,,GET,BookDetailsJoin,HTTP/1.1,default,,200,,,BookDetailsJoin,,
http_req_receiving,1780771133,1.515800,,,,true,,GET,BookDetailsJoin,HTTP/1.1,default,,200,,,BookDetailsJoin,,
http_req_failed,1780771133,0.000000,,,,true,,GET,BookDetailsJoin,HTTP/1.1,default,,200,,,BookDetailsJoin,,
checks,1780771133,1.000000,Book details status is 200,,,,,,,,default,,,,,,,
http_reqs,1780771133,1.000000,,,,true,,GET,LandingPage,HTTP/1.1,default,,200,,,LandingPage,,
http_req_duration,1780771133,4306.687200,,,,true,,GET,LandingPage,HTTP/1.1,default,,200,,,LandingPage,,
http_req_blocked,1780771133,0.000000,,,,true,,GET,LandingPage,HTTP/1.1,default,,200,,,LandingPage,,
http_req_connecting,1780771133,0.000000,,,,true,,GET,LandingPage,HTTP/1.1,default,,200,,,LandingPage,,
http_req_tls_handshaking,1780771133,0.000000,,,,true,,GET,LandingPage,HTTP/1.1,default,,200,,,LandingPage,,
http_req_sending,1780771133,0.000000,,,,true,,GET,LandingPage,HTTP/1.1,default,,200,,,LandingPage,,
http_req_waiting,1780771133,4305.989500,,,,true,,GET,LandingPage,HTTP/1.1,default,,200,,,LandingPage,,
http_req_receiving,1780771133,0.697700,,,,true,,GET,LandingPage,HTTP/1.1,default,,200,,,LandingPage,,
http_req_failed,1780771133,0.000000,,,,true,,GET,LandingPage,HTTP/1.1,default,,200,,,LandingPage,,
checks,1780771133,1.000000,Home page status is 200,,,,,,,,default,,,,,,,
vus,1780771133,41.000000,,,,,,,,,,,,,,,,
vus_max,1780771133,50.000000,,,,,,,,,,,,,,,,
http_reqs,1780771133,1.000000,,,,true,,GET,BookDetailsJoin,HTTP/1.1,default,,200,,,BookDetailsJoin,,
http_req_duration,1780771133,14661.650200,,,,true,,GET,BookDetailsJoin,HTTP/1.1,default,,200,,,BookDetailsJoin,,
http_req_blocked,1780771133,0.000000,,,,true,,GET,BookDetailsJoin,HTTP/1.1,default,,200,,,BookDetailsJoin,,
http_req_connecting,1780771133,0.000000,,,,true,,GET,BookDetailsJoin,HTTP/1.1,default,,200,,,BookDetailsJoin,,
http_req_tls_handshaking,1780771133,0.000000,,,,true,,GET,BookDetailsJoin,HTTP/1.1,default,,200,,,BookDetailsJoin,,
http_req_sending,1780771133,0.000000,,,,true,,GET,BookDetailsJoin,HTTP/1.1,default,,200,,,BookDetailsJoin,,
http_req_waiting,1780771133,14661.136900,,,,true,,GET,BookDetailsJoin,HTTP/1.1,default,,200,,,BookDetailsJoin,,
http_req_receiving,1780771133,0.513300,,,,true,,GET,BookDetailsJoin,HTTP/1.1,default,,200,,,BookDetailsJoin,,
http_req_failed,1780771133,0.000000,,,,true,,GET,BookDetailsJoin,HTTP/1.1,default,,200,,,BookDetailsJoin,,
checks,1780771133,1.000000,Book details status is 200,,,,,,,,default,,,,,,,
http_reqs,1780771133,1.000000,,,,true,,GET,PublicCatalog,HTTP/1.1,default,,200,,,PublicCatalog,,
http_req_duration,1780771133,12802.411300,,,,true,,GET,PublicCatalog,HTTP/1.1,default,,200,,,PublicCatalog,,
http_req_blocked,1780771133,0.000000,,,,true,,GET,PublicCatalog,HTTP/1.1,default,,200,,,PublicCatalog,,
http_req_connecting,1780771133,0.000000,,,,true,,GET,PublicCatalog,HTTP/1.1,default,,200,,,PublicCatalog,,
http_req_tls_handshaking,1780771133,0.000000,,,,true,,GET,PublicCatalog,HTTP/1.1,default,,200,,,PublicCatalog,,
http_req_sending,1780771133,0.000000,,,,true,,GET,PublicCatalog,HTTP/1.1,default,,200,,,PublicCatalog,,
http_req_waiting,1780771133,12795.955200,,,,true,,GET,PublicCatalog,HTTP/1.1,default,,200,,,PublicCatalog,,
http_req_receiving,1780771133,6.456100,,,,true,,GET,PublicCatalog,HTTP/1.1,default,,200,,,PublicCatalog,,
http_req_failed,1780771133,0.000000,,,,true,,GET,PublicCatalog,HTTP/1.1,default,,200,,,PublicCatalog,,
checks,1780771133,1.000000,Catalog page status is 200,,,,,,,,default,,,,,,,
data_sent,1780771134,264.000000,,,,,,,,,default,,,,,,,
data_received,1780771134,110944.000000,,,,,,,,,default,,,,,,,
iteration_duration,1780771134,51105.252000,,,,,,,,,default,,,,,,,
iterations,1780771134,1.000000,,,,,,,,,default,,,,,,,
http_reqs,1780771134,1.000000,,,,true,,GET,PublicCatalog,HTTP/1.1,default,,200,,,PublicCatalog,,
http_req_duration,1780771134,11946.388600,,,,true,,GET,PublicCatalog,HTTP/1.1,default,,200,,,PublicCatalog,,
http_req_blocked,1780771134,0.000000,,,,true,,GET,PublicCatalog,HTTP/1.1,default,,200,,,PublicCatalog,,
http_req_connecting,1780771134,0.000000,,,,true,,GET,PublicCatalog,HTTP/1.1,default,,200,,,PublicCatalog,,
http_req_tls_handshaking,1780771134,0.000000,,,,true,,GET,PublicCatalog,HTTP/1.1,default,,200,,,PublicCatalog,,
http_req_sending,1780771134,0.000000,,,,true,,GET,PublicCatalog,HTTP/1.1,default,,200,,,PublicCatalog,,
http_req_waiting,1780771134,11945.432800,,,,true,,GET,PublicCatalog,HTTP/1.1,default,,200,,,PublicCatalog,,
http_req_receiving,1780771134,0.955800,,,,true,,GET,PublicCatalog,HTTP/1.1,default,,200,,,PublicCatalog,,
http_req_failed,1780771134,0.000000,,,,true,,GET,PublicCatalog,HTTP/1.1,default,,200,,,PublicCatalog,,
checks,1780771134,1.000000,Catalog page status is 200,,,,,,,,default,,,,,,,
data_sent,1780771134,264.000000,,,,,,,,,default,,,,,,,
data_received,1780771134,110851.000000,,,,,,,,,default,,,,,,,
iteration_duration,1780771134,51011.034600,,,,,,,,,default,,,,,,,
iterations,1780771134,1.000000,,,,,,,,,default,,,,,,,
vus,1780771134,40.000000,,,,,,,,,,,,,,,,
vus_max,1780771134,50.000000,,,,,,,,,,,,,,,,
http_reqs,1780771134,1.000000,,,,true,,GET,PublicCatalog,HTTP/1.1,default,,200,,,PublicCatalog,,
http_req_duration,1780771134,11561.894000,,,,true,,GET,PublicCatalog,HTTP/1.1,default,,200,,,PublicCatalog,,
http_req_blocked,1780771134,0.000000,,,,true,,GET,PublicCatalog,HTTP/1.1,default,,200,,,PublicCatalog,,
http_req_connecting,1780771134,0.000000,,,,true,,GET,PublicCatalog,HTTP/1.1,default,,200,,,PublicCatalog,,
http_req_tls_handshaking,1780771134,0.000000,,,,true,,GET,PublicCatalog,HTTP/1.1,default,,200,,,PublicCatalog,,
http_req_sending,1780771134,0.000000,,,,true,,GET,PublicCatalog,HTTP/1.1,default,,200,,,PublicCatalog,,
http_req_waiting,1780771134,11558.639800,,,,true,,GET,PublicCatalog,HTTP/1.1,default,,200,,,PublicCatalog,,
http_req_receiving,1780771134,3.254200,,,,true,,GET,PublicCatalog,HTTP/1.1,default,,200,,,PublicCatalog,,
http_req_failed,1780771134,0.000000,,,,true,,GET,PublicCatalog,HTTP/1.1,default,,200,,,PublicCatalog,,
checks,1780771134,1.000000,Catalog page status is 200,,,,,,,,default,,,,,,,
data_sent,1780771134,264.000000,,,,,,,,,default,,,,,,,
data_received,1780771134,110408.000000,,,,,,,,,default,,,,,,,
iteration_duration,1780771134,50965.168300,,,,,,,,,default,,,,,,,
iterations,1780771134,1.000000,,,,,,,,,default,,,,,,,
http_reqs,1780771135,1.000000,,,,true,,GET,PublicCatalog,HTTP/1.1,default,,200,,,PublicCatalog,,
http_req_duration,1780771135,11403.054600,,,,true,,GET,PublicCatalog,HTTP/1.1,default,,200,,,PublicCatalog,,
http_req_blocked,1780771135,0.000000,,,,true,,GET,PublicCatalog,HTTP/1.1,default,,200,,,PublicCatalog,,
http_req_connecting,1780771135,0.000000,,,,true,,GET,PublicCatalog,HTTP/1.1,default,,200,,,PublicCatalog,,
http_req_tls_handshaking,1780771135,0.000000,,,,true,,GET,PublicCatalog,HTTP/1.1,default,,200,,,PublicCatalog,,
http_req_sending,1780771135,0.000000,,,,true,,GET,PublicCatalog,HTTP/1.1,default,,200,,,PublicCatalog,,
http_req_waiting,1780771135,11402.409800,,,,true,,GET,PublicCatalog,HTTP/1.1,default,,200,,,PublicCatalog,,
http_req_receiving,1780771135,0.644800,,,,true,,GET,PublicCatalog,HTTP/1.1,default,,200,,,PublicCatalog,,
http_req_failed,1780771135,0.000000,,,,true,,GET,PublicCatalog,HTTP/1.1,default,,200,,,PublicCatalog,,
checks,1780771135,1.000000,Catalog page status is 200,,,,,,,,default,,,,,,,
data_sent,1780771135,264.000000,,,,,,,,,default,,,,,,,
data_received,1780771135,110287.000000,,,,,,,,,default,,,,,,,
iteration_duration,1780771135,51302.025400,,,,,,,,,default,,,,,,,
iterations,1780771135,1.000000,,,,,,,,,default,,,,,,,
http_reqs,1780771135,1.000000,,,,true,,GET,PublicCatalog,HTTP/1.1,default,,200,,,PublicCatalog,,
http_req_duration,1780771135,15150.262400,,,,true,,GET,PublicCatalog,HTTP/1.1,default,,200,,,PublicCatalog,,
http_req_blocked,1780771135,0.000000,,,,true,,GET,PublicCatalog,HTTP/1.1,default,,200,,,PublicCatalog,,
http_req_connecting,1780771135,0.000000,,,,true,,GET,PublicCatalog,HTTP/1.1,default,,200,,,PublicCatalog,,
http_req_tls_handshaking,1780771135,0.000000,,,,true,,GET,PublicCatalog,HTTP/1.1,default,,200,,,PublicCatalog,,
http_req_sending,1780771135,0.000000,,,,true,,GET,PublicCatalog,HTTP/1.1,default,,200,,,PublicCatalog,,
http_req_waiting,1780771135,15148.899900,,,,true,,GET,PublicCatalog,HTTP/1.1,default,,200,,,PublicCatalog,,
http_req_receiving,1780771135,1.362500,,,,true,,GET,PublicCatalog,HTTP/1.1,default,,200,,,PublicCatalog,,
http_req_failed,1780771135,0.000000,,,,true,,GET,PublicCatalog,HTTP/1.1,default,,200,,,PublicCatalog,,
checks,1780771135,1.000000,Catalog page status is 200,,,,,,,,default,,,,,,,
vus,1780771135,39.000000,,,,,,,,,,,,,,,,
vus_max,1780771135,50.000000,,,,,,,,,,,,,,,,
data_sent,1780771135,264.000000,,,,,,,,,default,,,,,,,
data_received,1780771135,110271.000000,,,,,,,,,default,,,,,,,
iteration_duration,1780771135,52222.026000,,,,,,,,,default,,,,,,,
iterations,1780771135,1.000000,,,,,,,,,default,,,,,,,
http_reqs,1780771135,1.000000,,,,true,,GET,PublicCatalog,HTTP/1.1,default,,200,,,PublicCatalog,,
http_req_duration,1780771135,11547.466700,,,,true,,GET,PublicCatalog,HTTP/1.1,default,,200,,,PublicCatalog,,
http_req_blocked,1780771135,0.000000,,,,true,,GET,PublicCatalog,HTTP/1.1,default,,200,,,PublicCatalog,,
http_req_connecting,1780771135,0.000000,,,,true,,GET,PublicCatalog,HTTP/1.1,default,,200,,,PublicCatalog,,
http_req_tls_handshaking,1780771135,0.000000,,,,true,,GET,PublicCatalog,HTTP/1.1,default,,200,,,PublicCatalog,,
http_req_sending,1780771135,0.000000,,,,true,,GET,PublicCatalog,HTTP/1.1,default,,200,,,PublicCatalog,,
http_req_waiting,1780771135,11546.319400,,,,true,,GET,PublicCatalog,HTTP/1.1,default,,200,,,PublicCatalog,,
http_req_receiving,1780771135,1.147300,,,,true,,GET,PublicCatalog,HTTP/1.1,default,,200,,,PublicCatalog,,
http_req_failed,1780771135,0.000000,,,,true,,GET,PublicCatalog,HTTP/1.1,default,,200,,,PublicCatalog,,
checks,1780771135,1.000000,Catalog page status is 200,,,,,,,,default,,,,,,,
data_sent,1780771136,264.000000,,,,,,,,,default,,,,,,,
data_received,1780771136,111138.000000,,,,,,,,,default,,,,,,,
iteration_duration,1780771136,51820.873900,,,,,,,,,default,,,,,,,
iterations,1780771136,1.000000,,,,,,,,,default,,,,,,,
http_reqs,1780771136,1.000000,,,,true,,GET,PublicCatalog,HTTP/1.1,default,,200,,,PublicCatalog,,
http_req_duration,1780771136,14363.886900,,,,true,,GET,PublicCatalog,HTTP/1.1,default,,200,,,PublicCatalog,,
http_req_blocked,1780771136,0.000000,,,,true,,GET,PublicCatalog,HTTP/1.1,default,,200,,,PublicCatalog,,
http_req_connecting,1780771136,0.000000,,,,true,,GET,PublicCatalog,HTTP/1.1,default,,200,,,PublicCatalog,,
http_req_tls_handshaking,1780771136,0.000000,,,,true,,GET,PublicCatalog,HTTP/1.1,default,,200,,,PublicCatalog,,
http_req_sending,1780771136,0.000000,,,,true,,GET,PublicCatalog,HTTP/1.1,default,,200,,,PublicCatalog,,
http_req_waiting,1780771136,14363.113000,,,,true,,GET,PublicCatalog,HTTP/1.1,default,,200,,,PublicCatalog,,
http_req_receiving,1780771136,0.773900,,,,true,,GET,PublicCatalog,HTTP/1.1,default,,200,,,PublicCatalog,,
http_req_failed,1780771136,0.000000,,,,true,,GET,PublicCatalog,HTTP/1.1,default,,200,,,PublicCatalog,,
checks,1780771136,1.000000,Catalog page status is 200,,,,,,,,default,,,,,,,
http_reqs,1780771136,1.000000,,,,true,,GET,PublicCatalog,HTTP/1.1,default,,200,,,PublicCatalog,,
http_req_duration,1780771136,15630.169500,,,,true,,GET,PublicCatalog,HTTP/1.1,default,,200,,,PublicCatalog,,
http_req_blocked,1780771136,0.000000,,,,true,,GET,PublicCatalog,HTTP/1.1,default,,200,,,PublicCatalog,,
http_req_connecting,1780771136,0.000000,,,,true,,GET,PublicCatalog,HTTP/1.1,default,,200,,,PublicCatalog,,
http_req_tls_handshaking,1780771136,0.000000,,,,true,,GET,PublicCatalog,HTTP/1.1,default,,200,,,PublicCatalog,,
http_req_sending,1780771136,0.000000,,,,true,,GET,PublicCatalog,HTTP/1.1,default,,200,,,PublicCatalog,,
http_req_waiting,1780771136,15626.442000,,,,true,,GET,PublicCatalog,HTTP/1.1,default,,200,,,PublicCatalog,,
http_req_receiving,1780771136,3.727500,,,,true,,GET,PublicCatalog,HTTP/1.1,default,,200,,,PublicCatalog,,
http_req_failed,1780771136,0.000000,,,,true,,GET,PublicCatalog,HTTP/1.1,default,,200,,,PublicCatalog,,
checks,1780771136,1.000000,Catalog page status is 200,,,,,,,,default,,,,,,,
vus,1780771136,38.000000,,,,,,,,,,,,,,,,
vus_max,1780771136,50.000000,,,,,,,,,,,,,,,,
data_sent,1780771136,264.000000,,,,,,,,,default,,,,,,,
data_received,1780771136,110275.000000,,,,,,,,,default,,,,,,,
iteration_duration,1780771136,52660.924400,,,,,,,,,default,,,,,,,
iterations,1780771136,1.000000,,,,,,,,,default,,,,,,,
http_reqs,1780771136,1.000000,,,,true,,GET,PublicCatalog,HTTP/1.1,default,,200,,,PublicCatalog,,
http_req_duration,1780771136,14244.589800,,,,true,,GET,PublicCatalog,HTTP/1.1,default,,200,,,PublicCatalog,,
http_req_blocked,1780771136,0.000000,,,,true,,GET,PublicCatalog,HTTP/1.1,default,,200,,,PublicCatalog,,
http_req_connecting,1780771136,0.000000,,,,true,,GET,PublicCatalog,HTTP/1.1,default,,200,,,PublicCatalog,,
http_req_tls_handshaking,1780771136,0.000000,,,,true,,GET,PublicCatalog,HTTP/1.1,default,,200,,,PublicCatalog,,
http_req_sending,1780771136,0.000000,,,,true,,GET,PublicCatalog,HTTP/1.1,default,,200,,,PublicCatalog,,
http_req_waiting,1780771136,14241.872600,,,,true,,GET,PublicCatalog,HTTP/1.1,default,,200,,,PublicCatalog,,
http_req_receiving,1780771136,2.717200,,,,true,,GET,PublicCatalog,HTTP/1.1,default,,200,,,PublicCatalog,,
http_req_failed,1780771136,0.000000,,,,true,,GET,PublicCatalog,HTTP/1.1,default,,200,,,PublicCatalog,,
checks,1780771136,1.000000,Catalog page status is 200,,,,,,,,default,,,,,,,
data_sent,1780771137,264.000000,,,,,,,,,default,,,,,,,
data_received,1780771137,70106.000000,,,,,,,,,default,,,,,,,
http_reqs,1780771137,1.000000,,,,true,,GET,PublicCatalog,HTTP/1.1,default,,200,,,PublicCatalog,,
http_req_duration,1780771137,15778.135400,,,,true,,GET,PublicCatalog,HTTP/1.1,default,,200,,,PublicCatalog,,
http_req_blocked,1780771137,0.000000,,,,true,,GET,PublicCatalog,HTTP/1.1,default,,200,,,PublicCatalog,,
http_req_connecting,1780771137,0.000000,,,,true,,GET,PublicCatalog,HTTP/1.1,default,,200,,,PublicCatalog,,
http_req_tls_handshaking,1780771137,0.000000,,,,true,,GET,PublicCatalog,HTTP/1.1,default,,200,,,PublicCatalog,,
http_req_sending,1780771137,0.000000,,,,true,,GET,PublicCatalog,HTTP/1.1,default,,200,,,PublicCatalog,,
http_req_waiting,1780771137,15777.798400,,,,true,,GET,PublicCatalog,HTTP/1.1,default,,200,,,PublicCatalog,,
http_req_receiving,1780771137,0.337000,,,,true,,GET,PublicCatalog,HTTP/1.1,default,,200,,,PublicCatalog,,
http_req_failed,1780771137,0.000000,,,,true,,GET,PublicCatalog,HTTP/1.1,default,,200,,,PublicCatalog,,
checks,1780771137,1.000000,Catalog page status is 200,,,,,,,,default,,,,,,,
vus,1780771137,37.000000,,,,,,,,,,,,,,,,
vus_max,1780771137,50.000000,,,,,,,,,,,,,,,,
http_reqs,1780771137,1.000000,,,,true,,GET,PublicCatalog,HTTP/1.1,default,,200,,,PublicCatalog,,
http_req_duration,1780771137,12888.472700,,,,true,,GET,PublicCatalog,HTTP/1.1,default,,200,,,PublicCatalog,,
http_req_blocked,1780771137,0.000000,,,,true,,GET,PublicCatalog,HTTP/1.1,default,,200,,,PublicCatalog,,
http_req_connecting,1780771137,0.000000,,,,true,,GET,PublicCatalog,HTTP/1.1,default,,200,,,PublicCatalog,,
http_req_tls_handshaking,1780771137,0.000000,,,,true,,GET,PublicCatalog,HTTP/1.1,default,,200,,,PublicCatalog,,
http_req_sending,1780771137,0.000000,,,,true,,GET,PublicCatalog,HTTP/1.1,default,,200,,,PublicCatalog,,
http_req_waiting,1780771137,12885.626100,,,,true,,GET,PublicCatalog,HTTP/1.1,default,,200,,,PublicCatalog,,
http_req_receiving,1780771137,2.846600,,,,true,,GET,PublicCatalog,HTTP/1.1,default,,200,,,PublicCatalog,,
http_req_failed,1780771137,0.000000,,,,true,,GET,PublicCatalog,HTTP/1.1,default,,200,,,PublicCatalog,,
checks,1780771137,1.000000,Catalog page status is 200,,,,,,,,default,,,,,,,
http_reqs,1780771138,1.000000,,,,true,,GET,PublicCatalog,HTTP/1.1,default,,200,,,PublicCatalog,,
http_req_duration,1780771138,14897.623300,,,,true,,GET,PublicCatalog,HTTP/1.1,default,,200,,,PublicCatalog,,
http_req_blocked,1780771138,0.000000,,,,true,,GET,PublicCatalog,HTTP/1.1,default,,200,,,PublicCatalog,,
http_req_connecting,1780771138,0.000000,,,,true,,GET,PublicCatalog,HTTP/1.1,default,,200,,,PublicCatalog,,
http_req_tls_handshaking,1780771138,0.000000,,,,true,,GET,PublicCatalog,HTTP/1.1,default,,200,,,PublicCatalog,,
http_req_sending,1780771138,0.000000,,,,true,,GET,PublicCatalog,HTTP/1.1,default,,200,,,PublicCatalog,,
http_req_waiting,1780771138,14897.012100,,,,true,,GET,PublicCatalog,HTTP/1.1,default,,200,,,PublicCatalog,,
http_req_receiving,1780771138,0.611200,,,,true,,GET,PublicCatalog,HTTP/1.1,default,,200,,,PublicCatalog,,
http_req_failed,1780771138,0.000000,,,,true,,GET,PublicCatalog,HTTP/1.1,default,,200,,,PublicCatalog,,
checks,1780771138,1.000000,Catalog page status is 200,,,,,,,,default,,,,,,,
data_sent,1780771138,264.000000,,,,,,,,,default,,,,,,,
data_received,1780771138,68661.000000,,,,,,,,,default,,,,,,,
vus,1780771138,36.000000,,,,,,,,,,,,,,,,
vus_max,1780771138,50.000000,,,,,,,,,,,,,,,,
http_reqs,1780771138,1.000000,,,,true,,GET,PublicCatalog,HTTP/1.1,default,,200,,,PublicCatalog,,
http_req_duration,1780771138,13924.291300,,,,true,,GET,PublicCatalog,HTTP/1.1,default,,200,,,PublicCatalog,,
http_req_blocked,1780771138,0.000000,,,,true,,GET,PublicCatalog,HTTP/1.1,default,,200,,,PublicCatalog,,
http_req_connecting,1780771138,0.000000,,,,true,,GET,PublicCatalog,HTTP/1.1,default,,200,,,PublicCatalog,,
http_req_tls_handshaking,1780771138,0.000000,,,,true,,GET,PublicCatalog,HTTP/1.1,default,,200,,,PublicCatalog,,
http_req_sending,1780771138,0.000000,,,,true,,GET,PublicCatalog,HTTP/1.1,default,,200,,,PublicCatalog,,
http_req_waiting,1780771138,13919.178700,,,,true,,GET,PublicCatalog,HTTP/1.1,default,,200,,,PublicCatalog,,
http_req_receiving,1780771138,5.112600,,,,true,,GET,PublicCatalog,HTTP/1.1,default,,200,,,PublicCatalog,,
http_req_failed,1780771138,0.000000,,,,true,,GET,PublicCatalog,HTTP/1.1,default,,200,,,PublicCatalog,,
checks,1780771138,1.000000,Catalog page status is 200,,,,,,,,default,,,,,,,
http_reqs,1780771138,1.000000,,,,true,,GET,PublicCatalog,HTTP/1.1,default,,200,,,PublicCatalog,,
http_req_duration,1780771138,15025.960200,,,,true,,GET,PublicCatalog,HTTP/1.1,default,,200,,,PublicCatalog,,
http_req_blocked,1780771138,0.000000,,,,true,,GET,PublicCatalog,HTTP/1.1,default,,200,,,PublicCatalog,,
http_req_connecting,1780771138,0.000000,,,,true,,GET,PublicCatalog,HTTP/1.1,default,,200,,,PublicCatalog,,
http_req_tls_handshaking,1780771138,0.000000,,,,true,,GET,PublicCatalog,HTTP/1.1,default,,200,,,PublicCatalog,,
http_req_sending,1780771138,0.000000,,,,true,,GET,PublicCatalog,HTTP/1.1,default,,200,,,PublicCatalog,,
http_req_waiting,1780771138,15024.737600,,,,true,,GET,PublicCatalog,HTTP/1.1,default,,200,,,PublicCatalog,,
http_req_receiving,1780771138,1.222600,,,,true,,GET,PublicCatalog,HTTP/1.1,default,,200,,,PublicCatalog,,
http_req_failed,1780771138,0.000000,,,,true,,GET,PublicCatalog,HTTP/1.1,default,,200,,,PublicCatalog,,
checks,1780771138,1.000000,Catalog page status is 200,,,,,,,,default,,,,,,,
http_reqs,1780771139,1.000000,,,,true,,GET,PublicCatalog,HTTP/1.1,default,,200,,,PublicCatalog,,
http_req_duration,1780771139,13947.034900,,,,true,,GET,PublicCatalog,HTTP/1.1,default,,200,,,PublicCatalog,,
http_req_blocked,1780771139,0.000000,,,,true,,GET,PublicCatalog,HTTP/1.1,default,,200,,,PublicCatalog,,
http_req_connecting,1780771139,0.000000,,,,true,,GET,PublicCatalog,HTTP/1.1,default,,200,,,PublicCatalog,,
http_req_tls_handshaking,1780771139,0.000000,,,,true,,GET,PublicCatalog,HTTP/1.1,default,,200,,,PublicCatalog,,
http_req_sending,1780771139,1.014900,,,,true,,GET,PublicCatalog,HTTP/1.1,default,,200,,,PublicCatalog,,
http_req_waiting,1780771139,13942.253800,,,,true,,GET,PublicCatalog,HTTP/1.1,default,,200,,,PublicCatalog,,
http_req_receiving,1780771139,3.766200,,,,true,,GET,PublicCatalog,HTTP/1.1,default,,200,,,PublicCatalog,,
http_req_failed,1780771139,0.000000,,,,true,,GET,PublicCatalog,HTTP/1.1,default,,200,,,PublicCatalog,,
checks,1780771139,1.000000,Catalog page status is 200,,,,,,,,default,,,,,,,
vus,1780771139,36.000000,,,,,,,,,,,,,,,,
vus_max,1780771139,50.000000,,,,,,,,,,,,,,,,
data_sent,1780771139,264.000000,,,,,,,,,default,,,,,,,
data_received,1780771139,69562.000000,,,,,,,,,default,,,,,,,
http_reqs,1780771139,1.000000,,,,true,,GET,PublicCatalog,HTTP/1.1,default,,200,,,PublicCatalog,,
http_req_duration,1780771139,14598.930100,,,,true,,GET,PublicCatalog,HTTP/1.1,default,,200,,,PublicCatalog,,
http_req_blocked,1780771139,0.000000,,,,true,,GET,PublicCatalog,HTTP/1.1,default,,200,,,PublicCatalog,,
http_req_connecting,1780771139,0.000000,,,,true,,GET,PublicCatalog,HTTP/1.1,default,,200,,,PublicCatalog,,
http_req_tls_handshaking,1780771139,0.000000,,,,true,,GET,PublicCatalog,HTTP/1.1,default,,200,,,PublicCatalog,,
http_req_sending,1780771139,0.000000,,,,true,,GET,PublicCatalog,HTTP/1.1,default,,200,,,PublicCatalog,,
http_req_waiting,1780771139,14598.114600,,,,true,,GET,PublicCatalog,HTTP/1.1,default,,200,,,PublicCatalog,,
http_req_receiving,1780771139,0.815500,,,,true,,GET,PublicCatalog,HTTP/1.1,default,,200,,,PublicCatalog,,
http_req_failed,1780771139,0.000000,,,,true,,GET,PublicCatalog,HTTP/1.1,default,,200,,,PublicCatalog,,
checks,1780771139,1.000000,Catalog page status is 200,,,,,,,,default,,,,,,,
http_reqs,1780771140,1.000000,,,,true,,GET,PublicCatalog,HTTP/1.1,default,,200,,,PublicCatalog,,
http_req_duration,1780771140,14351.522500,,,,true,,GET,PublicCatalog,HTTP/1.1,default,,200,,,PublicCatalog,,
http_req_blocked,1780771140,0.000000,,,,true,,GET,PublicCatalog,HTTP/1.1,default,,200,,,PublicCatalog,,
http_req_connecting,1780771140,0.000000,,,,true,,GET,PublicCatalog,HTTP/1.1,default,,200,,,PublicCatalog,,
http_req_tls_handshaking,1780771140,0.000000,,,,true,,GET,PublicCatalog,HTTP/1.1,default,,200,,,PublicCatalog,,
http_req_sending,1780771140,0.000000,,,,true,,GET,PublicCatalog,HTTP/1.1,default,,200,,,PublicCatalog,,
http_req_waiting,1780771140,14351.522500,,,,true,,GET,PublicCatalog,HTTP/1.1,default,,200,,,PublicCatalog,,
http_req_receiving,1780771140,0.000000,,,,true,,GET,PublicCatalog,HTTP/1.1,default,,200,,,PublicCatalog,,
http_req_failed,1780771140,0.000000,,,,true,,GET,PublicCatalog,HTTP/1.1,default,,200,,,PublicCatalog,,
checks,1780771140,1.000000,Catalog page status is 200,,,,,,,,default,,,,,,,
vus,1780771140,35.000000,,,,,,,,,,,,,,,,
vus_max,1780771140,50.000000,,,,,,,,,,,,,,,,
http_reqs,1780771140,1.000000,,,,true,,GET,LandingPage,HTTP/1.1,default,,200,,,LandingPage,,
http_req_duration,1780771140,6620.036700,,,,true,,GET,LandingPage,HTTP/1.1,default,,200,,,LandingPage,,
http_req_blocked,1780771140,0.000000,,,,true,,GET,LandingPage,HTTP/1.1,default,,200,,,LandingPage,,
http_req_connecting,1780771140,0.000000,,,,true,,GET,LandingPage,HTTP/1.1,default,,200,,,LandingPage,,
http_req_tls_handshaking,1780771140,0.000000,,,,true,,GET,LandingPage,HTTP/1.1,default,,200,,,LandingPage,,
http_req_sending,1780771140,0.000000,,,,true,,GET,LandingPage,HTTP/1.1,default,,200,,,LandingPage,,
http_req_waiting,1780771140,6618.461800,,,,true,,GET,LandingPage,HTTP/1.1,default,,200,,,LandingPage,,
http_req_receiving,1780771140,1.574900,,,,true,,GET,LandingPage,HTTP/1.1,default,,200,,,LandingPage,,
http_req_failed,1780771140,0.000000,,,,true,,GET,LandingPage,HTTP/1.1,default,,200,,,LandingPage,,
checks,1780771140,1.000000,Home page status is 200,,,,,,,,default,,,,,,,
http_reqs,1780771141,1.000000,,,,true,,GET,LandingPage,HTTP/1.1,default,,200,,,LandingPage,,
http_req_duration,1780771141,6495.665100,,,,true,,GET,LandingPage,HTTP/1.1,default,,200,,,LandingPage,,
http_req_blocked,1780771141,0.000000,,,,true,,GET,LandingPage,HTTP/1.1,default,,200,,,LandingPage,,
http_req_connecting,1780771141,0.000000,,,,true,,GET,LandingPage,HTTP/1.1,default,,200,,,LandingPage,,
http_req_tls_handshaking,1780771141,0.000000,,,,true,,GET,LandingPage,HTTP/1.1,default,,200,,,LandingPage,,
http_req_sending,1780771141,0.000000,,,,true,,GET,LandingPage,HTTP/1.1,default,,200,,,LandingPage,,
http_req_waiting,1780771141,6493.043500,,,,true,,GET,LandingPage,HTTP/1.1,default,,200,,,LandingPage,,
http_req_receiving,1780771141,2.621600,,,,true,,GET,LandingPage,HTTP/1.1,default,,200,,,LandingPage,,
http_req_failed,1780771141,0.000000,,,,true,,GET,LandingPage,HTTP/1.1,default,,200,,,LandingPage,,
checks,1780771141,1.000000,Home page status is 200,,,,,,,,default,,,,,,,
vus,1780771141,35.000000,,,,,,,,,,,,,,,,
vus_max,1780771141,50.000000,,,,,,,,,,,,,,,,
http_reqs,1780771141,1.000000,,,,true,,GET,PublicCatalog,HTTP/1.1,default,,200,,,PublicCatalog,,
http_req_duration,1780771141,14318.536700,,,,true,,GET,PublicCatalog,HTTP/1.1,default,,200,,,PublicCatalog,,
http_req_blocked,1780771141,0.000000,,,,true,,GET,PublicCatalog,HTTP/1.1,default,,200,,,PublicCatalog,,
http_req_connecting,1780771141,0.000000,,,,true,,GET,PublicCatalog,HTTP/1.1,default,,200,,,PublicCatalog,,
http_req_tls_handshaking,1780771141,0.000000,,,,true,,GET,PublicCatalog,HTTP/1.1,default,,200,,,PublicCatalog,,
http_req_sending,1780771141,0.000000,,,,true,,GET,PublicCatalog,HTTP/1.1,default,,200,,,PublicCatalog,,
http_req_waiting,1780771141,14311.017400,,,,true,,GET,PublicCatalog,HTTP/1.1,default,,200,,,PublicCatalog,,
http_req_receiving,1780771141,7.519300,,,,true,,GET,PublicCatalog,HTTP/1.1,default,,200,,,PublicCatalog,,
http_req_failed,1780771141,0.000000,,,,true,,GET,PublicCatalog,HTTP/1.1,default,,200,,,PublicCatalog,,
checks,1780771141,1.000000,Catalog page status is 200,,,,,,,,default,,,,,,,
http_reqs,1780771142,1.000000,,,,true,,GET,LandingPage,HTTP/1.1,default,,200,,,LandingPage,,
http_req_duration,1780771142,5986.829300,,,,true,,GET,LandingPage,HTTP/1.1,default,,200,,,LandingPage,,
http_req_blocked,1780771142,0.000000,,,,true,,GET,LandingPage,HTTP/1.1,default,,200,,,LandingPage,,
http_req_connecting,1780771142,0.000000,,,,true,,GET,LandingPage,HTTP/1.1,default,,200,,,LandingPage,,
http_req_tls_handshaking,1780771142,0.000000,,,,true,,GET,LandingPage,HTTP/1.1,default,,200,,,LandingPage,,
http_req_sending,1780771142,0.000000,,,,true,,GET,LandingPage,HTTP/1.1,default,,200,,,LandingPage,,
http_req_waiting,1780771142,5986.159700,,,,true,,GET,LandingPage,HTTP/1.1,default,,200,,,LandingPage,,
http_req_receiving,1780771142,0.669600,,,,true,,GET,LandingPage,HTTP/1.1,default,,200,,,LandingPage,,
http_req_failed,1780771142,0.000000,,,,true,,GET,LandingPage,HTTP/1.1,default,,200,,,LandingPage,,
checks,1780771142,1.000000,Home page status is 200,,,,,,,,default,,,,,,,
http_reqs,1780771142,1.000000,,,,true,,GET,PublicCatalog,HTTP/1.1,default,,200,,,PublicCatalog,,
http_req_duration,1780771142,14709.584700,,,,true,,GET,PublicCatalog,HTTP/1.1,default,,200,,,PublicCatalog,,
http_req_blocked,1780771142,0.000000,,,,true,,GET,PublicCatalog,HTTP/1.1,default,,200,,,PublicCatalog,,
http_req_connecting,1780771142,0.000000,,,,true,,GET,PublicCatalog,HTTP/1.1,default,,200,,,PublicCatalog,,
http_req_tls_handshaking,1780771142,0.000000,,,,true,,GET,PublicCatalog,HTTP/1.1,default,,200,,,PublicCatalog,,
http_req_sending,1780771142,0.000000,,,,true,,GET,PublicCatalog,HTTP/1.1,default,,200,,,PublicCatalog,,
http_req_waiting,1780771142,14702.946200,,,,true,,GET,PublicCatalog,HTTP/1.1,default,,200,,,PublicCatalog,,
http_req_receiving,1780771142,6.638500,,,,true,,GET,PublicCatalog,HTTP/1.1,default,,200,,,PublicCatalog,,
http_req_failed,1780771142,0.000000,,,,true,,GET,PublicCatalog,HTTP/1.1,default,,200,,,PublicCatalog,,
checks,1780771142,1.000000,Catalog page status is 200,,,,,,,,default,,,,,,,
http_reqs,1780771142,1.000000,,,,true,,GET,LandingPage,HTTP/1.1,default,,200,,,LandingPage,,
http_req_duration,1780771142,5841.701800,,,,true,,GET,LandingPage,HTTP/1.1,default,,200,,,LandingPage,,
http_req_blocked,1780771142,0.000000,,,,true,,GET,LandingPage,HTTP/1.1,default,,200,,,LandingPage,,
http_req_connecting,1780771142,0.000000,,,,true,,GET,LandingPage,HTTP/1.1,default,,200,,,LandingPage,,
http_req_tls_handshaking,1780771142,0.000000,,,,true,,GET,LandingPage,HTTP/1.1,default,,200,,,LandingPage,,
http_req_sending,1780771142,0.000000,,,,true,,GET,LandingPage,HTTP/1.1,default,,200,,,LandingPage,,
http_req_waiting,1780771142,5839.580200,,,,true,,GET,LandingPage,HTTP/1.1,default,,200,,,LandingPage,,
http_req_receiving,1780771142,2.121600,,,,true,,GET,LandingPage,HTTP/1.1,default,,200,,,LandingPage,,
http_req_failed,1780771142,0.000000,,,,true,,GET,LandingPage,HTTP/1.1,default,,200,,,LandingPage,,
checks,1780771142,1.000000,Home page status is 200,,,,,,,,default,,,,,,,
vus,1780771142,35.000000,,,,,,,,,,,,,,,,
vus_max,1780771142,50.000000,,,,,,,,,,,,,,,,
http_reqs,1780771143,1.000000,,,,true,,GET,BookDetailsJoin,HTTP/1.1,default,,200,,,BookDetailsJoin,,
http_req_duration,1780771143,13688.176400,,,,true,,GET,BookDetailsJoin,HTTP/1.1,default,,200,,,BookDetailsJoin,,
http_req_blocked,1780771143,0.000000,,,,true,,GET,BookDetailsJoin,HTTP/1.1,default,,200,,,BookDetailsJoin,,
http_req_connecting,1780771143,0.000000,,,,true,,GET,BookDetailsJoin,HTTP/1.1,default,,200,,,BookDetailsJoin,,
http_req_tls_handshaking,1780771143,0.000000,,,,true,,GET,BookDetailsJoin,HTTP/1.1,default,,200,,,BookDetailsJoin,,
http_req_sending,1780771143,0.000000,,,,true,,GET,BookDetailsJoin,HTTP/1.1,default,,200,,,BookDetailsJoin,,
http_req_waiting,1780771143,13688.176400,,,,true,,GET,BookDetailsJoin,HTTP/1.1,default,,200,,,BookDetailsJoin,,
http_req_receiving,1780771143,0.000000,,,,true,,GET,BookDetailsJoin,HTTP/1.1,default,,200,,,BookDetailsJoin,,
http_req_failed,1780771143,0.000000,,,,true,,GET,BookDetailsJoin,HTTP/1.1,default,,200,,,BookDetailsJoin,,
checks,1780771143,1.000000,Book details status is 200,,,,,,,,default,,,,,,,
http_reqs,1780771143,1.000000,,,,true,,GET,BookDetailsJoin,HTTP/1.1,default,,200,,,BookDetailsJoin,,
http_req_duration,1780771143,13747.332800,,,,true,,GET,BookDetailsJoin,HTTP/1.1,default,,200,,,BookDetailsJoin,,
http_req_blocked,1780771143,0.000000,,,,true,,GET,BookDetailsJoin,HTTP/1.1,default,,200,,,BookDetailsJoin,,
http_req_connecting,1780771143,0.000000,,,,true,,GET,BookDetailsJoin,HTTP/1.1,default,,200,,,BookDetailsJoin,,
http_req_tls_handshaking,1780771143,0.000000,,,,true,,GET,BookDetailsJoin,HTTP/1.1,default,,200,,,BookDetailsJoin,,
http_req_sending,1780771143,0.000000,,,,true,,GET,BookDetailsJoin,HTTP/1.1,default,,200,,,BookDetailsJoin,,
http_req_waiting,1780771143,13745.832400,,,,true,,GET,BookDetailsJoin,HTTP/1.1,default,,200,,,BookDetailsJoin,,
http_req_receiving,1780771143,1.500400,,,,true,,GET,BookDetailsJoin,HTTP/1.1,default,,200,,,BookDetailsJoin,,
http_req_failed,1780771143,0.000000,,,,true,,GET,BookDetailsJoin,HTTP/1.1,default,,200,,,BookDetailsJoin,,
checks,1780771143,1.000000,Book details status is 200,,,,,,,,default,,,,,,,
vus,1780771143,35.000000,,,,,,,,,,,,,,,,
vus_max,1780771143,50.000000,,,,,,,,,,,,,,,,
http_reqs,1780771143,1.000000,,,,true,,GET,BookDetailsJoin,HTTP/1.1,default,,200,,,BookDetailsJoin,,
http_req_duration,1780771143,12714.073300,,,,true,,GET,BookDetailsJoin,HTTP/1.1,default,,200,,,BookDetailsJoin,,
http_req_blocked,1780771143,0.000000,,,,true,,GET,BookDetailsJoin,HTTP/1.1,default,,200,,,BookDetailsJoin,,
http_req_connecting,1780771143,0.000000,,,,true,,GET,BookDetailsJoin,HTTP/1.1,default,,200,,,BookDetailsJoin,,
http_req_tls_handshaking,1780771143,0.000000,,,,true,,GET,BookDetailsJoin,HTTP/1.1,default,,200,,,BookDetailsJoin,,
http_req_sending,1780771143,0.000000,,,,true,,GET,BookDetailsJoin,HTTP/1.1,default,,200,,,BookDetailsJoin,,
http_req_waiting,1780771143,12712.417800,,,,true,,GET,BookDetailsJoin,HTTP/1.1,default,,200,,,BookDetailsJoin,,
http_req_receiving,1780771143,1.655500,,,,true,,GET,BookDetailsJoin,HTTP/1.1,default,,200,,,BookDetailsJoin,,
http_req_failed,1780771143,0.000000,,,,true,,GET,BookDetailsJoin,HTTP/1.1,default,,200,,,BookDetailsJoin,,
checks,1780771143,1.000000,Book details status is 200,,,,,,,,default,,,,,,,
http_reqs,1780771143,1.000000,,,,true,,GET,BookDetailsJoin,HTTP/1.1,default,,200,,,BookDetailsJoin,,
http_req_duration,1780771143,12533.863600,,,,true,,GET,BookDetailsJoin,HTTP/1.1,default,,200,,,BookDetailsJoin,,
http_req_blocked,1780771143,0.000000,,,,true,,GET,BookDetailsJoin,HTTP/1.1,default,,200,,,BookDetailsJoin,,
http_req_connecting,1780771143,0.000000,,,,true,,GET,BookDetailsJoin,HTTP/1.1,default,,200,,,BookDetailsJoin,,
http_req_tls_handshaking,1780771143,0.000000,,,,true,,GET,BookDetailsJoin,HTTP/1.1,default,,200,,,BookDetailsJoin,,
http_req_sending,1780771143,0.000000,,,,true,,GET,BookDetailsJoin,HTTP/1.1,default,,200,,,BookDetailsJoin,,
http_req_waiting,1780771143,12532.373600,,,,true,,GET,BookDetailsJoin,HTTP/1.1,default,,200,,,BookDetailsJoin,,
http_req_receiving,1780771143,1.490000,,,,true,,GET,BookDetailsJoin,HTTP/1.1,default,,200,,,BookDetailsJoin,,
http_req_failed,1780771143,0.000000,,,,true,,GET,BookDetailsJoin,HTTP/1.1,default,,200,,,BookDetailsJoin,,
checks,1780771143,1.000000,Book details status is 200,,,,,,,,default,,,,,,,
http_reqs,1780771143,1.000000,,,,true,,GET,BookDetailsJoin,HTTP/1.1,default,,200,,,BookDetailsJoin,,
http_req_duration,1780771143,11871.285700,,,,true,,GET,BookDetailsJoin,HTTP/1.1,default,,200,,,BookDetailsJoin,,
http_req_blocked,1780771143,0.000000,,,,true,,GET,BookDetailsJoin,HTTP/1.1,default,,200,,,BookDetailsJoin,,
http_req_connecting,1780771143,0.000000,,,,true,,GET,BookDetailsJoin,HTTP/1.1,default,,200,,,BookDetailsJoin,,
http_req_tls_handshaking,1780771143,0.000000,,,,true,,GET,BookDetailsJoin,HTTP/1.1,default,,200,,,BookDetailsJoin,,
http_req_sending,1780771143,0.000000,,,,true,,GET,BookDetailsJoin,HTTP/1.1,default,,200,,,BookDetailsJoin,,
http_req_waiting,1780771143,11871.285700,,,,true,,GET,BookDetailsJoin,HTTP/1.1,default,,200,,,BookDetailsJoin,,
http_req_receiving,1780771143,0.000000,,,,true,,GET,BookDetailsJoin,HTTP/1.1,default,,200,,,BookDetailsJoin,,
http_req_failed,1780771143,0.000000,,,,true,,GET,BookDetailsJoin,HTTP/1.1,default,,200,,,BookDetailsJoin,,
checks,1780771143,1.000000,Book details status is 200,,,,,,,,default,,,,,,,
http_reqs,1780771144,1.000000,,,,true,,GET,BookDetailsJoin,HTTP/1.1,default,,200,,,BookDetailsJoin,,
http_req_duration,1780771144,15221.598700,,,,true,,GET,BookDetailsJoin,HTTP/1.1,default,,200,,,BookDetailsJoin,,
http_req_blocked,1780771144,0.000000,,,,true,,GET,BookDetailsJoin,HTTP/1.1,default,,200,,,BookDetailsJoin,,
http_req_connecting,1780771144,0.000000,,,,true,,GET,BookDetailsJoin,HTTP/1.1,default,,200,,,BookDetailsJoin,,
http_req_tls_handshaking,1780771144,0.000000,,,,true,,GET,BookDetailsJoin,HTTP/1.1,default,,200,,,BookDetailsJoin,,
http_req_sending,1780771144,0.000000,,,,true,,GET,BookDetailsJoin,HTTP/1.1,default,,200,,,BookDetailsJoin,,
http_req_waiting,1780771144,15220.722900,,,,true,,GET,BookDetailsJoin,HTTP/1.1,default,,200,,,BookDetailsJoin,,
http_req_receiving,1780771144,0.875800,,,,true,,GET,BookDetailsJoin,HTTP/1.1,default,,200,,,BookDetailsJoin,,
http_req_failed,1780771144,0.000000,,,,true,,GET,BookDetailsJoin,HTTP/1.1,default,,200,,,BookDetailsJoin,,
checks,1780771144,1.000000,Book details status is 200,,,,,,,,default,,,,,,,
http_reqs,1780771144,1.000000,,,,true,,GET,BookDetailsJoin,HTTP/1.1,default,,200,,,BookDetailsJoin,,
http_req_duration,1780771144,13590.101300,,,,true,,GET,BookDetailsJoin,HTTP/1.1,default,,200,,,BookDetailsJoin,,
http_req_blocked,1780771144,0.000000,,,,true,,GET,BookDetailsJoin,HTTP/1.1,default,,200,,,BookDetailsJoin,,
http_req_connecting,1780771144,0.000000,,,,true,,GET,BookDetailsJoin,HTTP/1.1,default,,200,,,BookDetailsJoin,,
http_req_tls_handshaking,1780771144,0.000000,,,,true,,GET,BookDetailsJoin,HTTP/1.1,default,,200,,,BookDetailsJoin,,
http_req_sending,1780771144,0.000000,,,,true,,GET,BookDetailsJoin,HTTP/1.1,default,,200,,,BookDetailsJoin,,
http_req_waiting,1780771144,13589.239700,,,,true,,GET,BookDetailsJoin,HTTP/1.1,default,,200,,,BookDetailsJoin,,
http_req_receiving,1780771144,0.861600,,,,true,,GET,BookDetailsJoin,HTTP/1.1,default,,200,,,BookDetailsJoin,,
http_req_failed,1780771144,0.000000,,,,true,,GET,BookDetailsJoin,HTTP/1.1,default,,200,,,BookDetailsJoin,,
checks,1780771144,1.000000,Book details status is 200,,,,,,,,default,,,,,,,
data_sent,1780771144,264.000000,,,,,,,,,default,,,,,,,
data_received,1780771144,69889.000000,,,,,,,,,default,,,,,,,
http_reqs,1780771144,1.000000,,,,true,,GET,PublicCatalog,HTTP/1.1,default,,200,,,PublicCatalog,,
http_req_duration,1780771144,18290.312200,,,,true,,GET,PublicCatalog,HTTP/1.1,default,,200,,,PublicCatalog,,
http_req_blocked,1780771144,0.000000,,,,true,,GET,PublicCatalog,HTTP/1.1,default,,200,,,PublicCatalog,,
http_req_connecting,1780771144,0.000000,,,,true,,GET,PublicCatalog,HTTP/1.1,default,,200,,,PublicCatalog,,
http_req_tls_handshaking,1780771144,0.000000,,,,true,,GET,PublicCatalog,HTTP/1.1,default,,200,,,PublicCatalog,,
http_req_sending,1780771144,0.000000,,,,true,,GET,PublicCatalog,HTTP/1.1,default,,200,,,PublicCatalog,,
http_req_waiting,1780771144,18289.563500,,,,true,,GET,PublicCatalog,HTTP/1.1,default,,200,,,PublicCatalog,,
http_req_receiving,1780771144,0.748700,,,,true,,GET,PublicCatalog,HTTP/1.1,default,,200,,,PublicCatalog,,
http_req_failed,1780771144,0.000000,,,,true,,GET,PublicCatalog,HTTP/1.1,default,,200,,,PublicCatalog,,
checks,1780771144,1.000000,Catalog page status is 200,,,,,,,,default,,,,,,,
vus,1780771144,34.000000,,,,,,,,,,,,,,,,
vus_max,1780771144,50.000000,,,,,,,,,,,,,,,,
http_reqs,1780771144,1.000000,,,,true,,GET,BookDetailsJoin,HTTP/1.1,default,,200,,,BookDetailsJoin,,
http_req_duration,1780771144,11662.081300,,,,true,,GET,BookDetailsJoin,HTTP/1.1,default,,200,,,BookDetailsJoin,,
http_req_blocked,1780771144,0.000000,,,,true,,GET,BookDetailsJoin,HTTP/1.1,default,,200,,,BookDetailsJoin,,
http_req_connecting,1780771144,0.000000,,,,true,,GET,BookDetailsJoin,HTTP/1.1,default,,200,,,BookDetailsJoin,,
http_req_tls_handshaking,1780771144,0.000000,,,,true,,GET,BookDetailsJoin,HTTP/1.1,default,,200,,,BookDetailsJoin,,
http_req_sending,1780771144,0.000000,,,,true,,GET,BookDetailsJoin,HTTP/1.1,default,,200,,,BookDetailsJoin,,
http_req_waiting,1780771144,11660.540700,,,,true,,GET,BookDetailsJoin,HTTP/1.1,default,,200,,,BookDetailsJoin,,
http_req_receiving,1780771144,1.540600,,,,true,,GET,BookDetailsJoin,HTTP/1.1,default,,200,,,BookDetailsJoin,,
http_req_failed,1780771144,0.000000,,,,true,,GET,BookDetailsJoin,HTTP/1.1,default,,200,,,BookDetailsJoin,,
checks,1780771144,1.000000,Book details status is 200,,,,,,,,default,,,,,,,
http_reqs,1780771144,1.000000,,,,true,,GET,BookDetailsJoin,HTTP/1.1,default,,200,,,BookDetailsJoin,,
http_req_duration,1780771144,8107.427900,,,,true,,GET,BookDetailsJoin,HTTP/1.1,default,,200,,,BookDetailsJoin,,
http_req_blocked,1780771144,0.000000,,,,true,,GET,BookDetailsJoin,HTTP/1.1,default,,200,,,BookDetailsJoin,,
http_req_connecting,1780771144,0.000000,,,,true,,GET,BookDetailsJoin,HTTP/1.1,default,,200,,,BookDetailsJoin,,
http_req_tls_handshaking,1780771144,0.000000,,,,true,,GET,BookDetailsJoin,HTTP/1.1,default,,200,,,BookDetailsJoin,,
http_req_sending,1780771144,0.000000,,,,true,,GET,BookDetailsJoin,HTTP/1.1,default,,200,,,BookDetailsJoin,,
http_req_waiting,1780771144,8106.815900,,,,true,,GET,BookDetailsJoin,HTTP/1.1,default,,200,,,BookDetailsJoin,,
http_req_receiving,1780771144,0.612000,,,,true,,GET,BookDetailsJoin,HTTP/1.1,default,,200,,,BookDetailsJoin,,
http_req_failed,1780771144,0.000000,,,,true,,GET,BookDetailsJoin,HTTP/1.1,default,,200,,,BookDetailsJoin,,
checks,1780771144,1.000000,Book details status is 200,,,,,,,,default,,,,,,,
http_reqs,1780771145,1.000000,,,,true,,GET,BookDetailsJoin,HTTP/1.1,default,,200,,,BookDetailsJoin,,
http_req_duration,1780771145,8722.324700,,,,true,,GET,BookDetailsJoin,HTTP/1.1,default,,200,,,BookDetailsJoin,,
http_req_blocked,1780771145,0.000000,,,,true,,GET,BookDetailsJoin,HTTP/1.1,default,,200,,,BookDetailsJoin,,
http_req_connecting,1780771145,0.000000,,,,true,,GET,BookDetailsJoin,HTTP/1.1,default,,200,,,BookDetailsJoin,,
http_req_tls_handshaking,1780771145,0.000000,,,,true,,GET,BookDetailsJoin,HTTP/1.1,default,,200,,,BookDetailsJoin,,
http_req_sending,1780771145,0.000000,,,,true,,GET,BookDetailsJoin,HTTP/1.1,default,,200,,,BookDetailsJoin,,
http_req_waiting,1780771145,8720.556600,,,,true,,GET,BookDetailsJoin,HTTP/1.1,default,,200,,,BookDetailsJoin,,
http_req_receiving,1780771145,1.768100,,,,true,,GET,BookDetailsJoin,HTTP/1.1,default,,200,,,BookDetailsJoin,,
http_req_failed,1780771145,0.000000,,,,true,,GET,BookDetailsJoin,HTTP/1.1,default,,200,,,BookDetailsJoin,,
checks,1780771145,1.000000,Book details status is 200,,,,,,,,default,,,,,,,
http_reqs,1780771145,1.000000,,,,true,,GET,BookDetailsJoin,HTTP/1.1,default,,200,,,BookDetailsJoin,,
http_req_duration,1780771145,8223.092400,,,,true,,GET,BookDetailsJoin,HTTP/1.1,default,,200,,,BookDetailsJoin,,
http_req_blocked,1780771145,0.000000,,,,true,,GET,BookDetailsJoin,HTTP/1.1,default,,200,,,BookDetailsJoin,,
http_req_connecting,1780771145,0.000000,,,,true,,GET,BookDetailsJoin,HTTP/1.1,default,,200,,,BookDetailsJoin,,
http_req_tls_handshaking,1780771145,0.000000,,,,true,,GET,BookDetailsJoin,HTTP/1.1,default,,200,,,BookDetailsJoin,,
http_req_sending,1780771145,0.000000,,,,true,,GET,BookDetailsJoin,HTTP/1.1,default,,200,,,BookDetailsJoin,,
http_req_waiting,1780771145,8221.690000,,,,true,,GET,BookDetailsJoin,HTTP/1.1,default,,200,,,BookDetailsJoin,,
http_req_receiving,1780771145,1.402400,,,,true,,GET,BookDetailsJoin,HTTP/1.1,default,,200,,,BookDetailsJoin,,
http_req_failed,1780771145,0.000000,,,,true,,GET,BookDetailsJoin,HTTP/1.1,default,,200,,,BookDetailsJoin,,
checks,1780771145,1.000000,Book details status is 200,,,,,,,,default,,,,,,,
http_reqs,1780771145,1.000000,,,,true,,GET,BookDetailsJoin,HTTP/1.1,default,,200,,,BookDetailsJoin,,
http_req_duration,1780771145,11232.394200,,,,true,,GET,BookDetailsJoin,HTTP/1.1,default,,200,,,BookDetailsJoin,,
http_req_blocked,1780771145,0.000000,,,,true,,GET,BookDetailsJoin,HTTP/1.1,default,,200,,,BookDetailsJoin,,
http_req_connecting,1780771145,0.000000,,,,true,,GET,BookDetailsJoin,HTTP/1.1,default,,200,,,BookDetailsJoin,,
http_req_tls_handshaking,1780771145,0.000000,,,,true,,GET,BookDetailsJoin,HTTP/1.1,default,,200,,,BookDetailsJoin,,
http_req_sending,1780771145,0.000000,,,,true,,GET,BookDetailsJoin,HTTP/1.1,default,,200,,,BookDetailsJoin,,
http_req_waiting,1780771145,11231.803600,,,,true,,GET,BookDetailsJoin,HTTP/1.1,default,,200,,,BookDetailsJoin,,
http_req_receiving,1780771145,0.590600,,,,true,,GET,BookDetailsJoin,HTTP/1.1,default,,200,,,BookDetailsJoin,,
http_req_failed,1780771145,0.000000,,,,true,,GET,BookDetailsJoin,HTTP/1.1,default,,200,,,BookDetailsJoin,,
checks,1780771145,1.000000,Book details status is 200,,,,,,,,default,,,,,,,
http_reqs,1780771145,1.000000,,,,true,,GET,BookDetailsJoin,HTTP/1.1,default,,200,,,BookDetailsJoin,,
http_req_duration,1780771145,8013.960300,,,,true,,GET,BookDetailsJoin,HTTP/1.1,default,,200,,,BookDetailsJoin,,
http_req_blocked,1780771145,0.000000,,,,true,,GET,BookDetailsJoin,HTTP/1.1,default,,200,,,BookDetailsJoin,,
http_req_connecting,1780771145,0.000000,,,,true,,GET,BookDetailsJoin,HTTP/1.1,default,,200,,,BookDetailsJoin,,
http_req_tls_handshaking,1780771145,0.000000,,,,true,,GET,BookDetailsJoin,HTTP/1.1,default,,200,,,BookDetailsJoin,,
http_req_sending,1780771145,0.000000,,,,true,,GET,BookDetailsJoin,HTTP/1.1,default,,200,,,BookDetailsJoin,,
http_req_waiting,1780771145,8012.222400,,,,true,,GET,BookDetailsJoin,HTTP/1.1,default,,200,,,BookDetailsJoin,,
http_req_receiving,1780771145,1.737900,,,,true,,GET,BookDetailsJoin,HTTP/1.1,default,,200,,,BookDetailsJoin,,
http_req_failed,1780771145,0.000000,,,,true,,GET,BookDetailsJoin,HTTP/1.1,default,,200,,,BookDetailsJoin,,
checks,1780771145,1.000000,Book details status is 200,,,,,,,,default,,,,,,,
vus,1780771145,34.000000,,,,,,,,,,,,,,,,
vus_max,1780771145,50.000000,,,,,,,,,,,,,,,,
http_reqs,1780771145,1.000000,,,,true,,GET,BookDetailsJoin,HTTP/1.1,default,,200,,,BookDetailsJoin,,
http_req_duration,1780771145,7341.815300,,,,true,,GET,BookDetailsJoin,HTTP/1.1,default,,200,,,BookDetailsJoin,,
http_req_blocked,1780771145,0.000000,,,,true,,GET,BookDetailsJoin,HTTP/1.1,default,,200,,,BookDetailsJoin,,
http_req_connecting,1780771145,0.000000,,,,true,,GET,BookDetailsJoin,HTTP/1.1,default,,200,,,BookDetailsJoin,,
http_req_tls_handshaking,1780771145,0.000000,,,,true,,GET,BookDetailsJoin,HTTP/1.1,default,,200,,,BookDetailsJoin,,
http_req_sending,1780771145,0.000000,,,,true,,GET,BookDetailsJoin,HTTP/1.1,default,,200,,,BookDetailsJoin,,
http_req_waiting,1780771145,7341.815300,,,,true,,GET,BookDetailsJoin,HTTP/1.1,default,,200,,,BookDetailsJoin,,
http_req_receiving,1780771145,0.000000,,,,true,,GET,BookDetailsJoin,HTTP/1.1,default,,200,,,BookDetailsJoin,,
http_req_failed,1780771145,0.000000,,,,true,,GET,BookDetailsJoin,HTTP/1.1,default,,200,,,BookDetailsJoin,,
checks,1780771145,1.000000,Book details status is 200,,,,,,,,default,,,,,,,
data_sent,1780771145,264.000000,,,,,,,,,default,,,,,,,
data_received,1780771145,111076.000000,,,,,,,,,default,,,,,,,
http_reqs,1780771145,1.000000,,,,true,,GET,BookDetailsJoin,HTTP/1.1,default,,200,,,BookDetailsJoin,,
http_req_duration,1780771145,6372.609000,,,,true,,GET,BookDetailsJoin,HTTP/1.1,default,,200,,,BookDetailsJoin,,
http_req_blocked,1780771145,0.000000,,,,true,,GET,BookDetailsJoin,HTTP/1.1,default,,200,,,BookDetailsJoin,,
http_req_connecting,1780771145,0.000000,,,,true,,GET,BookDetailsJoin,HTTP/1.1,default,,200,,,BookDetailsJoin,,
http_req_tls_handshaking,1780771145,0.000000,,,,true,,GET,BookDetailsJoin,HTTP/1.1,default,,200,,,BookDetailsJoin,,
http_req_sending,1780771145,0.000000,,,,true,,GET,BookDetailsJoin,HTTP/1.1,default,,200,,,BookDetailsJoin,,
http_req_waiting,1780771145,6370.546000,,,,true,,GET,BookDetailsJoin,HTTP/1.1,default,,200,,,BookDetailsJoin,,
http_req_receiving,1780771145,2.063000,,,,true,,GET,BookDetailsJoin,HTTP/1.1,default,,200,,,BookDetailsJoin,,
http_req_failed,1780771145,0.000000,,,,true,,GET,BookDetailsJoin,HTTP/1.1,default,,200,,,BookDetailsJoin,,
checks,1780771145,1.000000,Book details status is 200,,,,,,,,default,,,,,,,
http_reqs,1780771145,1.000000,,,,true,,GET,BookDetailsJoin,HTTP/1.1,default,,200,,,BookDetailsJoin,,
http_req_duration,1780771145,5615.332400,,,,true,,GET,BookDetailsJoin,HTTP/1.1,default,,200,,,BookDetailsJoin,,
http_req_blocked,1780771145,0.000000,,,,true,,GET,BookDetailsJoin,HTTP/1.1,default,,200,,,BookDetailsJoin,,
http_req_connecting,1780771145,0.000000,,,,true,,GET,BookDetailsJoin,HTTP/1.1,default,,200,,,BookDetailsJoin,,
http_req_tls_handshaking,1780771145,0.000000,,,,true,,GET,BookDetailsJoin,HTTP/1.1,default,,200,,,BookDetailsJoin,,
http_req_sending,1780771145,0.000000,,,,true,,GET,BookDetailsJoin,HTTP/1.1,default,,200,,,BookDetailsJoin,,
http_req_waiting,1780771145,5613.848100,,,,true,,GET,BookDetailsJoin,HTTP/1.1,default,,200,,,BookDetailsJoin,,
http_req_receiving,1780771145,1.484300,,,,true,,GET,BookDetailsJoin,HTTP/1.1,default,,200,,,BookDetailsJoin,,
http_req_failed,1780771145,0.000000,,,,true,,GET,BookDetailsJoin,HTTP/1.1,default,,200,,,BookDetailsJoin,,
checks,1780771145,1.000000,Book details status is 200,,,,,,,,default,,,,,,,
http_reqs,1780771145,1.000000,,,,true,,GET,BookDetailsJoin,HTTP/1.1,default,,200,,,BookDetailsJoin,,
http_req_duration,1780771145,7000.826600,,,,true,,GET,BookDetailsJoin,HTTP/1.1,default,,200,,,BookDetailsJoin,,
http_req_blocked,1780771145,0.000000,,,,true,,GET,BookDetailsJoin,HTTP/1.1,default,,200,,,BookDetailsJoin,,
http_req_connecting,1780771145,0.000000,,,,true,,GET,BookDetailsJoin,HTTP/1.1,default,,200,,,BookDetailsJoin,,
http_req_tls_handshaking,1780771145,0.000000,,,,true,,GET,BookDetailsJoin,HTTP/1.1,default,,200,,,BookDetailsJoin,,
http_req_sending,1780771145,0.000000,,,,true,,GET,BookDetailsJoin,HTTP/1.1,default,,200,,,BookDetailsJoin,,
http_req_waiting,1780771145,6999.265700,,,,true,,GET,BookDetailsJoin,HTTP/1.1,default,,200,,,BookDetailsJoin,,
http_req_receiving,1780771145,1.560900,,,,true,,GET,BookDetailsJoin,HTTP/1.1,default,,200,,,BookDetailsJoin,,
http_req_failed,1780771145,0.000000,,,,true,,GET,BookDetailsJoin,HTTP/1.1,default,,200,,,BookDetailsJoin,,
checks,1780771145,1.000000,Book details status is 200,,,,,,,,default,,,,,,,
http_reqs,1780771146,1.000000,,,,true,,GET,BookDetailsJoin,HTTP/1.1,default,,200,,,BookDetailsJoin,,
http_req_duration,1780771146,6218.174400,,,,true,,GET,BookDetailsJoin,HTTP/1.1,default,,200,,,BookDetailsJoin,,
http_req_blocked,1780771146,0.000000,,,,true,,GET,BookDetailsJoin,HTTP/1.1,default,,200,,,BookDetailsJoin,,
http_req_connecting,1780771146,0.000000,,,,true,,GET,BookDetailsJoin,HTTP/1.1,default,,200,,,BookDetailsJoin,,
http_req_tls_handshaking,1780771146,0.000000,,,,true,,GET,BookDetailsJoin,HTTP/1.1,default,,200,,,BookDetailsJoin,,
http_req_sending,1780771146,0.000000,,,,true,,GET,BookDetailsJoin,HTTP/1.1,default,,200,,,BookDetailsJoin,,
http_req_waiting,1780771146,6216.993200,,,,true,,GET,BookDetailsJoin,HTTP/1.1,default,,200,,,BookDetailsJoin,,
http_req_receiving,1780771146,1.181200,,,,true,,GET,BookDetailsJoin,HTTP/1.1,default,,200,,,BookDetailsJoin,,
http_req_failed,1780771146,0.000000,,,,true,,GET,BookDetailsJoin,HTTP/1.1,default,,200,,,BookDetailsJoin,,
checks,1780771146,1.000000,Book details status is 200,,,,,,,,default,,,,,,,
data_sent,1780771146,264.000000,,,,,,,,,default,,,,,,,
data_received,1780771146,110403.000000,,,,,,,,,default,,,,,,,
iteration_duration,1780771146,54417.509000,,,,,,,,,default,,,,,,,
iterations,1780771146,1.000000,,,,,,,,,default,,,,,,,
http_reqs,1780771146,1.000000,,,,true,,GET,BookDetailsJoin,HTTP/1.1,default,,200,,,BookDetailsJoin,,
http_req_duration,1780771146,5620.460200,,,,true,,GET,BookDetailsJoin,HTTP/1.1,default,,200,,,BookDetailsJoin,,
http_req_blocked,1780771146,0.000000,,,,true,,GET,BookDetailsJoin,HTTP/1.1,default,,200,,,BookDetailsJoin,,
http_req_connecting,1780771146,0.000000,,,,true,,GET,BookDetailsJoin,HTTP/1.1,default,,200,,,BookDetailsJoin,,
http_req_tls_handshaking,1780771146,0.000000,,,,true,,GET,BookDetailsJoin,HTTP/1.1,default,,200,,,BookDetailsJoin,,
http_req_sending,1780771146,0.000000,,,,true,,GET,BookDetailsJoin,HTTP/1.1,default,,200,,,BookDetailsJoin,,
http_req_waiting,1780771146,5618.604700,,,,true,,GET,BookDetailsJoin,HTTP/1.1,default,,200,,,BookDetailsJoin,,
http_req_receiving,1780771146,1.855500,,,,true,,GET,BookDetailsJoin,HTTP/1.1,default,,200,,,BookDetailsJoin,,
http_req_failed,1780771146,0.000000,,,,true,,GET,BookDetailsJoin,HTTP/1.1,default,,200,,,BookDetailsJoin,,
checks,1780771146,1.000000,Book details status is 200,,,,,,,,default,,,,,,,
http_reqs,1780771146,1.000000,,,,true,,GET,BookDetailsJoin,HTTP/1.1,default,,200,,,BookDetailsJoin,,
http_req_duration,1780771146,8518.415100,,,,true,,GET,BookDetailsJoin,HTTP/1.1,default,,200,,,BookDetailsJoin,,
http_req_blocked,1780771146,0.000000,,,,true,,GET,BookDetailsJoin,HTTP/1.1,default,,200,,,BookDetailsJoin,,
http_req_connecting,1780771146,0.000000,,,,true,,GET,BookDetailsJoin,HTTP/1.1,default,,200,,,BookDetailsJoin,,
http_req_tls_handshaking,1780771146,0.000000,,,,true,,GET,BookDetailsJoin,HTTP/1.1,default,,200,,,BookDetailsJoin,,
http_req_sending,1780771146,0.000000,,,,true,,GET,BookDetailsJoin,HTTP/1.1,default,,200,,,BookDetailsJoin,,
http_req_waiting,1780771146,8517.182400,,,,true,,GET,BookDetailsJoin,HTTP/1.1,default,,200,,,BookDetailsJoin,,
http_req_receiving,1780771146,1.232700,,,,true,,GET,BookDetailsJoin,HTTP/1.1,default,,200,,,BookDetailsJoin,,
http_req_failed,1780771146,0.000000,,,,true,,GET,BookDetailsJoin,HTTP/1.1,default,,200,,,BookDetailsJoin,,
checks,1780771146,1.000000,Book details status is 200,,,,,,,,default,,,,,,,
http_reqs,1780771146,1.000000,,,,true,,GET,BookDetailsJoin,HTTP/1.1,default,,200,,,BookDetailsJoin,,
http_req_duration,1780771146,11932.557300,,,,true,,GET,BookDetailsJoin,HTTP/1.1,default,,200,,,BookDetailsJoin,,
http_req_blocked,1780771146,0.000000,,,,true,,GET,BookDetailsJoin,HTTP/1.1,default,,200,,,BookDetailsJoin,,
http_req_connecting,1780771146,0.000000,,,,true,,GET,BookDetailsJoin,HTTP/1.1,default,,200,,,BookDetailsJoin,,
http_req_tls_handshaking,1780771146,0.000000,,,,true,,GET,BookDetailsJoin,HTTP/1.1,default,,200,,,BookDetailsJoin,,
http_req_sending,1780771146,0.000000,,,,true,,GET,BookDetailsJoin,HTTP/1.1,default,,200,,,BookDetailsJoin,,
http_req_waiting,1780771146,11931.971000,,,,true,,GET,BookDetailsJoin,HTTP/1.1,default,,200,,,BookDetailsJoin,,
http_req_receiving,1780771146,0.586300,,,,true,,GET,BookDetailsJoin,HTTP/1.1,default,,200,,,BookDetailsJoin,,
http_req_failed,1780771146,0.000000,,,,true,,GET,BookDetailsJoin,HTTP/1.1,default,,200,,,BookDetailsJoin,,
checks,1780771146,1.000000,Book details status is 200,,,,,,,,default,,,,,,,
data_sent,1780771146,264.000000,,,,,,,,,default,,,,,,,
data_received,1780771146,110651.000000,,,,,,,,,default,,,,,,,
iteration_duration,1780771146,55800.833700,,,,,,,,,default,,,,,,,
iterations,1780771146,1.000000,,,,,,,,,default,,,,,,,
vus,1780771146,31.000000,,,,,,,,,,,,,,,,
vus_max,1780771146,50.000000,,,,,,,,,,,,,,,,
http_reqs,1780771146,1.000000,,,,true,,GET,BookDetailsJoin,HTTP/1.1,default,,200,,,BookDetailsJoin,,
http_req_duration,1780771146,10620.415100,,,,true,,GET,BookDetailsJoin,HTTP/1.1,default,,200,,,BookDetailsJoin,,
http_req_blocked,1780771146,0.000000,,,,true,,GET,BookDetailsJoin,HTTP/1.1,default,,200,,,BookDetailsJoin,,
http_req_connecting,1780771146,0.000000,,,,true,,GET,BookDetailsJoin,HTTP/1.1,default,,200,,,BookDetailsJoin,,
http_req_tls_handshaking,1780771146,0.000000,,,,true,,GET,BookDetailsJoin,HTTP/1.1,default,,200,,,BookDetailsJoin,,
http_req_sending,1780771146,0.000000,,,,true,,GET,BookDetailsJoin,HTTP/1.1,default,,200,,,BookDetailsJoin,,
http_req_waiting,1780771146,10619.227500,,,,true,,GET,BookDetailsJoin,HTTP/1.1,default,,200,,,BookDetailsJoin,,
http_req_receiving,1780771146,1.187600,,,,true,,GET,BookDetailsJoin,HTTP/1.1,default,,200,,,BookDetailsJoin,,
http_req_failed,1780771146,0.000000,,,,true,,GET,BookDetailsJoin,HTTP/1.1,default,,200,,,BookDetailsJoin,,
checks,1780771146,1.000000,Book details status is 200,,,,,,,,default,,,,,,,
data_sent,1780771146,264.000000,,,,,,,,,default,,,,,,,
data_received,1780771146,110093.000000,,,,,,,,,default,,,,,,,
iteration_duration,1780771146,55488.415000,,,,,,,,,default,,,,,,,
iterations,1780771146,1.000000,,,,,,,,,default,,,,,,,
data_sent,1780771146,264.000000,,,,,,,,,default,,,,,,,
data_received,1780771146,111016.000000,,,,,,,,,default,,,,,,,
data_sent,1780771146,264.000000,,,,,,,,,default,,,,,,,
data_received,1780771146,110611.000000,,,,,,,,,default,,,,,,,
iteration_duration,1780771146,55980.135100,,,,,,,,,default,,,,,,,
iterations,1780771146,1.000000,,,,,,,,,default,,,,,,,
http_reqs,1780771146,1.000000,,,,true,,GET,PublicCatalog,HTTP/1.1,default,,200,,,PublicCatalog,,
http_req_duration,1780771146,12598.592300,,,,true,,GET,PublicCatalog,HTTP/1.1,default,,200,,,PublicCatalog,,
http_req_blocked,1780771146,0.000000,,,,true,,GET,PublicCatalog,HTTP/1.1,default,,200,,,PublicCatalog,,
http_req_connecting,1780771146,0.000000,,,,true,,GET,PublicCatalog,HTTP/1.1,default,,200,,,PublicCatalog,,
http_req_tls_handshaking,1780771146,0.000000,,,,true,,GET,PublicCatalog,HTTP/1.1,default,,200,,,PublicCatalog,,
http_req_sending,1780771146,0.000000,,,,true,,GET,PublicCatalog,HTTP/1.1,default,,200,,,PublicCatalog,,
http_req_waiting,1780771146,12597.410500,,,,true,,GET,PublicCatalog,HTTP/1.1,default,,200,,,PublicCatalog,,
http_req_receiving,1780771146,1.181800,,,,true,,GET,PublicCatalog,HTTP/1.1,default,,200,,,PublicCatalog,,
http_req_failed,1780771146,0.000000,,,,true,,GET,PublicCatalog,HTTP/1.1,default,,200,,,PublicCatalog,,
checks,1780771146,1.000000,Catalog page status is 200,,,,,,,,default,,,,,,,
data_sent,1780771146,264.000000,,,,,,,,,default,,,,,,,
data_received,1780771146,110175.000000,,,,,,,,,default,,,,,,,
iteration_duration,1780771146,55054.537500,,,,,,,,,default,,,,,,,
iterations,1780771146,1.000000,,,,,,,,,default,,,,,,,
data_sent,1780771147,264.000000,,,,,,,,,default,,,,,,,
data_received,1780771147,110585.000000,,,,,,,,,default,,,,,,,
iteration_duration,1780771147,55292.465500,,,,,,,,,default,,,,,,,
iterations,1780771147,1.000000,,,,,,,,,default,,,,,,,
http_reqs,1780771147,1.000000,,,,true,,GET,BookDetailsJoin,HTTP/1.1,default,,200,,,BookDetailsJoin,,
http_req_duration,1780771147,5619.519500,,,,true,,GET,BookDetailsJoin,HTTP/1.1,default,,200,,,BookDetailsJoin,,
http_req_blocked,1780771147,0.000000,,,,true,,GET,BookDetailsJoin,HTTP/1.1,default,,200,,,BookDetailsJoin,,
http_req_connecting,1780771147,0.000000,,,,true,,GET,BookDetailsJoin,HTTP/1.1,default,,200,,,BookDetailsJoin,,
http_req_tls_handshaking,1780771147,0.000000,,,,true,,GET,BookDetailsJoin,HTTP/1.1,default,,200,,,BookDetailsJoin,,
http_req_sending,1780771147,0.000000,,,,true,,GET,BookDetailsJoin,HTTP/1.1,default,,200,,,BookDetailsJoin,,
http_req_waiting,1780771147,5618.463000,,,,true,,GET,BookDetailsJoin,HTTP/1.1,default,,200,,,BookDetailsJoin,,
http_req_receiving,1780771147,1.056500,,,,true,,GET,BookDetailsJoin,HTTP/1.1,default,,200,,,BookDetailsJoin,,
http_req_failed,1780771147,0.000000,,,,true,,GET,BookDetailsJoin,HTTP/1.1,default,,200,,,BookDetailsJoin,,
checks,1780771147,1.000000,Book details status is 200,,,,,,,,default,,,,,,,
data_sent,1780771147,264.000000,,,,,,,,,default,,,,,,,
data_received,1780771147,110766.000000,,,,,,,,,default,,,,,,,
iteration_duration,1780771147,49558.012100,,,,,,,,,default,,,,,,,
iterations,1780771147,1.000000,,,,,,,,,default,,,,,,,
http_reqs,1780771147,1.000000,,,,true,,GET,BookDetailsJoin,HTTP/1.1,default,,200,,,BookDetailsJoin,,
http_req_duration,1780771147,5540.220600,,,,true,,GET,BookDetailsJoin,HTTP/1.1,default,,200,,,BookDetailsJoin,,
http_req_blocked,1780771147,0.000000,,,,true,,GET,BookDetailsJoin,HTTP/1.1,default,,200,,,BookDetailsJoin,,
http_req_connecting,1780771147,0.000000,,,,true,,GET,BookDetailsJoin,HTTP/1.1,default,,200,,,BookDetailsJoin,,
http_req_tls_handshaking,1780771147,0.000000,,,,true,,GET,BookDetailsJoin,HTTP/1.1,default,,200,,,BookDetailsJoin,,
http_req_sending,1780771147,0.000000,,,,true,,GET,BookDetailsJoin,HTTP/1.1,default,,200,,,BookDetailsJoin,,
http_req_waiting,1780771147,5539.215500,,,,true,,GET,BookDetailsJoin,HTTP/1.1,default,,200,,,BookDetailsJoin,,
http_req_receiving,1780771147,1.005100,,,,true,,GET,BookDetailsJoin,HTTP/1.1,default,,200,,,BookDetailsJoin,,
http_req_failed,1780771147,0.000000,,,,true,,GET,BookDetailsJoin,HTTP/1.1,default,,200,,,BookDetailsJoin,,
checks,1780771147,1.000000,Book details status is 200,,,,,,,,default,,,,,,,
vus,1780771147,26.000000,,,,,,,,,,,,,,,,
vus_max,1780771147,50.000000,,,,,,,,,,,,,,,,
data_sent,1780771147,264.000000,,,,,,,,,default,,,,,,,
data_received,1780771147,110428.000000,,,,,,,,,default,,,,,,,
iteration_duration,1780771147,50311.770100,,,,,,,,,default,,,,,,,
iterations,1780771147,1.000000,,,,,,,,,default,,,,,,,
http_reqs,1780771147,1.000000,,,,true,,GET,BookDetailsJoin,HTTP/1.1,default,,200,,,BookDetailsJoin,,
http_req_duration,1780771147,5327.542100,,,,true,,GET,BookDetailsJoin,HTTP/1.1,default,,200,,,BookDetailsJoin,,
http_req_blocked,1780771147,0.000000,,,,true,,GET,BookDetailsJoin,HTTP/1.1,default,,200,,,BookDetailsJoin,,
http_req_connecting,1780771147,0.000000,,,,true,,GET,BookDetailsJoin,HTTP/1.1,default,,200,,,BookDetailsJoin,,
http_req_tls_handshaking,1780771147,0.000000,,,,true,,GET,BookDetailsJoin,HTTP/1.1,default,,200,,,BookDetailsJoin,,
http_req_sending,1780771147,0.000000,,,,true,,GET,BookDetailsJoin,HTTP/1.1,default,,200,,,BookDetailsJoin,,
http_req_waiting,1780771147,5325.387100,,,,true,,GET,BookDetailsJoin,HTTP/1.1,default,,200,,,BookDetailsJoin,,
http_req_receiving,1780771147,2.155000,,,,true,,GET,BookDetailsJoin,HTTP/1.1,default,,200,,,BookDetailsJoin,,
http_req_failed,1780771147,0.000000,,,,true,,GET,BookDetailsJoin,HTTP/1.1,default,,200,,,BookDetailsJoin,,
checks,1780771147,1.000000,Book details status is 200,,,,,,,,default,,,,,,,
data_sent,1780771147,264.000000,,,,,,,,,default,,,,,,,
data_received,1780771147,111374.000000,,,,,,,,,default,,,,,,,
iteration_duration,1780771147,32495.243600,,,,,,,,,default,,,,,,,
iterations,1780771147,1.000000,,,,,,,,,default,,,,,,,
http_reqs,1780771147,1.000000,,,,true,,GET,BookDetailsJoin,HTTP/1.1,default,,200,,,BookDetailsJoin,,
http_req_duration,1780771147,6773.059100,,,,true,,GET,BookDetailsJoin,HTTP/1.1,default,,200,,,BookDetailsJoin,,
http_req_blocked,1780771147,2.012100,,,,true,,GET,BookDetailsJoin,HTTP/1.1,default,,200,,,BookDetailsJoin,,
http_req_connecting,1780771147,0.000000,,,,true,,GET,BookDetailsJoin,HTTP/1.1,default,,200,,,BookDetailsJoin,,
http_req_tls_handshaking,1780771147,0.000000,,,,true,,GET,BookDetailsJoin,HTTP/1.1,default,,200,,,BookDetailsJoin,,
http_req_sending,1780771147,0.000000,,,,true,,GET,BookDetailsJoin,HTTP/1.1,default,,200,,,BookDetailsJoin,,
http_req_waiting,1780771147,6772.019000,,,,true,,GET,BookDetailsJoin,HTTP/1.1,default,,200,,,BookDetailsJoin,,
http_req_receiving,1780771147,1.040100,,,,true,,GET,BookDetailsJoin,HTTP/1.1,default,,200,,,BookDetailsJoin,,
http_req_failed,1780771147,0.000000,,,,true,,GET,BookDetailsJoin,HTTP/1.1,default,,200,,,BookDetailsJoin,,
checks,1780771147,1.000000,Book details status is 200,,,,,,,,default,,,,,,,
http_reqs,1780771147,1.000000,,,,true,,GET,BookDetailsJoin,HTTP/1.1,default,,200,,,BookDetailsJoin,,
http_req_duration,1780771147,3713.421500,,,,true,,GET,BookDetailsJoin,HTTP/1.1,default,,200,,,BookDetailsJoin,,
http_req_blocked,1780771147,0.000000,,,,true,,GET,BookDetailsJoin,HTTP/1.1,default,,200,,,BookDetailsJoin,,
http_req_connecting,1780771147,0.000000,,,,true,,GET,BookDetailsJoin,HTTP/1.1,default,,200,,,BookDetailsJoin,,
http_req_tls_handshaking,1780771147,0.000000,,,,true,,GET,BookDetailsJoin,HTTP/1.1,default,,200,,,BookDetailsJoin,,
http_req_sending,1780771147,0.000000,,,,true,,GET,BookDetailsJoin,HTTP/1.1,default,,200,,,BookDetailsJoin,,
http_req_waiting,1780771147,3711.226000,,,,true,,GET,BookDetailsJoin,HTTP/1.1,default,,200,,,BookDetailsJoin,,
http_req_receiving,1780771147,2.195500,,,,true,,GET,BookDetailsJoin,HTTP/1.1,default,,200,,,BookDetailsJoin,,
http_req_failed,1780771147,0.000000,,,,true,,GET,BookDetailsJoin,HTTP/1.1,default,,200,,,BookDetailsJoin,,
checks,1780771147,1.000000,Book details status is 200,,,,,,,,default,,,,,,,
data_sent,1780771148,264.000000,,,,,,,,,default,,,,,,,
data_received,1780771148,110303.000000,,,,,,,,,default,,,,,,,
iteration_duration,1780771148,33085.499000,,,,,,,,,default,,,,,,,
iterations,1780771148,1.000000,,,,,,,,,default,,,,,,,
http_reqs,1780771148,1.000000,,,,true,,GET,BookDetailsJoin,HTTP/1.1,default,,200,,,BookDetailsJoin,,
http_req_duration,1780771148,4540.598400,,,,true,,GET,BookDetailsJoin,HTTP/1.1,default,,200,,,BookDetailsJoin,,
http_req_blocked,1780771148,0.000000,,,,true,,GET,BookDetailsJoin,HTTP/1.1,default,,200,,,BookDetailsJoin,,
http_req_connecting,1780771148,0.000000,,,,true,,GET,BookDetailsJoin,HTTP/1.1,default,,200,,,BookDetailsJoin,,
http_req_tls_handshaking,1780771148,0.000000,,,,true,,GET,BookDetailsJoin,HTTP/1.1,default,,200,,,BookDetailsJoin,,
http_req_sending,1780771148,0.000000,,,,true,,GET,BookDetailsJoin,HTTP/1.1,default,,200,,,BookDetailsJoin,,
http_req_waiting,1780771148,4539.088400,,,,true,,GET,BookDetailsJoin,HTTP/1.1,default,,200,,,BookDetailsJoin,,
http_req_receiving,1780771148,1.510000,,,,true,,GET,BookDetailsJoin,HTTP/1.1,default,,200,,,BookDetailsJoin,,
http_req_failed,1780771148,0.000000,,,,true,,GET,BookDetailsJoin,HTTP/1.1,default,,200,,,BookDetailsJoin,,
checks,1780771148,1.000000,Book details status is 200,,,,,,,,default,,,,,,,
data_sent,1780771148,264.000000,,,,,,,,,default,,,,,,,
data_received,1780771148,110442.000000,,,,,,,,,default,,,,,,,
iteration_duration,1780771148,32712.702500,,,,,,,,,default,,,,,,,
iterations,1780771148,1.000000,,,,,,,,,default,,,,,,,
data_sent,1780771148,264.000000,,,,,,,,,default,,,,,,,
data_received,1780771148,110616.000000,,,,,,,,,default,,,,,,,
iteration_duration,1780771148,51888.745600,,,,,,,,,default,,,,,,,
iterations,1780771148,1.000000,,,,,,,,,default,,,,,,,
http_reqs,1780771148,1.000000,,,,true,,GET,PublicCatalog,HTTP/1.1,default,,200,,,PublicCatalog,,
http_req_duration,1780771148,6656.045400,,,,true,,GET,PublicCatalog,HTTP/1.1,default,,200,,,PublicCatalog,,
http_req_blocked,1780771148,0.000000,,,,true,,GET,PublicCatalog,HTTP/1.1,default,,200,,,PublicCatalog,,
http_req_connecting,1780771148,0.000000,,,,true,,GET,PublicCatalog,HTTP/1.1,default,,200,,,PublicCatalog,,
http_req_tls_handshaking,1780771148,0.000000,,,,true,,GET,PublicCatalog,HTTP/1.1,default,,200,,,PublicCatalog,,
http_req_sending,1780771148,0.000000,,,,true,,GET,PublicCatalog,HTTP/1.1,default,,200,,,PublicCatalog,,
http_req_waiting,1780771148,6655.354900,,,,true,,GET,PublicCatalog,HTTP/1.1,default,,200,,,PublicCatalog,,
http_req_receiving,1780771148,0.690500,,,,true,,GET,PublicCatalog,HTTP/1.1,default,,200,,,PublicCatalog,,
http_req_failed,1780771148,0.000000,,,,true,,GET,PublicCatalog,HTTP/1.1,default,,200,,,PublicCatalog,,
checks,1780771148,1.000000,Catalog page status is 200,,,,,,,,default,,,,,,,
vus,1780771148,23.000000,,,,,,,,,,,,,,,,
vus_max,1780771148,50.000000,,,,,,,,,,,,,,,,
data_sent,1780771148,264.000000,,,,,,,,,default,,,,,,,
data_received,1780771148,110208.000000,,,,,,,,,default,,,,,,,
iteration_duration,1780771148,33753.609000,,,,,,,,,default,,,,,,,
iterations,1780771148,1.000000,,,,,,,,,default,,,,,,,
data_sent,1780771148,264.000000,,,,,,,,,default,,,,,,,
data_received,1780771148,111325.000000,,,,,,,,,default,,,,,,,
iteration_duration,1780771148,34167.519800,,,,,,,,,default,,,,,,,
iterations,1780771148,1.000000,,,,,,,,,default,,,,,,,
data_sent,1780771148,264.000000,,,,,,,,,default,,,,,,,
data_received,1780771148,111026.000000,,,,,,,,,default,,,,,,,
iteration_duration,1780771148,33525.336000,,,,,,,,,default,,,,,,,
iterations,1780771148,1.000000,,,,,,,,,default,,,,,,,
http_reqs,1780771148,1.000000,,,,true,,GET,LandingPage,HTTP/1.1,default,,200,,,LandingPage,,
http_req_duration,1780771148,1845.095900,,,,true,,GET,LandingPage,HTTP/1.1,default,,200,,,LandingPage,,
http_req_blocked,1780771148,0.000000,,,,true,,GET,LandingPage,HTTP/1.1,default,,200,,,LandingPage,,
http_req_connecting,1780771148,0.000000,,,,true,,GET,LandingPage,HTTP/1.1,default,,200,,,LandingPage,,
http_req_tls_handshaking,1780771148,0.000000,,,,true,,GET,LandingPage,HTTP/1.1,default,,200,,,LandingPage,,
http_req_sending,1780771148,0.000000,,,,true,,GET,LandingPage,HTTP/1.1,default,,200,,,LandingPage,,
http_req_waiting,1780771148,1844.064700,,,,true,,GET,LandingPage,HTTP/1.1,default,,200,,,LandingPage,,
http_req_receiving,1780771148,1.031200,,,,true,,GET,LandingPage,HTTP/1.1,default,,200,,,LandingPage,,
http_req_failed,1780771148,0.000000,,,,true,,GET,LandingPage,HTTP/1.1,default,,200,,,LandingPage,,
checks,1780771148,1.000000,Home page status is 200,,,,,,,,default,,,,,,,
data_sent,1780771148,264.000000,,,,,,,,,default,,,,,,,
data_received,1780771148,110476.000000,,,,,,,,,default,,,,,,,
iteration_duration,1780771148,33852.668600,,,,,,,,,default,,,,,,,
iterations,1780771148,1.000000,,,,,,,,,default,,,,,,,
data_sent,1780771149,264.000000,,,,,,,,,default,,,,,,,
data_received,1780771149,110651.000000,,,,,,,,,default,,,,,,,
iteration_duration,1780771149,32841.854800,,,,,,,,,default,,,,,,,
iterations,1780771149,1.000000,,,,,,,,,default,,,,,,,
http_reqs,1780771149,1.000000,,,,true,,GET,LandingPage,HTTP/1.1,default,,200,,,LandingPage,,
http_req_duration,1780771149,1071.042700,,,,true,,GET,LandingPage,HTTP/1.1,default,,200,,,LandingPage,,
http_req_blocked,1780771149,0.000000,,,,true,,GET,LandingPage,HTTP/1.1,default,,200,,,LandingPage,,
http_req_connecting,1780771149,0.000000,,,,true,,GET,LandingPage,HTTP/1.1,default,,200,,,LandingPage,,
http_req_tls_handshaking,1780771149,0.000000,,,,true,,GET,LandingPage,HTTP/1.1,default,,200,,,LandingPage,,
http_req_sending,1780771149,0.000000,,,,true,,GET,LandingPage,HTTP/1.1,default,,200,,,LandingPage,,
http_req_waiting,1780771149,1069.525000,,,,true,,GET,LandingPage,HTTP/1.1,default,,200,,,LandingPage,,
http_req_receiving,1780771149,1.517700,,,,true,,GET,LandingPage,HTTP/1.1,default,,200,,,LandingPage,,
http_req_failed,1780771149,0.000000,,,,true,,GET,LandingPage,HTTP/1.1,default,,200,,,LandingPage,,
checks,1780771149,1.000000,Home page status is 200,,,,,,,,default,,,,,,,
data_sent,1780771149,264.000000,,,,,,,,,default,,,,,,,
data_received,1780771149,110486.000000,,,,,,,,,default,,,,,,,
iteration_duration,1780771149,33180.596500,,,,,,,,,default,,,,,,,
iterations,1780771149,1.000000,,,,,,,,,default,,,,,,,
http_reqs,1780771149,1.000000,,,,true,,GET,BookDetailsJoin,HTTP/1.1,default,,200,,,BookDetailsJoin,,
http_req_duration,1780771149,2783.105300,,,,true,,GET,BookDetailsJoin,HTTP/1.1,default,,200,,,BookDetailsJoin,,
http_req_blocked,1780771149,0.000000,,,,true,,GET,BookDetailsJoin,HTTP/1.1,default,,200,,,BookDetailsJoin,,
http_req_connecting,1780771149,0.000000,,,,true,,GET,BookDetailsJoin,HTTP/1.1,default,,200,,,BookDetailsJoin,,
http_req_tls_handshaking,1780771149,0.000000,,,,true,,GET,BookDetailsJoin,HTTP/1.1,default,,200,,,BookDetailsJoin,,
http_req_sending,1780771149,0.000000,,,,true,,GET,BookDetailsJoin,HTTP/1.1,default,,200,,,BookDetailsJoin,,
http_req_waiting,1780771149,2782.735800,,,,true,,GET,BookDetailsJoin,HTTP/1.1,default,,200,,,BookDetailsJoin,,
http_req_receiving,1780771149,0.369500,,,,true,,GET,BookDetailsJoin,HTTP/1.1,default,,200,,,BookDetailsJoin,,
http_req_failed,1780771149,0.000000,,,,true,,GET,BookDetailsJoin,HTTP/1.1,default,,200,,,BookDetailsJoin,,
checks,1780771149,1.000000,Book details status is 200,,,,,,,,default,,,,,,,
data_sent,1780771149,264.000000,,,,,,,,,default,,,,,,,
data_received,1780771149,110696.000000,,,,,,,,,default,,,,,,,
iteration_duration,1780771149,33560.687700,,,,,,,,,default,,,,,,,
iterations,1780771149,1.000000,,,,,,,,,default,,,,,,,
http_reqs,1780771149,1.000000,,,,true,,GET,PublicCatalog,HTTP/1.1,default,,200,,,PublicCatalog,,
http_req_duration,1780771149,7017.609200,,,,true,,GET,PublicCatalog,HTTP/1.1,default,,200,,,PublicCatalog,,
http_req_blocked,1780771149,0.000000,,,,true,,GET,PublicCatalog,HTTP/1.1,default,,200,,,PublicCatalog,,
http_req_connecting,1780771149,0.000000,,,,true,,GET,PublicCatalog,HTTP/1.1,default,,200,,,PublicCatalog,,
http_req_tls_handshaking,1780771149,0.000000,,,,true,,GET,PublicCatalog,HTTP/1.1,default,,200,,,PublicCatalog,,
http_req_sending,1780771149,0.000000,,,,true,,GET,PublicCatalog,HTTP/1.1,default,,200,,,PublicCatalog,,
http_req_waiting,1780771149,7010.868200,,,,true,,GET,PublicCatalog,HTTP/1.1,default,,200,,,PublicCatalog,,
http_req_receiving,1780771149,6.741000,,,,true,,GET,PublicCatalog,HTTP/1.1,default,,200,,,PublicCatalog,,
http_req_failed,1780771149,0.000000,,,,true,,GET,PublicCatalog,HTTP/1.1,default,,200,,,PublicCatalog,,
checks,1780771149,1.000000,Catalog page status is 200,,,,,,,,default,,,,,,,
vus,1780771149,17.000000,,,,,,,,,,,,,,,,
vus_max,1780771149,50.000000,,,,,,,,,,,,,,,,
data_sent,1780771149,264.000000,,,,,,,,,default,,,,,,,
data_received,1780771149,110230.000000,,,,,,,,,default,,,,,,,
iteration_duration,1780771149,35773.584000,,,,,,,,,default,,,,,,,
iterations,1780771149,1.000000,,,,,,,,,default,,,,,,,
http_reqs,1780771149,1.000000,,,,true,,GET,LandingPage,HTTP/1.1,default,,200,,,LandingPage,,
http_req_duration,1780771149,1414.702100,,,,true,,GET,LandingPage,HTTP/1.1,default,,200,,,LandingPage,,
http_req_blocked,1780771149,0.000000,,,,true,,GET,LandingPage,HTTP/1.1,default,,200,,,LandingPage,,
http_req_connecting,1780771149,0.000000,,,,true,,GET,LandingPage,HTTP/1.1,default,,200,,,LandingPage,,
http_req_tls_handshaking,1780771149,0.000000,,,,true,,GET,LandingPage,HTTP/1.1,default,,200,,,LandingPage,,
http_req_sending,1780771149,0.000000,,,,true,,GET,LandingPage,HTTP/1.1,default,,200,,,LandingPage,,
http_req_waiting,1780771149,1413.925200,,,,true,,GET,LandingPage,HTTP/1.1,default,,200,,,LandingPage,,
http_req_receiving,1780771149,0.776900,,,,true,,GET,LandingPage,HTTP/1.1,default,,200,,,LandingPage,,
http_req_failed,1780771149,0.000000,,,,true,,GET,LandingPage,HTTP/1.1,default,,200,,,LandingPage,,
checks,1780771149,1.000000,Home page status is 200,,,,,,,,default,,,,,,,
http_reqs,1780771149,1.000000,,,,true,,GET,LandingPage,HTTP/1.1,default,,200,,,LandingPage,,
http_req_duration,1780771149,865.586600,,,,true,,GET,LandingPage,HTTP/1.1,default,,200,,,LandingPage,,
http_req_blocked,1780771149,0.000000,,,,true,,GET,LandingPage,HTTP/1.1,default,,200,,,LandingPage,,
http_req_connecting,1780771149,0.000000,,,,true,,GET,LandingPage,HTTP/1.1,default,,200,,,LandingPage,,
http_req_tls_handshaking,1780771149,0.000000,,,,true,,GET,LandingPage,HTTP/1.1,default,,200,,,LandingPage,,
http_req_sending,1780771149,0.000000,,,,true,,GET,LandingPage,HTTP/1.1,default,,200,,,LandingPage,,
http_req_waiting,1780771149,864.710100,,,,true,,GET,LandingPage,HTTP/1.1,default,,200,,,LandingPage,,
http_req_receiving,1780771149,0.876500,,,,true,,GET,LandingPage,HTTP/1.1,default,,200,,,LandingPage,,
http_req_failed,1780771149,0.000000,,,,true,,GET,LandingPage,HTTP/1.1,default,,200,,,LandingPage,,
checks,1780771149,1.000000,Home page status is 200,,,,,,,,default,,,,,,,
http_reqs,1780771150,1.000000,,,,true,,GET,BookDetailsJoin,HTTP/1.1,default,,200,,,BookDetailsJoin,,
http_req_duration,1780771150,1216.322200,,,,true,,GET,BookDetailsJoin,HTTP/1.1,default,,200,,,BookDetailsJoin,,
http_req_blocked,1780771150,0.000000,,,,true,,GET,BookDetailsJoin,HTTP/1.1,default,,200,,,BookDetailsJoin,,
http_req_connecting,1780771150,0.000000,,,,true,,GET,BookDetailsJoin,HTTP/1.1,default,,200,,,BookDetailsJoin,,
http_req_tls_handshaking,1780771150,0.000000,,,,true,,GET,BookDetailsJoin,HTTP/1.1,default,,200,,,BookDetailsJoin,,
http_req_sending,1780771150,0.000000,,,,true,,GET,BookDetailsJoin,HTTP/1.1,default,,200,,,BookDetailsJoin,,
http_req_waiting,1780771150,1216.322200,,,,true,,GET,BookDetailsJoin,HTTP/1.1,default,,200,,,BookDetailsJoin,,
http_req_receiving,1780771150,0.000000,,,,true,,GET,BookDetailsJoin,HTTP/1.1,default,,200,,,BookDetailsJoin,,
http_req_failed,1780771150,0.000000,,,,true,,GET,BookDetailsJoin,HTTP/1.1,default,,200,,,BookDetailsJoin,,
checks,1780771150,1.000000,Book details status is 200,,,,,,,,default,,,,,,,
data_sent,1780771150,264.000000,,,,,,,,,default,,,,,,,
data_received,1780771150,110484.000000,,,,,,,,,default,,,,,,,
iteration_duration,1780771150,33213.261800,,,,,,,,,default,,,,,,,
iterations,1780771150,1.000000,,,,,,,,,default,,,,,,,
data_sent,1780771150,264.000000,,,,,,,,,default,,,,,,,
data_received,1780771150,111096.000000,,,,,,,,,default,,,,,,,
iteration_duration,1780771150,33874.920400,,,,,,,,,default,,,,,,,
iterations,1780771150,1.000000,,,,,,,,,default,,,,,,,
vus,1780771150,14.000000,,,,,,,,,,,,,,,,
vus_max,1780771150,50.000000,,,,,,,,,,,,,,,,
data_sent,1780771150,264.000000,,,,,,,,,default,,,,,,,
data_received,1780771150,110663.000000,,,,,,,,,default,,,,,,,
iteration_duration,1780771150,33216.823300,,,,,,,,,default,,,,,,,
iterations,1780771150,1.000000,,,,,,,,,default,,,,,,,
data_sent,1780771150,264.000000,,,,,,,,,default,,,,,,,
data_received,1780771150,110757.000000,,,,,,,,,default,,,,,,,
iteration_duration,1780771150,35068.891300,,,,,,,,,default,,,,,,,
iterations,1780771150,1.000000,,,,,,,,,default,,,,,,,
data_sent,1780771150,264.000000,,,,,,,,,default,,,,,,,
data_received,1780771150,110896.000000,,,,,,,,,default,,,,,,,
iteration_duration,1780771150,30004.779900,,,,,,,,,default,,,,,,,
iterations,1780771150,1.000000,,,,,,,,,default,,,,,,,
data_sent,1780771151,264.000000,,,,,,,,,default,,,,,,,
data_received,1780771151,110382.000000,,,,,,,,,default,,,,,,,
iteration_duration,1780771151,30366.292800,,,,,,,,,default,,,,,,,
iterations,1780771151,1.000000,,,,,,,,,default,,,,,,,
http_reqs,1780771151,1.000000,,,,true,,GET,PublicCatalog,HTTP/1.1,default,,200,,,PublicCatalog,,
http_req_duration,1780771151,8076.919500,,,,true,,GET,PublicCatalog,HTTP/1.1,default,,200,,,PublicCatalog,,
http_req_blocked,1780771151,0.000000,,,,true,,GET,PublicCatalog,HTTP/1.1,default,,200,,,PublicCatalog,,
http_req_connecting,1780771151,0.000000,,,,true,,GET,PublicCatalog,HTTP/1.1,default,,200,,,PublicCatalog,,
http_req_tls_handshaking,1780771151,0.000000,,,,true,,GET,PublicCatalog,HTTP/1.1,default,,200,,,PublicCatalog,,
http_req_sending,1780771151,0.000000,,,,true,,GET,PublicCatalog,HTTP/1.1,default,,200,,,PublicCatalog,,
http_req_waiting,1780771151,8075.858400,,,,true,,GET,PublicCatalog,HTTP/1.1,default,,200,,,PublicCatalog,,
http_req_receiving,1780771151,1.061100,,,,true,,GET,PublicCatalog,HTTP/1.1,default,,200,,,PublicCatalog,,
http_req_failed,1780771151,0.000000,,,,true,,GET,PublicCatalog,HTTP/1.1,default,,200,,,PublicCatalog,,
checks,1780771151,1.000000,Catalog page status is 200,,,,,,,,default,,,,,,,
vus,1780771151,11.000000,,,,,,,,,,,,,,,,
vus_max,1780771151,50.000000,,,,,,,,,,,,,,,,
http_reqs,1780771151,1.000000,,,,true,,GET,PublicCatalog,HTTP/1.1,default,,200,,,PublicCatalog,,
http_req_duration,1780771151,8658.059800,,,,true,,GET,PublicCatalog,HTTP/1.1,default,,200,,,PublicCatalog,,
http_req_blocked,1780771151,0.000000,,,,true,,GET,PublicCatalog,HTTP/1.1,default,,200,,,PublicCatalog,,
http_req_connecting,1780771151,0.000000,,,,true,,GET,PublicCatalog,HTTP/1.1,default,,200,,,PublicCatalog,,
http_req_tls_handshaking,1780771151,0.000000,,,,true,,GET,PublicCatalog,HTTP/1.1,default,,200,,,PublicCatalog,,
http_req_sending,1780771151,0.644300,,,,true,,GET,PublicCatalog,HTTP/1.1,default,,200,,,PublicCatalog,,
http_req_waiting,1780771151,8654.457500,,,,true,,GET,PublicCatalog,HTTP/1.1,default,,200,,,PublicCatalog,,
http_req_receiving,1780771151,2.958000,,,,true,,GET,PublicCatalog,HTTP/1.1,default,,200,,,PublicCatalog,,
http_req_failed,1780771151,0.000000,,,,true,,GET,PublicCatalog,HTTP/1.1,default,,200,,,PublicCatalog,,
checks,1780771151,1.000000,Catalog page status is 200,,,,,,,,default,,,,,,,
http_reqs,1780771151,1.000000,,,,true,,GET,PublicCatalog,HTTP/1.1,default,,200,,,PublicCatalog,,
http_req_duration,1780771151,2128.923300,,,,true,,GET,PublicCatalog,HTTP/1.1,default,,200,,,PublicCatalog,,
http_req_blocked,1780771151,0.000000,,,,true,,GET,PublicCatalog,HTTP/1.1,default,,200,,,PublicCatalog,,
http_req_connecting,1780771151,0.000000,,,,true,,GET,PublicCatalog,HTTP/1.1,default,,200,,,PublicCatalog,,
http_req_tls_handshaking,1780771151,0.000000,,,,true,,GET,PublicCatalog,HTTP/1.1,default,,200,,,PublicCatalog,,
http_req_sending,1780771151,0.000000,,,,true,,GET,PublicCatalog,HTTP/1.1,default,,200,,,PublicCatalog,,
http_req_waiting,1780771151,2122.381200,,,,true,,GET,PublicCatalog,HTTP/1.1,default,,200,,,PublicCatalog,,
http_req_receiving,1780771151,6.542100,,,,true,,GET,PublicCatalog,HTTP/1.1,default,,200,,,PublicCatalog,,
http_req_failed,1780771151,0.000000,,,,true,,GET,PublicCatalog,HTTP/1.1,default,,200,,,PublicCatalog,,
checks,1780771151,1.000000,Catalog page status is 200,,,,,,,,default,,,,,,,
http_reqs,1780771152,1.000000,,,,true,,GET,PublicCatalog,HTTP/1.1,default,,200,,,PublicCatalog,,
http_req_duration,1780771152,1978.779500,,,,true,,GET,PublicCatalog,HTTP/1.1,default,,200,,,PublicCatalog,,
http_req_blocked,1780771152,0.000000,,,,true,,GET,PublicCatalog,HTTP/1.1,default,,200,,,PublicCatalog,,
http_req_connecting,1780771152,0.000000,,,,true,,GET,PublicCatalog,HTTP/1.1,default,,200,,,PublicCatalog,,
http_req_tls_handshaking,1780771152,0.000000,,,,true,,GET,PublicCatalog,HTTP/1.1,default,,200,,,PublicCatalog,,
http_req_sending,1780771152,0.000000,,,,true,,GET,PublicCatalog,HTTP/1.1,default,,200,,,PublicCatalog,,
http_req_waiting,1780771152,1964.169400,,,,true,,GET,PublicCatalog,HTTP/1.1,default,,200,,,PublicCatalog,,
http_req_receiving,1780771152,14.610100,,,,true,,GET,PublicCatalog,HTTP/1.1,default,,200,,,PublicCatalog,,
http_req_failed,1780771152,0.000000,,,,true,,GET,PublicCatalog,HTTP/1.1,default,,200,,,PublicCatalog,,
checks,1780771152,1.000000,Catalog page status is 200,,,,,,,,default,,,,,,,
data_sent,1780771152,264.000000,,,,,,,,,default,,,,,,,
data_received,1780771152,109940.000000,,,,,,,,,default,,,,,,,
iteration_duration,1780771152,34580.457700,,,,,,,,,default,,,,,,,
iterations,1780771152,1.000000,,,,,,,,,default,,,,,,,
http_reqs,1780771152,1.000000,,,,true,,GET,BookDetailsJoin,HTTP/1.1,default,,200,,,BookDetailsJoin,,
http_req_duration,1780771152,1913.860900,,,,true,,GET,BookDetailsJoin,HTTP/1.1,default,,200,,,BookDetailsJoin,,
http_req_blocked,1780771152,0.000000,,,,true,,GET,BookDetailsJoin,HTTP/1.1,default,,200,,,BookDetailsJoin,,
http_req_connecting,1780771152,0.000000,,,,true,,GET,BookDetailsJoin,HTTP/1.1,default,,200,,,BookDetailsJoin,,
http_req_tls_handshaking,1780771152,0.000000,,,,true,,GET,BookDetailsJoin,HTTP/1.1,default,,200,,,BookDetailsJoin,,
http_req_sending,1780771152,0.000000,,,,true,,GET,BookDetailsJoin,HTTP/1.1,default,,200,,,BookDetailsJoin,,
http_req_waiting,1780771152,1913.860900,,,,true,,GET,BookDetailsJoin,HTTP/1.1,default,,200,,,BookDetailsJoin,,
http_req_receiving,1780771152,0.000000,,,,true,,GET,BookDetailsJoin,HTTP/1.1,default,,200,,,BookDetailsJoin,,
http_req_failed,1780771152,0.000000,,,,true,,GET,BookDetailsJoin,HTTP/1.1,default,,200,,,BookDetailsJoin,,
checks,1780771152,1.000000,Book details status is 200,,,,,,,,default,,,,,,,
vus,1780771152,10.000000,,,,,,,,,,,,,,,,
vus_max,1780771152,50.000000,,,,,,,,,,,,,,,,
http_reqs,1780771152,1.000000,,,,true,,GET,LandingPage,HTTP/1.1,default,,200,,,LandingPage,,
http_req_duration,1780771152,1610.671600,,,,true,,GET,LandingPage,HTTP/1.1,default,,200,,,LandingPage,,
http_req_blocked,1780771152,0.000000,,,,true,,GET,LandingPage,HTTP/1.1,default,,200,,,LandingPage,,
http_req_connecting,1780771152,0.000000,,,,true,,GET,LandingPage,HTTP/1.1,default,,200,,,LandingPage,,
http_req_tls_handshaking,1780771152,0.000000,,,,true,,GET,LandingPage,HTTP/1.1,default,,200,,,LandingPage,,
http_req_sending,1780771152,0.000000,,,,true,,GET,LandingPage,HTTP/1.1,default,,200,,,LandingPage,,
http_req_waiting,1780771152,1610.221300,,,,true,,GET,LandingPage,HTTP/1.1,default,,200,,,LandingPage,,
http_req_receiving,1780771152,0.450300,,,,true,,GET,LandingPage,HTTP/1.1,default,,200,,,LandingPage,,
http_req_failed,1780771152,0.000000,,,,true,,GET,LandingPage,HTTP/1.1,default,,200,,,LandingPage,,
checks,1780771152,1.000000,Home page status is 200,,,,,,,,default,,,,,,,
http_reqs,1780771152,1.000000,,,,true,,GET,PublicCatalog,HTTP/1.1,default,,200,,,PublicCatalog,,
http_req_duration,1780771152,2197.047300,,,,true,,GET,PublicCatalog,HTTP/1.1,default,,200,,,PublicCatalog,,
http_req_blocked,1780771152,0.000000,,,,true,,GET,PublicCatalog,HTTP/1.1,default,,200,,,PublicCatalog,,
http_req_connecting,1780771152,0.000000,,,,true,,GET,PublicCatalog,HTTP/1.1,default,,200,,,PublicCatalog,,
http_req_tls_handshaking,1780771152,0.000000,,,,true,,GET,PublicCatalog,HTTP/1.1,default,,200,,,PublicCatalog,,
http_req_sending,1780771152,0.000000,,,,true,,GET,PublicCatalog,HTTP/1.1,default,,200,,,PublicCatalog,,
http_req_waiting,1780771152,2197.047300,,,,true,,GET,PublicCatalog,HTTP/1.1,default,,200,,,PublicCatalog,,
http_req_receiving,1780771152,0.000000,,,,true,,GET,PublicCatalog,HTTP/1.1,default,,200,,,PublicCatalog,,
http_req_failed,1780771152,0.000000,,,,true,,GET,PublicCatalog,HTTP/1.1,default,,200,,,PublicCatalog,,
checks,1780771152,1.000000,Catalog page status is 200,,,,,,,,default,,,,,,,
http_reqs,1780771153,1.000000,,,,true,,GET,PublicCatalog,HTTP/1.1,default,,200,,,PublicCatalog,,
http_req_duration,1780771153,2154.433300,,,,true,,GET,PublicCatalog,HTTP/1.1,default,,200,,,PublicCatalog,,
http_req_blocked,1780771153,0.000000,,,,true,,GET,PublicCatalog,HTTP/1.1,default,,200,,,PublicCatalog,,
http_req_connecting,1780771153,0.000000,,,,true,,GET,PublicCatalog,HTTP/1.1,default,,200,,,PublicCatalog,,
http_req_tls_handshaking,1780771153,0.000000,,,,true,,GET,PublicCatalog,HTTP/1.1,default,,200,,,PublicCatalog,,
http_req_sending,1780771153,0.000000,,,,true,,GET,PublicCatalog,HTTP/1.1,default,,200,,,PublicCatalog,,
http_req_waiting,1780771153,2154.433300,,,,true,,GET,PublicCatalog,HTTP/1.1,default,,200,,,PublicCatalog,,
http_req_receiving,1780771153,0.000000,,,,true,,GET,PublicCatalog,HTTP/1.1,default,,200,,,PublicCatalog,,
http_req_failed,1780771153,0.000000,,,,true,,GET,PublicCatalog,HTTP/1.1,default,,200,,,PublicCatalog,,
checks,1780771153,1.000000,Catalog page status is 200,,,,,,,,default,,,,,,,
http_reqs,1780771153,1.000000,,,,true,,GET,BookDetailsJoin,HTTP/1.1,default,,200,,,BookDetailsJoin,,
http_req_duration,1780771153,1745.206100,,,,true,,GET,BookDetailsJoin,HTTP/1.1,default,,200,,,BookDetailsJoin,,
http_req_blocked,1780771153,0.000000,,,,true,,GET,BookDetailsJoin,HTTP/1.1,default,,200,,,BookDetailsJoin,,
http_req_connecting,1780771153,0.000000,,,,true,,GET,BookDetailsJoin,HTTP/1.1,default,,200,,,BookDetailsJoin,,
http_req_tls_handshaking,1780771153,0.000000,,,,true,,GET,BookDetailsJoin,HTTP/1.1,default,,200,,,BookDetailsJoin,,
http_req_sending,1780771153,0.000000,,,,true,,GET,BookDetailsJoin,HTTP/1.1,default,,200,,,BookDetailsJoin,,
http_req_waiting,1780771153,1744.476800,,,,true,,GET,BookDetailsJoin,HTTP/1.1,default,,200,,,BookDetailsJoin,,
http_req_receiving,1780771153,0.729300,,,,true,,GET,BookDetailsJoin,HTTP/1.1,default,,200,,,BookDetailsJoin,,
http_req_failed,1780771153,0.000000,,,,true,,GET,BookDetailsJoin,HTTP/1.1,default,,200,,,BookDetailsJoin,,
checks,1780771153,1.000000,Book details status is 200,,,,,,,,default,,,,,,,
data_sent,1780771153,264.000000,,,,,,,,,default,,,,,,,
data_received,1780771153,110681.000000,,,,,,,,,default,,,,,,,
iteration_duration,1780771153,24123.944600,,,,,,,,,default,,,,,,,
iterations,1780771153,1.000000,,,,,,,,,default,,,,,,,
http_reqs,1780771153,1.000000,,,,true,,GET,LandingPage,HTTP/1.1,default,,200,,,LandingPage,,
http_req_duration,1780771153,375.568000,,,,true,,GET,LandingPage,HTTP/1.1,default,,200,,,LandingPage,,
http_req_blocked,1780771153,0.000000,,,,true,,GET,LandingPage,HTTP/1.1,default,,200,,,LandingPage,,
http_req_connecting,1780771153,0.000000,,,,true,,GET,LandingPage,HTTP/1.1,default,,200,,,LandingPage,,
http_req_tls_handshaking,1780771153,0.000000,,,,true,,GET,LandingPage,HTTP/1.1,default,,200,,,LandingPage,,
http_req_sending,1780771153,0.000000,,,,true,,GET,LandingPage,HTTP/1.1,default,,200,,,LandingPage,,
http_req_waiting,1780771153,375.266400,,,,true,,GET,LandingPage,HTTP/1.1,default,,200,,,LandingPage,,
http_req_receiving,1780771153,0.301600,,,,true,,GET,LandingPage,HTTP/1.1,default,,200,,,LandingPage,,
http_req_failed,1780771153,0.000000,,,,true,,GET,LandingPage,HTTP/1.1,default,,200,,,LandingPage,,
checks,1780771153,1.000000,Home page status is 200,,,,,,,,default,,,,,,,
vus,1780771153,10.000000,,,,,,,,,,,,,,,,
vus_max,1780771153,50.000000,,,,,,,,,,,,,,,,
http_reqs,1780771153,1.000000,,,,true,,GET,BookDetailsJoin,HTTP/1.1,default,,200,,,BookDetailsJoin,,
http_req_duration,1780771153,101.875700,,,,true,,GET,BookDetailsJoin,HTTP/1.1,default,,200,,,BookDetailsJoin,,
http_req_blocked,1780771153,0.000000,,,,true,,GET,BookDetailsJoin,HTTP/1.1,default,,200,,,BookDetailsJoin,,
http_req_connecting,1780771153,0.000000,,,,true,,GET,BookDetailsJoin,HTTP/1.1,default,,200,,,BookDetailsJoin,,
http_req_tls_handshaking,1780771153,0.000000,,,,true,,GET,BookDetailsJoin,HTTP/1.1,default,,200,,,BookDetailsJoin,,
http_req_sending,1780771153,0.000000,,,,true,,GET,BookDetailsJoin,HTTP/1.1,default,,200,,,BookDetailsJoin,,
http_req_waiting,1780771153,98.386600,,,,true,,GET,BookDetailsJoin,HTTP/1.1,default,,200,,,BookDetailsJoin,,
http_req_receiving,1780771153,3.489100,,,,true,,GET,BookDetailsJoin,HTTP/1.1,default,,200,,,BookDetailsJoin,,
http_req_failed,1780771153,0.000000,,,,true,,GET,BookDetailsJoin,HTTP/1.1,default,,200,,,BookDetailsJoin,,
checks,1780771153,1.000000,Book details status is 200,,,,,,,,default,,,,,,,
http_reqs,1780771153,1.000000,,,,true,,GET,BookDetailsJoin,HTTP/1.1,default,,200,,,BookDetailsJoin,,
http_req_duration,1780771153,101.478600,,,,true,,GET,BookDetailsJoin,HTTP/1.1,default,,200,,,BookDetailsJoin,,
http_req_blocked,1780771153,0.000000,,,,true,,GET,BookDetailsJoin,HTTP/1.1,default,,200,,,BookDetailsJoin,,
http_req_connecting,1780771153,0.000000,,,,true,,GET,BookDetailsJoin,HTTP/1.1,default,,200,,,BookDetailsJoin,,
http_req_tls_handshaking,1780771153,0.000000,,,,true,,GET,BookDetailsJoin,HTTP/1.1,default,,200,,,BookDetailsJoin,,
http_req_sending,1780771153,0.000000,,,,true,,GET,BookDetailsJoin,HTTP/1.1,default,,200,,,BookDetailsJoin,,
http_req_waiting,1780771153,94.401700,,,,true,,GET,BookDetailsJoin,HTTP/1.1,default,,200,,,BookDetailsJoin,,
http_req_receiving,1780771153,7.076900,,,,true,,GET,BookDetailsJoin,HTTP/1.1,default,,200,,,BookDetailsJoin,,
http_req_failed,1780771153,0.000000,,,,true,,GET,BookDetailsJoin,HTTP/1.1,default,,200,,,BookDetailsJoin,,
checks,1780771153,1.000000,Book details status is 200,,,,,,,,default,,,,,,,
http_reqs,1780771154,1.000000,,,,true,,GET,BookDetailsJoin,HTTP/1.1,default,,200,,,BookDetailsJoin,,
http_req_duration,1780771154,289.123400,,,,true,,GET,BookDetailsJoin,HTTP/1.1,default,,200,,,BookDetailsJoin,,
http_req_blocked,1780771154,0.000000,,,,true,,GET,BookDetailsJoin,HTTP/1.1,default,,200,,,BookDetailsJoin,,
http_req_connecting,1780771154,0.000000,,,,true,,GET,BookDetailsJoin,HTTP/1.1,default,,200,,,BookDetailsJoin,,
http_req_tls_handshaking,1780771154,0.000000,,,,true,,GET,BookDetailsJoin,HTTP/1.1,default,,200,,,BookDetailsJoin,,
http_req_sending,1780771154,0.000000,,,,true,,GET,BookDetailsJoin,HTTP/1.1,default,,200,,,BookDetailsJoin,,
http_req_waiting,1780771154,288.138600,,,,true,,GET,BookDetailsJoin,HTTP/1.1,default,,200,,,BookDetailsJoin,,
http_req_receiving,1780771154,0.984800,,,,true,,GET,BookDetailsJoin,HTTP/1.1,default,,200,,,BookDetailsJoin,,
http_req_failed,1780771154,0.000000,,,,true,,GET,BookDetailsJoin,HTTP/1.1,default,,200,,,BookDetailsJoin,,
checks,1780771154,1.000000,Book details status is 200,,,,,,,,default,,,,,,,
http_reqs,1780771154,1.000000,,,,true,,GET,PublicCatalog,HTTP/1.1,default,,200,,,PublicCatalog,,
http_req_duration,1780771154,805.981200,,,,true,,GET,PublicCatalog,HTTP/1.1,default,,200,,,PublicCatalog,,
http_req_blocked,1780771154,0.000000,,,,true,,GET,PublicCatalog,HTTP/1.1,default,,200,,,PublicCatalog,,
http_req_connecting,1780771154,0.000000,,,,true,,GET,PublicCatalog,HTTP/1.1,default,,200,,,PublicCatalog,,
http_req_tls_handshaking,1780771154,0.000000,,,,true,,GET,PublicCatalog,HTTP/1.1,default,,200,,,PublicCatalog,,
http_req_sending,1780771154,0.000000,,,,true,,GET,PublicCatalog,HTTP/1.1,default,,200,,,PublicCatalog,,
http_req_waiting,1780771154,804.762900,,,,true,,GET,PublicCatalog,HTTP/1.1,default,,200,,,PublicCatalog,,
http_req_receiving,1780771154,1.218300,,,,true,,GET,PublicCatalog,HTTP/1.1,default,,200,,,PublicCatalog,,
http_req_failed,1780771154,0.000000,,,,true,,GET,PublicCatalog,HTTP/1.1,default,,200,,,PublicCatalog,,
checks,1780771154,1.000000,Catalog page status is 200,,,,,,,,default,,,,,,,
vus,1780771154,10.000000,,,,,,,,,,,,,,,,
vus_max,1780771154,50.000000,,,,,,,,,,,,,,,,
http_reqs,1780771154,1.000000,,,,true,,GET,BookDetailsJoin,HTTP/1.1,default,,200,,,BookDetailsJoin,,
http_req_duration,1780771154,729.675900,,,,true,,GET,BookDetailsJoin,HTTP/1.1,default,,200,,,BookDetailsJoin,,
http_req_blocked,1780771154,0.000000,,,,true,,GET,BookDetailsJoin,HTTP/1.1,default,,200,,,BookDetailsJoin,,
http_req_connecting,1780771154,0.000000,,,,true,,GET,BookDetailsJoin,HTTP/1.1,default,,200,,,BookDetailsJoin,,
http_req_tls_handshaking,1780771154,0.000000,,,,true,,GET,BookDetailsJoin,HTTP/1.1,default,,200,,,BookDetailsJoin,,
http_req_sending,1780771154,0.000000,,,,true,,GET,BookDetailsJoin,HTTP/1.1,default,,200,,,BookDetailsJoin,,
http_req_waiting,1780771154,729.675900,,,,true,,GET,BookDetailsJoin,HTTP/1.1,default,,200,,,BookDetailsJoin,,
http_req_receiving,1780771154,0.000000,,,,true,,GET,BookDetailsJoin,HTTP/1.1,default,,200,,,BookDetailsJoin,,
http_req_failed,1780771154,0.000000,,,,true,,GET,BookDetailsJoin,HTTP/1.1,default,,200,,,BookDetailsJoin,,
checks,1780771154,1.000000,Book details status is 200,,,,,,,,default,,,,,,,
http_reqs,1780771155,1.000000,,,,true,,GET,BookDetailsJoin,HTTP/1.1,default,,200,,,BookDetailsJoin,,
http_req_duration,1780771155,182.551700,,,,true,,GET,BookDetailsJoin,HTTP/1.1,default,,200,,,BookDetailsJoin,,
http_req_blocked,1780771155,0.000000,,,,true,,GET,BookDetailsJoin,HTTP/1.1,default,,200,,,BookDetailsJoin,,
http_req_connecting,1780771155,0.000000,,,,true,,GET,BookDetailsJoin,HTTP/1.1,default,,200,,,BookDetailsJoin,,
http_req_tls_handshaking,1780771155,0.000000,,,,true,,GET,BookDetailsJoin,HTTP/1.1,default,,200,,,BookDetailsJoin,,
http_req_sending,1780771155,0.000000,,,,true,,GET,BookDetailsJoin,HTTP/1.1,default,,200,,,BookDetailsJoin,,
http_req_waiting,1780771155,176.552000,,,,true,,GET,BookDetailsJoin,HTTP/1.1,default,,200,,,BookDetailsJoin,,
http_req_receiving,1780771155,5.999700,,,,true,,GET,BookDetailsJoin,HTTP/1.1,default,,200,,,BookDetailsJoin,,
http_req_failed,1780771155,0.000000,,,,true,,GET,BookDetailsJoin,HTTP/1.1,default,,200,,,BookDetailsJoin,,
checks,1780771155,1.000000,Book details status is 200,,,,,,,,default,,,,,,,
http_reqs,1780771155,1.000000,,,,true,,GET,PublicCatalog,HTTP/1.1,default,,200,,,PublicCatalog,,
http_req_duration,1780771155,756.300500,,,,true,,GET,PublicCatalog,HTTP/1.1,default,,200,,,PublicCatalog,,
http_req_blocked,1780771155,0.000000,,,,true,,GET,PublicCatalog,HTTP/1.1,default,,200,,,PublicCatalog,,
http_req_connecting,1780771155,0.000000,,,,true,,GET,PublicCatalog,HTTP/1.1,default,,200,,,PublicCatalog,,
http_req_tls_handshaking,1780771155,0.000000,,,,true,,GET,PublicCatalog,HTTP/1.1,default,,200,,,PublicCatalog,,
http_req_sending,1780771155,0.000000,,,,true,,GET,PublicCatalog,HTTP/1.1,default,,200,,,PublicCatalog,,
http_req_waiting,1780771155,753.512400,,,,true,,GET,PublicCatalog,HTTP/1.1,default,,200,,,PublicCatalog,,
http_req_receiving,1780771155,2.788100,,,,true,,GET,PublicCatalog,HTTP/1.1,default,,200,,,PublicCatalog,,
http_req_failed,1780771155,0.000000,,,,true,,GET,PublicCatalog,HTTP/1.1,default,,200,,,PublicCatalog,,
checks,1780771155,1.000000,Catalog page status is 200,,,,,,,,default,,,,,,,
data_sent,1780771155,264.000000,,,,,,,,,default,,,,,,,
data_received,1780771155,109973.000000,,,,,,,,,default,,,,,,,
iteration_duration,1780771155,21259.409700,,,,,,,,,default,,,,,,,
iterations,1780771155,1.000000,,,,,,,,,default,,,,,,,
http_reqs,1780771155,1.000000,,,,true,,GET,BookDetailsJoin,HTTP/1.1,default,,200,,,BookDetailsJoin,,
http_req_duration,1780771155,382.579600,,,,true,,GET,BookDetailsJoin,HTTP/1.1,default,,200,,,BookDetailsJoin,,
http_req_blocked,1780771155,0.000000,,,,true,,GET,BookDetailsJoin,HTTP/1.1,default,,200,,,BookDetailsJoin,,
http_req_connecting,1780771155,0.000000,,,,true,,GET,BookDetailsJoin,HTTP/1.1,default,,200,,,BookDetailsJoin,,
http_req_tls_handshaking,1780771155,0.000000,,,,true,,GET,BookDetailsJoin,HTTP/1.1,default,,200,,,BookDetailsJoin,,
http_req_sending,1780771155,0.000000,,,,true,,GET,BookDetailsJoin,HTTP/1.1,default,,200,,,BookDetailsJoin,,
http_req_waiting,1780771155,382.060500,,,,true,,GET,BookDetailsJoin,HTTP/1.1,default,,200,,,BookDetailsJoin,,
http_req_receiving,1780771155,0.519100,,,,true,,GET,BookDetailsJoin,HTTP/1.1,default,,200,,,BookDetailsJoin,,
http_req_failed,1780771155,0.000000,,,,true,,GET,BookDetailsJoin,HTTP/1.1,default,,200,,,BookDetailsJoin,,
checks,1780771155,1.000000,Book details status is 200,,,,,,,,default,,,,,,,
vus,1780771155,9.000000,,,,,,,,,,,,,,,,
vus_max,1780771155,50.000000,,,,,,,,,,,,,,,,
data_sent,1780771156,264.000000,,,,,,,,,default,,,,,,,
data_received,1780771156,110200.000000,,,,,,,,,default,,,,,,,
iteration_duration,1780771156,21261.248900,,,,,,,,,default,,,,,,,
iterations,1780771156,1.000000,,,,,,,,,default,,,,,,,
vus,1780771156,8.000000,,,,,,,,,,,,,,,,
vus_max,1780771156,50.000000,,,,,,,,,,,,,,,,
http_reqs,1780771156,1.000000,,,,true,,GET,BookDetailsJoin,HTTP/1.1,default,,200,,,BookDetailsJoin,,
http_req_duration,1780771156,105.556100,,,,true,,GET,BookDetailsJoin,HTTP/1.1,default,,200,,,BookDetailsJoin,,
http_req_blocked,1780771156,0.000000,,,,true,,GET,BookDetailsJoin,HTTP/1.1,default,,200,,,BookDetailsJoin,,
http_req_connecting,1780771156,0.000000,,,,true,,GET,BookDetailsJoin,HTTP/1.1,default,,200,,,BookDetailsJoin,,
http_req_tls_handshaking,1780771156,0.000000,,,,true,,GET,BookDetailsJoin,HTTP/1.1,default,,200,,,BookDetailsJoin,,
http_req_sending,1780771156,0.000000,,,,true,,GET,BookDetailsJoin,HTTP/1.1,default,,200,,,BookDetailsJoin,,
http_req_waiting,1780771156,103.366600,,,,true,,GET,BookDetailsJoin,HTTP/1.1,default,,200,,,BookDetailsJoin,,
http_req_receiving,1780771156,2.189500,,,,true,,GET,BookDetailsJoin,HTTP/1.1,default,,200,,,BookDetailsJoin,,
http_req_failed,1780771156,0.000000,,,,true,,GET,BookDetailsJoin,HTTP/1.1,default,,200,,,BookDetailsJoin,,
checks,1780771156,1.000000,Book details status is 200,,,,,,,,default,,,,,,,
data_sent,1780771156,264.000000,,,,,,,,,default,,,,,,,
data_received,1780771156,110060.000000,,,,,,,,,default,,,,,,,
iteration_duration,1780771156,20028.350800,,,,,,,,,default,,,,,,,
iterations,1780771156,1.000000,,,,,,,,,default,,,,,,,
data_sent,1780771156,264.000000,,,,,,,,,default,,,,,,,
data_received,1780771156,110508.000000,,,,,,,,,default,,,,,,,
iteration_duration,1780771156,20772.356200,,,,,,,,,default,,,,,,,
iterations,1780771156,1.000000,,,,,,,,,default,,,,,,,
data_sent,1780771157,264.000000,,,,,,,,,default,,,,,,,
data_received,1780771157,110075.000000,,,,,,,,,default,,,,,,,
iteration_duration,1780771157,10266.560500,,,,,,,,,default,,,,,,,
iterations,1780771157,1.000000,,,,,,,,,default,,,,,,,
http_reqs,1780771157,1.000000,,,,true,,GET,BookDetailsJoin,HTTP/1.1,default,,200,,,BookDetailsJoin,,
http_req_duration,1780771157,93.673500,,,,true,,GET,BookDetailsJoin,HTTP/1.1,default,,200,,,BookDetailsJoin,,
http_req_blocked,1780771157,0.000000,,,,true,,GET,BookDetailsJoin,HTTP/1.1,default,,200,,,BookDetailsJoin,,
http_req_connecting,1780771157,0.000000,,,,true,,GET,BookDetailsJoin,HTTP/1.1,default,,200,,,BookDetailsJoin,,
http_req_tls_handshaking,1780771157,0.000000,,,,true,,GET,BookDetailsJoin,HTTP/1.1,default,,200,,,BookDetailsJoin,,
http_req_sending,1780771157,0.000000,,,,true,,GET,BookDetailsJoin,HTTP/1.1,default,,200,,,BookDetailsJoin,,
http_req_waiting,1780771157,90.604200,,,,true,,GET,BookDetailsJoin,HTTP/1.1,default,,200,,,BookDetailsJoin,,
http_req_receiving,1780771157,3.069300,,,,true,,GET,BookDetailsJoin,HTTP/1.1,default,,200,,,BookDetailsJoin,,
http_req_failed,1780771157,0.000000,,,,true,,GET,BookDetailsJoin,HTTP/1.1,default,,200,,,BookDetailsJoin,,
checks,1780771157,1.000000,Book details status is 200,,,,,,,,default,,,,,,,
vus,1780771157,5.000000,,,,,,,,,,,,,,,,
vus_max,1780771157,50.000000,,,,,,,,,,,,,,,,
data_sent,1780771157,264.000000,,,,,,,,,default,,,,,,,
data_received,1780771157,110339.000000,,,,,,,,,default,,,,,,,
iteration_duration,1780771157,9786.413500,,,,,,,,,default,,,,,,,
iterations,1780771157,1.000000,,,,,,,,,default,,,,,,,
data_sent,1780771158,264.000000,,,,,,,,,default,,,,,,,
data_received,1780771158,110791.000000,,,,,,,,,default,,,,,,,
iteration_duration,1780771158,9800.239600,,,,,,,,,default,,,,,,,
iterations,1780771158,1.000000,,,,,,,,,default,,,,,,,
data_sent,1780771158,264.000000,,,,,,,,,default,,,,,,,
data_received,1780771158,110794.000000,,,,,,,,,default,,,,,,,
iteration_duration,1780771158,9440.517400,,,,,,,,,default,,,,,,,
iterations,1780771158,1.000000,,,,,,,,,default,,,,,,,
vus,1780771158,2.000000,,,,,,,,,,,,,,,,
vus_max,1780771158,50.000000,,,,,,,,,,,,,,,,
vus,1780771159,2.000000,,,,,,,,,,,,,,,,
vus_max,1780771159,50.000000,,,,,,,,,,,,,,,,
data_sent,1780771159,264.000000,,,,,,,,,default,,,,,,,
data_received,1780771159,110819.000000,,,,,,,,,default,,,,,,,
iteration_duration,1780771159,8524.499700,,,,,,,,,default,,,,,,,
iterations,1780771159,1.000000,,,,,,,,,default,,,,,,,
data_sent,1780771160,264.000000,,,,,,,,,default,,,,,,,
data_received,1780771160,110827.000000,,,,,,,,,default,,,,,,,
iteration_duration,1780771160,7227.581700,,,,,,,,,default,,,,,,,
iterations,1780771160,1.000000,,,,,,,,,default,,,,,,,
